month,year,group_of_product,product,sub_product,line_of_business,branch,channel,agent,gross_written_premium,net_written_premium,earned_premium,claims_reported,claims_paid,outstanding_claims,commissions,brokerage_costs,direct_costs,indirect_costs,reinsurance_costs,receivables,budget,actual,forecast
9,2021,Motor Insurance,Motor Third Party Cover,Individual Vehicle,Motor Insurance,Nizwa,Broker,Agent-004,32520.0,29745.0,28981.0,12607.0,11869.0,738.0,4101.0,1348.0,1184.0,1090.0,3435.0,12294.0,33456.0,32520.0,34200.0
9,2021,Motor Insurance,Motor Third Party Cover,Fleet,Motor Insurance,Sohar,Broker,Agent-015,33493.0,30375.0,29097.0,21879.0,15842.0,6037.0,4926.0,1531.0,2308.0,865.0,4019.0,3789.0,31178.0,33493.0,34474.0
9,2021,Motor Insurance,Motor Third Party Cover,Trade Plate,Motor Insurance,Salalah,Digital,Agent-005,35235.0,28800.0,24405.0,14163.0,10856.0,3307.0,2561.0,1296.0,1827.0,1585.0,5463.0,6825.0,37576.0,35235.0,36953.0
9,2021,Motor Insurance,Motor Comprehensive Cover,Individual Vehicle,Motor Insurance,Nizwa,Direct,Agent-012,47683.0,35761.0,28675.0,31698.0,26395.0,5303.0,5747.0,1966.0,2525.0,1767.0,3384.0,6407.0,49289.0,47683.0,47463.0
9,2021,Motor Insurance,Motor Extended Warranty Cover,Standard,Motor Insurance,Nizwa,Bancassurance,Agent-012,52035.0,43699.0,38280.0,18854.0,14194.0,4660.0,3718.0,1371.0,3781.0,1406.0,3057.0,9596.0,49887.0,52035.0,53383.0
9,2021,Motor Insurance,Motor Extended Warranty Cover,Standard,Motor Insurance,Salalah,Broker,Agent-011,52507.0,42090.0,42237.0,21884.0,13305.0,8580.0,3098.0,2042.0,2788.0,1304.0,6572.0,7650.0,54569.0,52507.0,52055.0
9,2021,Property Insurance,Fire & Perils,Commercial,Property Insurance,Muscat HQ,Broker,Agent-011,24752.0,17869.0,14822.0,18187.0,16695.0,1491.0,2970.0,511.0,1942.0,1073.0,3899.0,5812.0,23624.0,24752.0,23154.0
9,2021,Property Insurance,Fire & Perils,Commercial,Property Insurance,Salalah,Direct,Agent-005,50213.0,42420.0,35811.0,34780.0,30101.0,4679.0,6123.0,1370.0,3081.0,1884.0,7405.0,6293.0,49368.0,50213.0,46530.0
9,2021,Property Insurance,Fire & Perils,Residential,Property Insurance,Muscat HQ,Broker,Agent-015,62560.0,52982.0,44646.0,45046.0,36189.0,8857.0,5298.0,2104.0,1948.0,3050.0,7654.0,20946.0,57339.0,62560.0,62426.0
9,2021,Property Insurance,Fire & Perils,Residential,Property Insurance,Salalah,Bancassurance,Agent-011,33126.0,27109.0,23497.0,15987.0,12506.0,3481.0,3110.0,360.0,2362.0,1553.0,2353.0,8818.0,30532.0,33126.0,34038.0
9,2021,Property Insurance,Property All Risks,Commercial,Property Insurance,Sur,Digital,Agent-003,46563.0,33848.0,34830.0,20585.0,12621.0,7964.0,4912.0,1156.0,3329.0,2060.0,4543.0,17967.0,44616.0,46563.0,46675.0
9,2021,Property Insurance,Property All Risks,Commercial,Property Insurance,Muscat HQ,Broker,Agent-004,39540.0,31979.0,33517.0,27942.0,24086.0,3856.0,5499.0,1808.0,2212.0,1166.0,6556.0,11803.0,38541.0,39540.0,36975.0
9,2021,Marine Insurance,Marine Cargo,Import/Export,Marine Insurance,Muscat HQ,Direct,Agent-005,5716.0,20885.0,21047.0,11756.0,7791.0,3965.0,3142.0,1286.0,1138.0,838.0,4762.0,11191.0,28586.0,5716.0,26954.0
9,2021,Marine Insurance,Marine Hull,Commercial Vessels,Marine Insurance,Muscat HQ,Broker,Agent-008,52727.0,38515.0,35687.0,33097.0,26590.0,6507.0,3690.0,2223.0,3468.0,2223.0,3673.0,7230.0,57236.0,52727.0,51863.0
9,2021,Medical Insurance,Group Medical,Corporate,Medical Insurance,Nizwa,Digital,Agent-013,61049.0,47106.0,48576.0,21974.0,17454.0,4520.0,6923.0,869.0,2260.0,1989.0,11901.0,17021.0,66336.0,61049.0,64022.0
9,2021,Medical Insurance,Group Medical,Corporate,Medical Insurance,Muscat HQ,Bancassurance,Agent-004,59470.0,53961.0,53918.0,26349.0,20704.0,5645.0,6578.0,2659.0,3577.0,1925.0,6311.0,13545.0,61277.0,59470.0,62967.0
9,2021,Medical Insurance,Individual Medical,Standard,Medical Insurance,Salalah,Bancassurance,Agent-001,31839.0,28787.0,23787.0,11991.0,9689.0,2302.0,2057.0,1369.0,1449.0,774.0,5990.0,4765.0,30468.0,31839.0,30074.0
9,2021,Engineering Insurance,Contractors All Risks,Construction Projects,Engineering Insurance,Muscat HQ,Digital,Agent-007,47786.0,34088.0,32308.0,29737.0,21939.0,7798.0,3909.0,1442.0,3524.0,2176.0,2701.0,7381.0,45270.0,47786.0,45870.0
9,2021,Engineering Insurance,Contractors All Risks,Construction Projects,Engineering Insurance,Nizwa,Digital,Agent-012,35843.0,28438.0,26474.0,14003.0,12486.0,1516.0,1978.0,1684.0,1253.0,1624.0,6645.0,14118.0,38008.0,35843.0,37446.0
9,2021,Engineering Insurance,Machinery Breakdown,Industrial,Engineering Insurance,Sohar,Broker,Agent-003,41976.0,34780.0,35280.0,22462.0,16505.0,5957.0,4783.0,867.0,1553.0,1441.0,4724.0,7126.0,40864.0,41976.0,41079.0
9,2021,Liability Insurance,General Liability,Commercial,Liability Insurance,Sohar,Bancassurance,Agent-008,40987.0,38413.0,39530.0,22230.0,15893.0,6337.0,4244.0,1801.0,2567.0,1809.0,5324.0,11881.0,39250.0,40987.0,42527.0
9,2021,Liability Insurance,General Liability,Commercial,Liability Insurance,Sur,Bancassurance,Agent-009,45845.0,39133.0,32237.0,29354.0,18480.0,10873.0,6583.0,710.0,3573.0,2018.0,6375.0,15348.0,48551.0,45845.0,49116.0
9,2021,Liability Insurance,Professional Indemnity,Corporate,Liability Insurance,Muscat HQ,Bancassurance,Agent-007,48744.0,41005.0,38672.0,26146.0,20470.0,5676.0,6161.0,2046.0,2662.0,1852.0,9246.0,6625.0,45011.0,48744.0,45529.0
9,2021,Travel Insurance,Individual Travel,Standard,Travel Insurance,Nizwa,Digital,Agent-015,54765.0,42904.0,43959.0,35872.0,24920.0,10952.0,4733.0,1236.0,2075.0,1338.0,10428.0,12671.0,53487.0,54765.0,56778.0
9,2021,Travel Insurance,Individual Travel,Standard,Travel Insurance,Nizwa,Digital,Agent-007,47428.0,38883.0,34765.0,35317.0,30063.0,5255.0,6883.0,699.0,3440.0,1855.0,3239.0,13113.0,49193.0,47428.0,43727.0
9,2021,Travel Insurance,Group Travel,Corporate,Travel Insurance,Nizwa,Direct,Agent-011,25785.0,20900.0,18298.0,18497.0,16157.0,2341.0,1574.0,1286.0,1907.0,735.0,4526.0,3402.0,28359.0,25785.0,26468.0
9,2021,Life Insurance (Group),Group Life,Corporate,Life Insurance (Group),Salalah,Direct,Agent-011,51361.0,39045.0,32632.0,33934.0,22715.0,11220.0,7245.0,1862.0,1634.0,1036.0,2966.0,14472.0,54458.0,51361.0,49212.0
9,2021,Life Insurance (Group),Group Life,Corporate,Life Insurance (Group),Sur,Direct,Agent-005,41581.0,37133.0,36188.0,28491.0,17495.0,10996.0,2918.0,624.0,2296.0,1761.0,6009.0,14776.0,38714.0,41581.0,43142.0
10,2021,Motor Insurance,Motor Third Party Cover,Individual Vehicle,Motor Insurance,Nizwa,Digital,Agent-009,65649.0,55991.0,45556.0,39161.0,24077.0,15084.0,9087.0,2520.0,2538.0,1494.0,5090.0,25866.0,65105.0,65649.0,68633.0
10,2021,Motor Insurance,Motor Third Party Cover,Fleet,Motor Insurance,Muscat HQ,Bancassurance,Agent-007,60848.0,47178.0,44559.0,38329.0,31707.0,6622.0,8766.0,970.0,3372.0,1954.0,7370.0,8261.0,56395.0,60848.0,58687.0
10,2021,Motor Insurance,Motor Third Party Cover,Trade Plate,Motor Insurance,Nizwa,Bancassurance,Agent-010,44690.0,35884.0,32374.0,19532.0,15741.0,3791.0,3651.0,511.0,2276.0,1529.0,3747.0,12144.0,45278.0,44690.0,46134.0
10,2021,Motor Insurance,Motor Third Party Cover,Trade Plate,Motor Insurance,Sohar,Digital,Agent-006,52430.0,47022.0,44073.0,27398.0,22442.0,4956.0,4512.0,1600.0,3504.0,2443.0,9865.0,13165.0,52643.0,52430.0,54946.0
10,2021,Motor Insurance,Motor Comprehensive Cover,Individual Vehicle,Motor Insurance,Salalah,Bancassurance,Agent-011,52350.0,37588.0,37983.0,19486.0,13605.0,5881.0,4367.0,886.0,2392.0,2213.0,2733.0,18226.0,56083.0,52350.0,51280.0
10,2021,Motor Insurance,Motor Extended Warranty Cover,Standard,Motor Insurance,Sohar,Digital,Agent-014,9426.0,8856.0,9289.0,6210.0,4402.0,1808.0,1119.0,360.0,466.0,370.0,486.0,1534.0,9473.0,9426.0,8919.0
10,2021,Property Insurance,Fire & Perils,Commercial,Property Insurance,Nizwa,Direct,Agent-003,33358.0,30348.0,31792.0,13565.0,10267.0,3298.0,2977.0,440.0,2261.0,1101.0,4016.0,4844.0,31229.0,33358.0,35531.0
10,2021,Property Insurance,Fire & Perils,Commercial,Property Insurance,Salalah,Digital,Agent-013,38535.0,32624.0,30122.0,14784.0,10131.0,4653.0,5177.0,1368.0,2407.0,1545.0,6336.0,4525.0,37507.0,38535.0,38778.0
10,2021,Property Insurance,Fire & Perils,Residential,Property Insurance,Sohar,Direct,Agent-006,48557.0,44333.0,41061.0,34661.0,27919.0,6742.0,6557.0,1147.0,2668.0,1745.0,3192.0,10661.0,52610.0,48557.0,49573.0
10,2021,Property Insurance,Property All Risks,Commercial,Property Insurance,Muscat HQ,Bancassurance,Agent-011,43084.0,40149.0,36618.0,20379.0,16496.0,3883.0,2186.0,910.0,2807.0,1681.0,8499.0,12327.0,42890.0,43084.0,44886.0
10,2021,Marine Insurance,Marine Cargo,Import/Export,Marine Insurance,Sur,Broker,Agent-001,41475.0,38020.0,31500.0,26667.0,20108.0,6559.0,4368.0,1500.0,3255.0,2055.0,3867.0,13277.0,43548.0,41475.0,40456.0
10,2021,Marine Insurance,Marine Hull,Commercial Vessels,Marine Insurance,Nizwa,Broker,Agent-002,38753.0,36675.0,33603.0,28722.0,21371.0,7351.0,5013.0,519.0,2239.0,1708.0,7313.0,13439.0,35164.0,38753.0,37964.0
10,2021,Marine Insurance,Marine Hull,Commercial Vessels,Marine Insurance,Sohar,Bancassurance,Agent-014,9565.0,42004.0,41728.0,33294.0,28593.0,4701.0,6221.0,572.0,1996.0,1849.0,8547.0,4847.0,47963.0,9565.0,49180.0
10,2021,Medical Insurance,Group Medical,Corporate,Medical Insurance,Nizwa,Bancassurance,Agent-015,32513.0,29691.0,26336.0,22477.0,15838.0,6639.0,3545.0,841.0,1422.0,1515.0,2541.0,4079.0,31485.0,32513.0,33645.0
10,2021,Medical Insurance,Group Medical,Corporate,Medical Insurance,Sohar,Direct,Agent-005,47064.0,37744.0,31486.0,27294.0,25907.0,1388.0,5652.0,1591.0,2335.0,2234.0,5861.0,6603.0,45796.0,47064.0,43804.0
10,2021,Medical Insurance,Individual Medical,Standard,Medical Insurance,Nizwa,Bancassurance,Agent-001,47129.0,37035.0,33520.0,34578.0,29847.0,4731.0,4905.0,1008.0,3528.0,1275.0,4656.0,17566.0,47407.0,47129.0,48956.0
10,2021,Engineering Insurance,Contractors All Risks,Construction Projects,Engineering Insurance,Salalah,Digital,Agent-008,29198.0,22793.0,19120.0,20431.0,14284.0,6147.0,3099.0,1217.0,2020.0,968.0,3546.0,11633.0,30218.0,29198.0,30668.0
10,2021,Engineering Insurance,Machinery Breakdown,Industrial,Engineering Insurance,Nizwa,Broker,Agent-001,54490.0,39531.0,38077.0,39894.0,31096.0,8798.0,5084.0,623.0,4250.0,1258.0,3060.0,9471.0,49755.0,54490.0,54098.0
10,2021,Liability Insurance,General Liability,Commercial,Liability Insurance,Muscat HQ,Broker,Agent-007,32630.0,25978.0,21175.0,20533.0,13808.0,6726.0,2617.0,841.0,1659.0,654.0,2180.0,11709.0,29375.0,32630.0,32673.0
10,2021,Liability Insurance,Professional Indemnity,Corporate,Liability Insurance,Nizwa,Direct,Agent-005,40789.0,37130.0,32121.0,19538.0,13381.0,6157.0,3997.0,1523.0,1689.0,1220.0,7732.0,4673.0,40469.0,40789.0,42169.0
10,2021,Travel Insurance,Individual Travel,Standard,Travel Insurance,Sur,Digital,Agent-015,48338.0,33948.0,28757.0,17523.0,11192.0,6331.0,5415.0,951.0,2826.0,1823.0,8576.0,4903.0,51754.0,48338.0,49259.0
10,2021,Travel Insurance,Group Travel,Corporate,Travel Insurance,Sur,Direct,Agent-012,45137.0,41964.0,38339.0,26693.0,25215.0,1478.0,3889.0,1920.0,2073.0,1985.0,6324.0,7443.0,44361.0,45137.0,43820.0
10,2021,Travel Insurance,Group Travel,Corporate,Travel Insurance,Salalah,Broker,Agent-001,46003.0,34106.0,33468.0,29131.0,25009.0,4122.0,3759.0,2098.0,2746.0,1094.0,3292.0,14166.0,42994.0,46003.0,46057.0
10,2021,Life Insurance (Group),Group Life,Corporate,Life Insurance (Group),Muscat HQ,Bancassurance,Agent-003,166427.0,56329.0,46851.0,47193.0,42858.0,4336.0,6898.0,2321.0,2906.0,1432.0,9266.0,12544.0,68749.0,166427.0,70152.0
10,2021,Life Insurance (Group),Group Life,Corporate,Life Insurance (Group),Salalah,Broker,Agent-008,57310.0,43751.0,41682.0,32748.0,24190.0,8558.0,6749.0,2237.0,3344.0,2450.0,11319.0,12940.0,57477.0,57310.0,52840.0
11,2021,Motor Insurance,Motor Third Party Cover,Individual Vehicle,Motor Insurance,Sohar,Bancassurance,Agent-006,37463.0,34557.0,31058.0,23341.0,15225.0,8116.0,5475.0,642.0,1498.0,1715.0,7001.0,6131.0,37237.0,37463.0,38863.0
11,2021,Motor Insurance,Motor Third Party Cover,Fleet,Motor Insurance,Sohar,Digital,Agent-011,59570.0,52588.0,52364.0,34430.0,21919.0,12511.0,8364.0,2658.0,4164.0,1370.0,4805.0,19246.0,53889.0,59570.0,64138.0
11,2021,Motor Insurance,Motor Third Party Cover,Trade Plate,Motor Insurance,Sur,Direct,Agent-006,46573.0,36317.0,34580.0,27124.0,20158.0,6965.0,5131.0,2208.0,2486.0,1206.0,4964.0,10164.0,43137.0,46573.0,44061.0
11,2021,Motor Insurance,Motor Third Party Cover,Trade Plate,Motor Insurance,Salalah,Bancassurance,Agent-011,52999.0,40327.0,33259.0,34524.0,31360.0,3164.0,4124.0,958.0,2082.0,1890.0,6374.0,9425.0,48178.0,52999.0,52842.0
11,2021,Motor Insurance,Motor Comprehensive Cover,Individual Vehicle,Motor Insurance,Sur,Digital,Agent-012,21497.0,16404.0,14332.0,14100.0,12787.0,1313.0,3013.0,1062.0,1701.0,1045.0,1306.0,3038.0,20656.0,21497.0,21679.0
11,2021,Motor Insurance,Motor Extended Warranty Cover,Standard,Motor Insurance,Sohar,Direct,Agent-004,38307.0,28398.0,24517.0,15864.0,14249.0,1615.0,4153.0,1510.0,1716.0,1193.0,4242.0,12565.0,40394.0,38307.0,36510.0
11,2021,Motor Insurance,Motor Extended Warranty Cover,Standard,Motor Insurance,Sur,Broker,Agent-003,29676.0,22736.0,23000.0,12517.0,9322.0,3195.0,2819.0,588.0,1944.0,1351.0,5377.0,5988.0,29859.0,29676.0,28481.0
11,2021,Property Insurance,Fire & Perils,Commercial,Property Insurance,Sur,Digital,Agent-004,46431.0,41525.0,38594.0,25362.0,19920.0,5443.0,4813.0,1271.0,1699.0,1104.0,8954.0,11357.0,50639.0,46431.0,43931.0
11,2021,Property Insurance,Fire & Perils,Residential,Property Insurance,Salalah,Digital,Agent-014,56283.0,41072.0,42272.0,26938.0,21896.0,5042.0,5431.0,1464.0,3185.0,1442.0,11160.0,19446.0,59003.0,56283.0,56002.0
11,2021,Property Insurance,Property All Risks,Commercial,Property Insurance,Salalah,Broker,Agent-007,36455.0,28639.0,28599.0,21839.0,18843.0,2997.0,4716.0,674.0,2777.0,1208.0,5317.0,3671.0,40052.0,36455.0,35177.0
11,2021,Property Insurance,Property All Risks,Commercial,Property Insurance,Muscat HQ,Bancassurance,Agent-015,45415.0,33520.0,32115.0,23033.0,21252.0,1782.0,3720.0,1773.0,2410.0,1807.0,6356.0,10983.0,49503.0,45415.0,44272.0
11,2021,Marine Insurance,Marine Cargo,Import/Export,Marine Insurance,Sohar,Bancassurance,Agent-011,52584.0,42719.0,43707.0,34171.0,32365.0,1807.0,5424.0,1914.0,2373.0,2546.0,5519.0,16908.0,51565.0,52584.0,53104.0
11,2021,Marine Insurance,Marine Cargo,Import/Export,Marine Insurance,Sur,Digital,Agent-013,54885.0,47298.0,41887.0,28170.0,21241.0,6929.0,3435.0,750.0,3478.0,2177.0,8202.0,5814.0,52981.0,54885.0,52231.0
11,2021,Marine Insurance,Marine Hull,Commercial Vessels,Marine Insurance,Salalah,Direct,Agent-005,32747.0,23982.0,20836.0,13278.0,9284.0,3994.0,3847.0,1520.0,1314.0,1188.0,5083.0,12636.0,33468.0,32747.0,31464.0
11,2021,Marine Insurance,Marine Hull,Commercial Vessels,Marine Insurance,Sur,Broker,Agent-013,59252.0,47396.0,46039.0,21289.0,15754.0,5535.0,8148.0,2039.0,3093.0,2849.0,10553.0,11653.0,59780.0,59252.0,59155.0
11,2021,Medical Insurance,Group Medical,Corporate,Medical Insurance,Salalah,Broker,Agent-005,38548.0,35887.0,36276.0,28575.0,24596.0,3979.0,4875.0,1561.0,2083.0,1299.0,3316.0,11312.0,36924.0,38548.0,37054.0
11,2021,Medical Insurance,Individual Medical,Standard,Medical Insurance,Muscat HQ,Broker,Agent-007,39522.0,36169.0,30451.0,13951.0,10012.0,3939.0,5128.0,1722.0,1459.0,1709.0,2662.0,8577.0,43464.0,39522.0,37578.0
11,2021,Engineering Insurance,Contractors All Risks,Construction Projects,Engineering Insurance,Salalah,Bancassurance,Agent-012,37961.0,35881.0,29329.0,15382.0,13486.0,1896.0,2925.0,1723.0,2398.0,887.0,6639.0,5804.0,37380.0,37961.0,38278.0
11,2021,Engineering Insurance,Contractors All Risks,Construction Projects,Engineering Insurance,Nizwa,Digital,Agent-013,37127.0,35266.0,32766.0,14408.0,12315.0,2093.0,5482.0,844.0,1970.0,1216.0,2143.0,11201.0,36038.0,37127.0,38835.0
11,2021,Engineering Insurance,Machinery Breakdown,Industrial,Engineering Insurance,Sohar,Digital,Agent-012,55083.0,48870.0,48887.0,30103.0,27471.0,2632.0,3547.0,2488.0,1917.0,1355.0,7165.0,6624.0,50156.0,55083.0,50681.0
11,2021,Engineering Insurance,Machinery Breakdown,Industrial,Engineering Insurance,Salalah,Bancassurance,Agent-009,42790.0,36930.0,37144.0,17852.0,11629.0,6223.0,5823.0,1837.0,2437.0,1907.0,2735.0,9343.0,44825.0,42790.0,41129.0
11,2021,Liability Insurance,General Liability,Commercial,Liability Insurance,Muscat HQ,Broker,Agent-014,65626.0,51974.0,44427.0,28439.0,24543.0,3896.0,4062.0,882.0,2547.0,1658.0,11384.0,14408.0,72062.0,65626.0,61816.0
11,2021,Liability Insurance,General Liability,Commercial,Liability Insurance,Salalah,Digital,Agent-010,45016.0,42491.0,43265.0,19218.0,13016.0,6202.0,5204.0,971.0,3004.0,1665.0,5971.0,15691.0,46912.0,45016.0,41606.0
11,2021,Liability Insurance,Professional Indemnity,Corporate,Liability Insurance,Sohar,Bancassurance,Agent-014,43597.0,35081.0,34712.0,29674.0,23633.0,6041.0,3860.0,908.0,2446.0,1284.0,5869.0,13210.0,39814.0,43597.0,40117.0
11,2021,Travel Insurance,Individual Travel,Standard,Travel Insurance,Nizwa,Bancassurance,Agent-003,52356.0,48301.0,44316.0,28295.0,26242.0,2053.0,2929.0,974.0,3104.0,1354.0,7954.0,8598.0,48158.0,52356.0,49901.0
11,2021,Travel Insurance,Individual Travel,Standard,Travel Insurance,Sohar,Bancassurance,Agent-007,43771.0,40054.0,35251.0,21636.0,13400.0,8236.0,3753.0,901.0,2649.0,1145.0,8021.0,16585.0,40268.0,43771.0,41022.0
11,2021,Travel Insurance,Group Travel,Corporate,Travel Insurance,Sohar,Broker,Agent-005,60899.0,54113.0,54381.0,34130.0,32383.0,1746.0,3314.0,1586.0,2813.0,2951.0,8315.0,20819.0,56884.0,60899.0,65563.0
11,2021,Life Insurance (Group),Group Life,Corporate,Life Insurance (Group),Sur,Digital,Agent-011,46038.0,36802.0,34822.0,18471.0,13159.0,5313.0,3191.0,651.0,3375.0,1735.0,4779.0,10248.0,45408.0,46038.0,47019.0
11,2021,Life Insurance (Group),Group Life,Corporate,Life Insurance (Group),Salalah,Digital,Agent-009,26287.0,21365.0,20126.0,14057.0,11675.0,2382.0,2772.0,600.0,1243.0,824.0,1688.0,3938.0,27460.0,26287.0,25821.0
12,2021,Motor Insurance,Motor Third Party Cover,Individual Vehicle,Motor Insurance,Nizwa,Direct,Agent-001,43614.0,39545.0,40805.0,25687.0,21426.0,4261.0,2410.0,2086.0,2164.0,2081.0,5968.0,4422.0,39589.0,43614.0,44873.0
12,2021,Motor Insurance,Motor Third Party Cover,Individual Vehicle,Motor Insurance,Salalah,Bancassurance,Agent-004,59323.0,54164.0,50054.0,31815.0,19150.0,12665.0,7633.0,1378.0,4386.0,1850.0,7995.0,10744.0,55296.0,59323.0,61933.0
12,2021,Motor Insurance,Motor Third Party Cover,Fleet,Motor Insurance,Muscat HQ,Broker,Agent-002,26093.0,23846.0,20195.0,15335.0,13914.0,1421.0,2282.0,366.0,1841.0,899.0,3514.0,10297.0,26652.0,26093.0,25779.0
12,2021,Motor Insurance,Motor Third Party Cover,Fleet,Motor Insurance,Muscat HQ,Bancassurance,Agent-007,54655.0,49705.0,43298.0,25771.0,23349.0,2422.0,2864.0,1684.0,2907.0,2225.0,4072.0,16424.0,53307.0,54655.0,55693.0
12,2021,Motor Insurance,Motor Third Party Cover,Trade Plate,Motor Insurance,Sohar,Direct,Agent-007,25933.0,19058.0,16145.0,12647.0,8016.0,4630.0,3753.0,679.0,1827.0,1277.0,1611.0,7663.0,27860.0,25933.0,26490.0
12,2021,Motor Insurance,Motor Third Party Cover,Trade Plate,Motor Insurance,Sur,Direct,Agent-011,50268.0,41906.0,43933.0,36871.0,22644.0,14227.0,6061.0,1109.0,3778.0,1073.0,9570.0,17656.0,46422.0,50268.0,46728.0
12,2021,Motor Insurance,Motor Comprehensive Cover,Individual Vehicle,Motor Insurance,Muscat HQ,Digital,Agent-010,38915.0,32761.0,29462.0,20547.0,12782.0,7765.0,5716.0,873.0,1536.0,1112.0,7575.0,4992.0,41773.0,38915.0,40209.0
12,2021,Motor Insurance,Motor Comprehensive Cover,Individual Vehicle,Motor Insurance,Sur,Bancassurance,Agent-002,25737.0,18832.0,18813.0,14625.0,11557.0,3068.0,3600.0,1258.0,1679.0,888.0,3049.0,5557.0,25024.0,25737.0,25290.0
12,2021,Motor Insurance,Motor Extended Warranty Cover,Standard,Motor Insurance,Nizwa,Digital,Agent-001,34010.0,31720.0,30231.0,12382.0,8112.0,4270.0,2401.0,1667.0,1392.0,1206.0,6476.0,13371.0,32217.0,34010.0,31557.0
12,2021,Motor Insurance,Motor Extended Warranty Cover,Standard,Motor Insurance,Nizwa,Digital,Agent-013,38032.0,32029.0,32929.0,21484.0,17597.0,3887.0,2669.0,1598.0,2316.0,1747.0,7315.0,7773.0,34918.0,38032.0,36364.0
12,2021,Property Insurance,Fire & Perils,Commercial,Property Insurance,Sohar,Bancassurance,Agent-001,42393.0,35403.0,29941.0,20276.0,16801.0,3475.0,4972.0,1161.0,1756.0,1766.0,3194.0,16152.0,39747.0,42393.0,39730.0
12,2021,Property Insurance,Fire & Perils,Residential,Property Insurance,Nizwa,Direct,Agent-013,39720.0,37683.0,34727.0,21496.0,16071.0,5425.0,2251.0,1339.0,1644.0,1554.0,2289.0,15666.0,39474.0,39720.0,42242.0
12,2021,Property Insurance,Fire & Perils,Residential,Property Insurance,Sur,Direct,Agent-012,43737.0,39164.0,35524.0,26469.0,23813.0,2655.0,4947.0,1046.0,2761.0,1756.0,8489.0,9241.0,43082.0,43737.0,45922.0
12,2021,Property Insurance,Property All Risks,Commercial,Property Insurance,Sohar,Direct,Agent-014,27874.0,24705.0,20574.0,11970.0,9808.0,2162.0,3477.0,1276.0,1216.0,650.0,5391.0,4079.0,26189.0,27874.0,26944.0
12,2021,Marine Insurance,Marine Cargo,Import/Export,Marine Insurance,Nizwa,Direct,Agent-013,54331.0,40411.0,35943.0,29413.0,19165.0,10247.0,4202.0,1213.0,1976.0,1983.0,8462.0,6573.0,54126.0,54331.0,56785.0
12,2021,Marine Insurance,Marine Cargo,Import/Export,Marine Insurance,Sur,Broker,Agent-014,30822.0,27898.0,23998.0,15236.0,10082.0,5154.0,2982.0,792.0,1296.0,1312.0,2992.0,5605.0,28547.0,30822.0,30521.0
12,2021,Marine Insurance,Marine Hull,Commercial Vessels,Marine Insurance,Sohar,Broker,Agent-008,47523.0,44316.0,40969.0,28856.0,26072.0,2784.0,7123.0,1641.0,3540.0,2246.0,8018.0,11324.0,43542.0,47523.0,43842.0
12,2021,Medical Insurance,Group Medical,Corporate,Medical Insurance,Nizwa,Digital,Agent-007,48713.0,40823.0,41197.0,19167.0,13011.0,6156.0,6299.0,2139.0,3884.0,2250.0,8938.0,9465.0,47755.0,48713.0,46905.0
12,2021,Medical Insurance,Individual Medical,Standard,Medical Insurance,Nizwa,Direct,Agent-005,35361.0,27372.0,23060.0,15137.0,9389.0,5748.0,5125.0,923.0,2536.0,1430.0,2786.0,5397.0,37568.0,35361.0,34030.0
12,2021,Engineering Insurance,Contractors All Risks,Construction Projects,Engineering Insurance,Sohar,Broker,Agent-015,6248.0,23704.0,20600.0,22985.0,15920.0,7065.0,2905.0,853.0,1332.0,1352.0,5179.0,6669.0,33332.0,6248.0,29804.0
12,2021,Engineering Insurance,Contractors All Risks,Construction Projects,Engineering Insurance,Nizwa,Bancassurance,Agent-003,49149.0,36960.0,34363.0,33125.0,20907.0,12218.0,4400.0,1960.0,2388.0,1261.0,3899.0,10961.0,48946.0,49149.0,51994.0
12,2021,Engineering Insurance,Machinery Breakdown,Industrial,Engineering Insurance,Sohar,Digital,Agent-010,50430.0,40387.0,41632.0,22611.0,19342.0,3269.0,6327.0,702.0,2694.0,1312.0,3924.0,12060.0,48307.0,50430.0,52819.0
12,2021,Engineering Insurance,Machinery Breakdown,Industrial,Engineering Insurance,Salalah,Bancassurance,Agent-013,41972.0,32053.0,26724.0,30535.0,22618.0,7917.0,3042.0,1841.0,2097.0,884.0,3118.0,12246.0,44346.0,41972.0,40030.0
12,2021,Liability Insurance,General Liability,Commercial,Liability Insurance,Sur,Direct,Agent-013,64085.0,45669.0,46439.0,30269.0,24718.0,5551.0,8075.0,970.0,4425.0,3086.0,10206.0,14891.0,68913.0,64085.0,64367.0
12,2021,Liability Insurance,Professional Indemnity,Corporate,Liability Insurance,Nizwa,Broker,Agent-012,39470.0,28792.0,24749.0,21754.0,16899.0,4854.0,4273.0,1018.0,2737.0,1871.0,3434.0,12668.0,40875.0,39470.0,39615.0
12,2021,Travel Insurance,Individual Travel,Standard,Travel Insurance,Sur,Broker,Agent-014,54022.0,50211.0,52523.0,26515.0,21832.0,4683.0,5261.0,2672.0,1874.0,1749.0,9796.0,10006.0,57131.0,54022.0,53008.0
12,2021,Travel Insurance,Group Travel,Corporate,Travel Insurance,Salalah,Digital,Agent-006,42271.0,33149.0,31545.0,25929.0,23086.0,2843.0,2217.0,795.0,2773.0,1560.0,5256.0,4927.0,40988.0,42271.0,44740.0
12,2021,Travel Insurance,Group Travel,Corporate,Travel Insurance,Sohar,Bancassurance,Agent-002,55477.0,39539.0,39042.0,25133.0,22703.0,2430.0,6913.0,2520.0,2263.0,1994.0,9259.0,9637.0,52489.0,55477.0,51280.0
12,2021,Life Insurance (Group),Group Life,Corporate,Life Insurance (Group),Sur,Broker,Agent-013,17096.0,14239.0,13086.0,9057.0,7465.0,1593.0,1199.0,778.0,1207.0,521.0,2339.0,2433.0,18711.0,17096.0,18198.0
12,2021,Life Insurance (Group),Group Life,Corporate,Life Insurance (Group),Muscat HQ,Digital,Agent-011,28939.0,20909.0,17355.0,10954.0,10367.0,587.0,1661.0,443.0,2065.0,1083.0,4809.0,8371.0,31151.0,28939.0,29581.0
1,2022,Motor Insurance,Motor Third Party Cover,Individual Vehicle,Motor Insurance,Sohar,Digital,Agent-004,55975.0,45727.0,38522.0,37427.0,25871.0,11556.0,3658.0,1111.0,4036.0,1674.0,8559.0,19979.0,51248.0,55975.0,58349.0
1,2022,Motor Insurance,Motor Third Party Cover,Fleet,Motor Insurance,Nizwa,Direct,Agent-007,37573.0,29072.0,27392.0,17506.0,13900.0,3606.0,4215.0,1293.0,2299.0,904.0,5787.0,11363.0,38945.0,37573.0,35012.0
1,2022,Motor Insurance,Motor Third Party Cover,Trade Plate,Motor Insurance,Muscat HQ,Digital,Agent-012,55106.0,44649.0,44011.0,24512.0,21826.0,2686.0,5763.0,2227.0,2955.0,1927.0,7878.0,20851.0,55015.0,55106.0,55358.0
1,2022,Motor Insurance,Motor Comprehensive Cover,Individual Vehicle,Motor Insurance,Muscat HQ,Bancassurance,Agent-001,46145.0,37857.0,39009.0,25260.0,19296.0,5964.0,6747.0,1293.0,1802.0,1223.0,2966.0,4622.0,45517.0,46145.0,48133.0
1,2022,Motor Insurance,Motor Extended Warranty Cover,Standard,Motor Insurance,Sohar,Digital,Agent-004,43223.0,40425.0,34032.0,25962.0,18542.0,7420.0,4934.0,1145.0,2938.0,1164.0,8034.0,10809.0,45437.0,43223.0,45642.0
1,2022,Property Insurance,Fire & Perils,Commercial,Property Insurance,Salalah,Direct,Agent-015,44915.0,34392.0,32521.0,33570.0,31777.0,1793.0,4612.0,1597.0,3279.0,2155.0,3619.0,11613.0,47904.0,44915.0,43500.0
1,2022,Property Insurance,Fire & Perils,Commercial,Property Insurance,Sohar,Direct,Agent-008,34487.0,31953.0,31940.0,15783.0,11242.0,4541.0,3612.0,1118.0,1906.0,1348.0,3837.0,11200.0,33339.0,34487.0,33552.0
1,2022,Property Insurance,Fire & Perils,Residential,Property Insurance,Muscat HQ,Direct,Agent-008,29276.0,22161.0,21936.0,16734.0,10164.0,6570.0,2390.0,500.0,1838.0,827.0,1749.0,3410.0,29755.0,29276.0,27036.0
1,2022,Property Insurance,Fire & Perils,Residential,Property Insurance,Nizwa,Digital,Agent-015,52867.0,42860.0,35058.0,35479.0,32377.0,3102.0,2702.0,906.0,3975.0,1929.0,3833.0,8503.0,54559.0,52867.0,54769.0
1,2022,Property Insurance,Property All Risks,Commercial,Property Insurance,Sohar,Direct,Agent-002,53758.0,44044.0,39196.0,23641.0,14565.0,9076.0,4581.0,2067.0,1662.0,1783.0,7881.0,15220.0,56732.0,53758.0,56429.0
1,2022,Property Insurance,Property All Risks,Commercial,Property Insurance,Sohar,Digital,Agent-008,35602.0,30292.0,26093.0,13067.0,8863.0,4204.0,3400.0,945.0,1383.0,1593.0,6724.0,5711.0,38661.0,35602.0,32855.0
1,2022,Marine Insurance,Marine Cargo,Import/Export,Marine Insurance,Nizwa,Bancassurance,Agent-003,46768.0,44081.0,45248.0,34528.0,27367.0,7161.0,2704.0,2057.0,2838.0,1798.0,5266.0,12700.0,43528.0,46768.0,48562.0
1,2022,Marine Insurance,Marine Hull,Commercial Vessels,Marine Insurance,Muscat HQ,Digital,Agent-012,58548.0,48446.0,42538.0,43196.0,37001.0,6195.0,5088.0,995.0,2399.0,1986.0,11205.0,18750.0,55214.0,58548.0,61916.0
1,2022,Marine Insurance,Marine Hull,Commercial Vessels,Marine Insurance,Salalah,Direct,Agent-013,35381.0,32963.0,28496.0,22190.0,20982.0,1208.0,2302.0,479.0,2254.0,1068.0,2147.0,8583.0,37176.0,35381.0,34164.0
1,2022,Medical Insurance,Group Medical,Corporate,Medical Insurance,Sohar,Bancassurance,Agent-007,32706.0,26544.0,27559.0,19961.0,12786.0,7175.0,4530.0,967.0,1213.0,804.0,5008.0,3735.0,31310.0,32706.0,30821.0
1,2022,Medical Insurance,Group Medical,Corporate,Medical Insurance,Salalah,Bancassurance,Agent-003,42170.0,32467.0,26234.0,25123.0,18360.0,6763.0,4855.0,605.0,1294.0,1158.0,4996.0,9202.0,44787.0,42170.0,41346.0
1,2022,Medical Insurance,Individual Medical,Standard,Medical Insurance,Nizwa,Direct,Agent-006,47381.0,37251.0,33724.0,18484.0,16155.0,2329.0,6834.0,516.0,2846.0,2033.0,4393.0,15933.0,48635.0,47381.0,50634.0
1,2022,Engineering Insurance,Contractors All Risks,Construction Projects,Engineering Insurance,Sur,Broker,Agent-012,50208.0,36988.0,32700.0,37408.0,22657.0,14751.0,4782.0,2194.0,2319.0,1727.0,9876.0,12174.0,46502.0,50208.0,46607.0
1,2022,Engineering Insurance,Machinery Breakdown,Industrial,Engineering Insurance,Salalah,Direct,Agent-011,37076.0,29880.0,30852.0,20428.0,19200.0,1228.0,2813.0,1119.0,2706.0,1240.0,3408.0,13223.0,36260.0,37076.0,37259.0
1,2022,Engineering Insurance,Machinery Breakdown,Industrial,Engineering Insurance,Salalah,Broker,Agent-004,40237.0,32108.0,27293.0,25028.0,16605.0,8423.0,4727.0,826.0,1922.0,1226.0,6338.0,9655.0,39121.0,40237.0,42507.0
1,2022,Liability Insurance,General Liability,Commercial,Liability Insurance,Sur,Bancassurance,Agent-003,31525.0,22374.0,20666.0,12596.0,8609.0,3987.0,3931.0,480.0,2218.0,1517.0,4444.0,9871.0,32871.0,31525.0,34010.0
1,2022,Liability Insurance,Professional Indemnity,Corporate,Liability Insurance,Sohar,Broker,Agent-006,41292.0,30741.0,29304.0,14685.0,13579.0,1106.0,3157.0,478.0,1462.0,1123.0,3761.0,4536.0,39470.0,41292.0,39263.0
1,2022,Travel Insurance,Individual Travel,Standard,Travel Insurance,Salalah,Direct,Agent-007,34019.0,24576.0,19816.0,14657.0,12676.0,1981.0,5072.0,1604.0,1878.0,1223.0,3306.0,11300.0,35820.0,34019.0,35892.0
1,2022,Travel Insurance,Individual Travel,Standard,Travel Insurance,Salalah,Direct,Agent-012,46135.0,41595.0,36484.0,33296.0,21077.0,12219.0,6894.0,1882.0,1599.0,1831.0,2543.0,15273.0,48896.0,46135.0,46891.0
1,2022,Travel Insurance,Group Travel,Corporate,Travel Insurance,Salalah,Bancassurance,Agent-001,49685.0,35307.0,32202.0,22661.0,16711.0,5949.0,4596.0,2245.0,2162.0,2326.0,5659.0,9855.0,49710.0,49685.0,49032.0
1,2022,Life Insurance (Group),Group Life,Corporate,Life Insurance (Group),Salalah,Broker,Agent-003,71478.0,60145.0,54332.0,48574.0,33509.0,15065.0,10506.0,2958.0,5602.0,3227.0,5098.0,18437.0,66760.0,71478.0,75118.0
2,2022,Motor Insurance,Motor Third Party Cover,Individual Vehicle,Motor Insurance,Salalah,Broker,Agent-002,77448.0,65131.0,63845.0,28930.0,23411.0,5518.0,10191.0,984.0,4307.0,2150.0,11574.0,10502.0,84218.0,77448.0,82339.0
2,2022,Motor Insurance,Motor Third Party Cover,Individual Vehicle,Motor Insurance,Sohar,Broker,Agent-006,53130.0,43070.0,36139.0,20809.0,19767.0,1042.0,5076.0,2386.0,2875.0,2533.0,3356.0,7130.0,57695.0,53130.0,56934.0
2,2022,Motor Insurance,Motor Third Party Cover,Fleet,Motor Insurance,Sohar,Broker,Agent-003,41404.0,30950.0,31711.0,18687.0,15825.0,2862.0,2348.0,478.0,2595.0,1249.0,6141.0,5308.0,45129.0,41404.0,43050.0
2,2022,Motor Insurance,Motor Third Party Cover,Fleet,Motor Insurance,Sur,Digital,Agent-001,39379.0,31191.0,29142.0,18459.0,11467.0,6992.0,3422.0,795.0,1941.0,1020.0,3516.0,11344.0,38498.0,39379.0,38405.0
2,2022,Motor Insurance,Motor Third Party Cover,Trade Plate,Motor Insurance,Muscat HQ,Bancassurance,Agent-002,52257.0,49203.0,45783.0,37308.0,32748.0,4560.0,2920.0,1420.0,3392.0,2592.0,6206.0,6680.0,52906.0,52257.0,49135.0
2,2022,Motor Insurance,Motor Comprehensive Cover,Individual Vehicle,Motor Insurance,Nizwa,Bancassurance,Agent-005,27173.0,23294.0,22202.0,17712.0,15850.0,1862.0,3720.0,311.0,1571.0,720.0,4865.0,8003.0,26740.0,27173.0,25817.0
2,2022,Motor Insurance,Motor Comprehensive Cover,Individual Vehicle,Motor Insurance,Sur,Bancassurance,Agent-015,81182.0,29940.0,29672.0,13961.0,9805.0,4156.0,4780.0,1245.0,1965.0,949.0,3081.0,3632.0,33957.0,81182.0,30099.0
2,2022,Motor Insurance,Motor Extended Warranty Cover,Standard,Motor Insurance,Muscat HQ,Broker,Agent-005,43986.0,35976.0,33153.0,23069.0,16462.0,6606.0,4494.0,1198.0,2635.0,2065.0,8764.0,5438.0,42971.0,43986.0,41739.0
2,2022,Motor Insurance,Motor Extended Warranty Cover,Standard,Motor Insurance,Muscat HQ,Direct,Agent-006,42429.0,34964.0,36007.0,15403.0,9603.0,5800.0,3832.0,561.0,1830.0,2104.0,3451.0,6765.0,43054.0,42429.0,42415.0
2,2022,Property Insurance,Fire & Perils,Commercial,Property Insurance,Sur,Bancassurance,Agent-013,48324.0,39002.0,37927.0,33696.0,24576.0,9120.0,5160.0,617.0,1861.0,1067.0,7692.0,9008.0,50486.0,48324.0,44971.0
2,2022,Property Insurance,Fire & Perils,Residential,Property Insurance,Muscat HQ,Direct,Agent-014,41327.0,29510.0,29906.0,18344.0,14527.0,3817.0,3828.0,1728.0,2250.0,1447.0,8198.0,5994.0,44060.0,41327.0,38363.0
2,2022,Property Insurance,Property All Risks,Commercial,Property Insurance,Nizwa,Broker,Agent-011,49396.0,37829.0,34222.0,24532.0,19196.0,5336.0,4753.0,1140.0,2236.0,1360.0,5175.0,7162.0,53072.0,49396.0,50203.0
2,2022,Marine Insurance,Marine Cargo,Import/Export,Marine Insurance,Sur,Direct,Agent-015,26370.0,19452.0,15603.0,9728.0,8432.0,1296.0,3922.0,311.0,1777.0,584.0,3661.0,8618.0,25627.0,26370.0,24306.0
2,2022,Marine Insurance,Marine Cargo,Import/Export,Marine Insurance,Sohar,Bancassurance,Agent-014,42884.0,32050.0,26633.0,24534.0,19842.0,4692.0,5542.0,1721.0,3200.0,1894.0,3735.0,11440.0,41146.0,42884.0,41716.0
2,2022,Marine Insurance,Marine Hull,Commercial Vessels,Marine Insurance,Muscat HQ,Direct,Agent-001,40773.0,34019.0,31358.0,16020.0,10939.0,5081.0,4190.0,518.0,3122.0,967.0,3249.0,13439.0,37486.0,40773.0,43384.0
2,2022,Marine Insurance,Marine Hull,Commercial Vessels,Marine Insurance,Nizwa,Direct,Agent-004,45512.0,40475.0,40760.0,29006.0,23355.0,5652.0,3743.0,1724.0,3543.0,1712.0,6811.0,10519.0,47843.0,45512.0,49136.0
2,2022,Medical Insurance,Group Medical,Corporate,Medical Insurance,Sohar,Direct,Agent-005,34350.0,28954.0,23518.0,17577.0,14133.0,3444.0,3728.0,1247.0,2267.0,1348.0,5789.0,9873.0,34608.0,34350.0,34934.0
2,2022,Medical Insurance,Group Medical,Corporate,Medical Insurance,Salalah,Bancassurance,Agent-004,40745.0,37414.0,36283.0,15734.0,12702.0,3032.0,2941.0,1604.0,2908.0,1540.0,5652.0,8213.0,40307.0,40745.0,43119.0
2,2022,Medical Insurance,Individual Medical,Standard,Medical Insurance,Sur,Bancassurance,Agent-014,39771.0,29262.0,24821.0,19860.0,18479.0,1381.0,3998.0,771.0,1403.0,1199.0,6855.0,8551.0,41939.0,39771.0,41697.0
2,2022,Engineering Insurance,Contractors All Risks,Construction Projects,Engineering Insurance,Sur,Direct,Agent-009,48317.0,34437.0,35499.0,33989.0,26605.0,7384.0,5084.0,892.0,3429.0,1689.0,2661.0,14732.0,52670.0,48317.0,50862.0
2,2022,Engineering Insurance,Contractors All Risks,Construction Projects,Engineering Insurance,Sur,Broker,Agent-009,35069.0,29216.0,28064.0,18763.0,14015.0,4749.0,2172.0,486.0,1460.0,1582.0,2521.0,5892.0,35410.0,35069.0,33471.0
2,2022,Engineering Insurance,Machinery Breakdown,Industrial,Engineering Insurance,Salalah,Direct,Agent-006,45194.0,41942.0,35137.0,32330.0,29610.0,2720.0,6007.0,1593.0,2757.0,1771.0,6941.0,4743.0,49334.0,45194.0,45813.0
2,2022,Engineering Insurance,Machinery Breakdown,Industrial,Engineering Insurance,Muscat HQ,Bancassurance,Agent-012,43796.0,36239.0,33586.0,22984.0,16523.0,6461.0,3284.0,1362.0,2136.0,2150.0,3326.0,8580.0,41992.0,43796.0,44100.0
2,2022,Liability Insurance,General Liability,Commercial,Liability Insurance,Sohar,Bancassurance,Agent-002,38423.0,33551.0,27051.0,17481.0,13326.0,4155.0,2040.0,1334.0,2456.0,1629.0,4898.0,10804.0,37624.0,38423.0,35603.0
2,2022,Liability Insurance,General Liability,Commercial,Liability Insurance,Sur,Broker,Agent-001,46485.0,39019.0,38541.0,31643.0,25024.0,6619.0,5206.0,1760.0,3391.0,1100.0,8782.0,5011.0,49611.0,46485.0,43337.0
2,2022,Liability Insurance,Professional Indemnity,Corporate,Liability Insurance,Sohar,Broker,Agent-007,57988.0,42998.0,39248.0,29629.0,25738.0,3891.0,8079.0,2094.0,2100.0,1674.0,10844.0,7342.0,56908.0,57988.0,62094.0
2,2022,Liability Insurance,Professional Indemnity,Corporate,Liability Insurance,Muscat HQ,Broker,Agent-005,41154.0,33507.0,33117.0,14924.0,9707.0,5216.0,4585.0,794.0,2605.0,1257.0,7531.0,14230.0,41095.0,41154.0,42950.0
2,2022,Travel Insurance,Individual Travel,Standard,Travel Insurance,Sohar,Broker,Agent-013,62220.0,56357.0,57796.0,43616.0,40818.0,2798.0,4532.0,2941.0,3644.0,2033.0,8341.0,12617.0,59589.0,62220.0,59645.0
2,2022,Travel Insurance,Group Travel,Corporate,Travel Insurance,Sur,Digital,Agent-001,44121.0,36632.0,33230.0,23638.0,15915.0,7724.0,5837.0,791.0,2905.0,1888.0,6011.0,15834.0,42278.0,44121.0,46815.0
2,2022,Travel Insurance,Group Travel,Corporate,Travel Insurance,Nizwa,Bancassurance,Agent-004,35001.0,33190.0,30039.0,23645.0,20349.0,3296.0,3335.0,1648.0,1740.0,1294.0,2306.0,5871.0,37386.0,35001.0,34422.0
2,2022,Life Insurance (Group),Group Life,Corporate,Life Insurance (Group),Sohar,Direct,Agent-006,33086.0,30564.0,24987.0,19187.0,14650.0,4537.0,3687.0,923.0,1652.0,1130.0,4543.0,8281.0,32902.0,33086.0,34768.0
3,2022,Motor Insurance,Motor Third Party Cover,Individual Vehicle,Motor Insurance,Sur,Direct,Agent-003,63448.0,46849.0,44303.0,29448.0,25287.0,4161.0,4687.0,2338.0,2713.0,2242.0,12201.0,13603.0,68216.0,63448.0,68392.0
3,2022,Motor Insurance,Motor Third Party Cover,Individual Vehicle,Motor Insurance,Sur,Digital,Agent-002,59489.0,42121.0,37838.0,41541.0,34938.0,6602.0,6144.0,1518.0,4201.0,2456.0,7154.0,21877.0,56276.0,59489.0,56352.0
3,2022,Motor Insurance,Motor Third Party Cover,Fleet,Motor Insurance,Salalah,Direct,Agent-003,22226.0,20340.0,17423.0,12253.0,11601.0,652.0,1138.0,717.0,1236.0,983.0,2296.0,4959.0,20750.0,22226.0,23083.0
3,2022,Motor Insurance,Motor Third Party Cover,Trade Plate,Motor Insurance,Salalah,Digital,Agent-013,41743.0,29249.0,25584.0,23878.0,17119.0,6759.0,3223.0,1186.0,1631.0,1498.0,6512.0,11379.0,38346.0,41743.0,44044.0
3,2022,Motor Insurance,Motor Comprehensive Cover,Individual Vehicle,Motor Insurance,Sohar,Bancassurance,Agent-007,36719.0,27597.0,23365.0,20152.0,12323.0,7828.0,2663.0,1431.0,2639.0,823.0,6694.0,12457.0,39433.0,36719.0,37884.0
3,2022,Motor Insurance,Motor Extended Warranty Cover,Standard,Motor Insurance,Nizwa,Broker,Agent-010,34656.0,25130.0,22088.0,13134.0,12224.0,910.0,3276.0,1283.0,2497.0,1723.0,2574.0,11778.0,37342.0,34656.0,32155.0
3,2022,Motor Insurance,Motor Extended Warranty Cover,Standard,Motor Insurance,Nizwa,Bancassurance,Agent-002,45811.0,35042.0,29218.0,18177.0,11563.0,6613.0,5212.0,1102.0,1871.0,1867.0,7010.0,11991.0,49796.0,45811.0,44971.0
3,2022,Property Insurance,Fire & Perils,Commercial,Property Insurance,Nizwa,Bancassurance,Agent-011,29377.0,26781.0,25306.0,17647.0,12770.0,4877.0,3465.0,1199.0,2348.0,1022.0,1739.0,8189.0,27138.0,29377.0,28177.0
3,2022,Property Insurance,Fire & Perils,Residential,Property Insurance,Muscat HQ,Digital,Agent-015,39362.0,27996.0,28508.0,24696.0,15163.0,9533.0,2079.0,1273.0,1737.0,1492.0,4534.0,14839.0,37691.0,39362.0,40490.0
3,2022,Property Insurance,Fire & Perils,Residential,Property Insurance,Sohar,Broker,Agent-010,25596.0,22647.0,20751.0,11211.0,9915.0,1296.0,3165.0,483.0,1345.0,867.0,4453.0,7811.0,26329.0,25596.0,26210.0
3,2022,Property Insurance,Property All Risks,Commercial,Property Insurance,Sohar,Digital,Agent-005,39434.0,31873.0,28990.0,17672.0,11899.0,5774.0,4290.0,761.0,1310.0,1697.0,4199.0,8442.0,38893.0,39434.0,41422.0
3,2022,Marine Insurance,Marine Cargo,Import/Export,Marine Insurance,Nizwa,Bancassurance,Agent-014,38804.0,31351.0,30942.0,20689.0,15414.0,5275.0,3979.0,881.0,1366.0,1259.0,2661.0,8659.0,39246.0,38804.0,41479.0
3,2022,Marine Insurance,Marine Cargo,Import/Export,Marine Insurance,Sohar,Broker,Agent-001,48340.0,36854.0,30575.0,21111.0,14695.0,6416.0,4357.0,1506.0,1453.0,1202.0,3095.0,12805.0,46687.0,48340.0,48714.0
3,2022,Marine Insurance,Marine Hull,Commercial Vessels,Marine Insurance,Sur,Broker,Agent-003,32626.0,23873.0,19973.0,24225.0,19772.0,4453.0,3622.0,1614.0,1123.0,1606.0,2630.0,9361.0,32104.0,32626.0,32020.0
3,2022,Medical Insurance,Group Medical,Corporate,Medical Insurance,Sur,Digital,Agent-001,45905.0,39579.0,41240.0,17124.0,15806.0,1319.0,4902.0,1752.0,1720.0,1653.0,6933.0,10874.0,42737.0,45905.0,44025.0
3,2022,Medical Insurance,Individual Medical,Standard,Medical Insurance,Nizwa,Digital,Agent-011,63905.0,44853.0,37688.0,39599.0,24591.0,15008.0,6964.0,2387.0,3796.0,1978.0,9879.0,17784.0,60168.0,63905.0,64550.0
3,2022,Engineering Insurance,Contractors All Risks,Construction Projects,Engineering Insurance,Sohar,Digital,Agent-003,36870.0,26601.0,22907.0,13069.0,12355.0,715.0,2664.0,1570.0,1417.0,1051.0,4157.0,7275.0,39070.0,36870.0,39570.0
3,2022,Engineering Insurance,Contractors All Risks,Construction Projects,Engineering Insurance,Sur,Bancassurance,Agent-006,51138.0,37688.0,38756.0,28492.0,20449.0,8042.0,3360.0,536.0,2168.0,2425.0,8672.0,19992.0,47055.0,51138.0,51892.0
3,2022,Engineering Insurance,Machinery Breakdown,Industrial,Engineering Insurance,Sur,Broker,Agent-012,38275.0,32283.0,27306.0,20578.0,17035.0,3544.0,2404.0,1807.0,2116.0,1707.0,5668.0,11980.0,39929.0,38275.0,40572.0
3,2022,Liability Insurance,General Liability,Commercial,Liability Insurance,Muscat HQ,Direct,Agent-013,63911.0,45798.0,39401.0,23921.0,18948.0,4973.0,4220.0,2200.0,4445.0,2854.0,6163.0,16916.0,64716.0,63911.0,63634.0
3,2022,Liability Insurance,Professional Indemnity,Corporate,Liability Insurance,Sohar,Bancassurance,Agent-008,59138.0,53656.0,50894.0,26490.0,22808.0,3683.0,3457.0,2423.0,3519.0,1379.0,3662.0,19235.0,56689.0,59138.0,62822.0
3,2022,Liability Insurance,Professional Indemnity,Corporate,Liability Insurance,Salalah,Bancassurance,Agent-006,53712.0,50330.0,41416.0,25807.0,17604.0,8203.0,4798.0,2132.0,2885.0,1994.0,5217.0,7648.0,51209.0,53712.0,56803.0
3,2022,Travel Insurance,Individual Travel,Standard,Travel Insurance,Nizwa,Direct,Agent-015,36165.0,27611.0,23677.0,26912.0,22798.0,4114.0,4042.0,369.0,1418.0,1413.0,3868.0,13644.0,38079.0,36165.0,35860.0
3,2022,Travel Insurance,Group Travel,Corporate,Travel Insurance,Sohar,Digital,Agent-007,43499.0,40440.0,34866.0,30651.0,19437.0,11214.0,4996.0,1797.0,2642.0,1517.0,6203.0,6329.0,41025.0,43499.0,41898.0
3,2022,Life Insurance (Group),Group Life,Corporate,Life Insurance (Group),Salalah,Direct,Agent-010,44291.0,35144.0,32034.0,22761.0,15106.0,7655.0,5455.0,1237.0,1365.0,2167.0,7634.0,14043.0,47561.0,44291.0,47174.0
4,2022,Motor Insurance,Motor Third Party Cover,Individual Vehicle,Motor Insurance,Nizwa,Broker,Agent-015,41755.0,31546.0,26135.0,25626.0,22380.0,3246.0,5265.0,946.0,1681.0,1403.0,5513.0,15689.0,44885.0,41755.0,44535.0
4,2022,Motor Insurance,Motor Third Party Cover,Fleet,Motor Insurance,Sohar,Direct,Agent-015,49823.0,35917.0,32238.0,22574.0,14887.0,7687.0,7240.0,888.0,3885.0,2134.0,7281.0,15087.0,48144.0,49823.0,50990.0
4,2022,Motor Insurance,Motor Third Party Cover,Trade Plate,Motor Insurance,Salalah,Bancassurance,Agent-003,43849.0,38491.0,37109.0,23263.0,19107.0,4156.0,2892.0,1619.0,1909.0,1236.0,3259.0,8757.0,42369.0,43849.0,43528.0
4,2022,Motor Insurance,Motor Comprehensive Cover,Individual Vehicle,Motor Insurance,Sohar,Bancassurance,Agent-003,44091.0,38457.0,39841.0,22959.0,21016.0,1943.0,2638.0,517.0,2913.0,1888.0,7780.0,5161.0,46533.0,44091.0,43220.0
4,2022,Motor Insurance,Motor Extended Warranty Cover,Standard,Motor Insurance,Sur,Digital,Agent-001,34856.0,31606.0,30338.0,22448.0,19061.0,3387.0,4735.0,605.0,1047.0,1323.0,3593.0,4780.0,32668.0,34856.0,33918.0
4,2022,Property Insurance,Fire & Perils,Commercial,Property Insurance,Sur,Bancassurance,Agent-015,53872.0,50939.0,53032.0,21927.0,18643.0,3284.0,5930.0,2027.0,1875.0,1382.0,3313.0,15151.0,59115.0,53872.0,55354.0
4,2022,Property Insurance,Fire & Perils,Commercial,Property Insurance,Muscat HQ,Direct,Agent-009,32808.0,23295.0,23685.0,16268.0,9786.0,6483.0,3305.0,1558.0,1406.0,1140.0,2496.0,3849.0,30056.0,32808.0,33999.0
4,2022,Property Insurance,Fire & Perils,Residential,Property Insurance,Sohar,Digital,Agent-013,36999.0,26148.0,24536.0,23308.0,19270.0,4038.0,3286.0,1191.0,1284.0,911.0,7021.0,12152.0,40127.0,36999.0,39466.0
4,2022,Property Insurance,Property All Risks,Commercial,Property Insurance,Sur,Broker,Agent-009,45622.0,32649.0,27013.0,17708.0,12804.0,4903.0,5480.0,1899.0,2715.0,1113.0,7399.0,9418.0,41178.0,45622.0,44020.0
4,2022,Marine Insurance,Marine Cargo,Import/Export,Marine Insurance,Sohar,Digital,Agent-004,43633.0,38130.0,31829.0,29371.0,24584.0,4787.0,3032.0,1567.0,2364.0,1448.0,2915.0,11148.0,40142.0,43633.0,41289.0
4,2022,Marine Insurance,Marine Cargo,Import/Export,Marine Insurance,Salalah,Broker,Agent-005,53119.0,41461.0,42479.0,30554.0,28161.0,2392.0,4249.0,775.0,3071.0,1613.0,9045.0,19326.0,52828.0,53119.0,57126.0
4,2022,Marine Insurance,Marine Hull,Commercial Vessels,Marine Insurance,Sohar,Broker,Agent-015,49560.0,44654.0,36855.0,23467.0,18723.0,4744.0,2691.0,653.0,3212.0,1098.0,6025.0,9992.0,46865.0,49560.0,47092.0
4,2022,Marine Insurance,Marine Hull,Commercial Vessels,Marine Insurance,Muscat HQ,Direct,Agent-003,43610.0,40990.0,38887.0,26457.0,22448.0,4009.0,5251.0,1866.0,2363.0,1570.0,4299.0,5738.0,45046.0,43610.0,40356.0
4,2022,Medical Insurance,Group Medical,Corporate,Medical Insurance,Muscat HQ,Direct,Agent-003,45494.0,38994.0,35300.0,17564.0,13203.0,4361.0,3880.0,1766.0,2682.0,1581.0,5598.0,17738.0,47826.0,45494.0,45472.0
4,2022,Medical Insurance,Individual Medical,Standard,Medical Insurance,Sohar,Direct,Agent-003,34025.0,25995.0,27291.0,21690.0,13374.0,8317.0,1912.0,375.0,2041.0,754.0,6465.0,12966.0,34338.0,34025.0,34660.0
4,2022,Medical Insurance,Individual Medical,Standard,Medical Insurance,Nizwa,Broker,Agent-005,58364.0,42103.0,36958.0,20718.0,15578.0,5140.0,7048.0,2454.0,3514.0,2650.0,6477.0,20698.0,58439.0,58364.0,55778.0
4,2022,Engineering Insurance,Contractors All Risks,Construction Projects,Engineering Insurance,Muscat HQ,Direct,Agent-009,37230.0,29474.0,26168.0,20844.0,18949.0,1895.0,2950.0,1148.0,1750.0,1662.0,2742.0,4879.0,37253.0,37230.0,38254.0
4,2022,Engineering Insurance,Contractors All Risks,Construction Projects,Engineering Insurance,Salalah,Bancassurance,Agent-013,41085.0,32793.0,26504.0,16288.0,9993.0,6294.0,3406.0,1225.0,1965.0,1513.0,5016.0,12465.0,42457.0,41085.0,39889.0
4,2022,Engineering Insurance,Machinery Breakdown,Industrial,Engineering Insurance,Sohar,Broker,Agent-005,57879.0,45295.0,44095.0,35246.0,22814.0,12433.0,5447.0,2646.0,1841.0,2642.0,4311.0,14596.0,57003.0,57879.0,53343.0
4,2022,Engineering Insurance,Machinery Breakdown,Industrial,Engineering Insurance,Salalah,Bancassurance,Agent-013,11342.0,51980.0,53571.0,32481.0,21793.0,10688.0,6722.0,1812.0,4380.0,1882.0,5120.0,8024.0,58965.0,11342.0,61014.0
4,2022,Liability Insurance,General Liability,Commercial,Liability Insurance,Nizwa,Bancassurance,Agent-015,54287.0,39496.0,38429.0,33071.0,20639.0,12432.0,7244.0,1679.0,4091.0,2516.0,9331.0,13831.0,51591.0,54287.0,54339.0
4,2022,Liability Insurance,General Liability,Commercial,Liability Insurance,Muscat HQ,Bancassurance,Agent-002,41624.0,29702.0,25986.0,18432.0,15059.0,3373.0,5356.0,512.0,3018.0,1907.0,4218.0,12391.0,40813.0,41624.0,39321.0
4,2022,Liability Insurance,Professional Indemnity,Corporate,Liability Insurance,Sur,Direct,Agent-001,50044.0,45310.0,42620.0,28677.0,27089.0,1588.0,3743.0,652.0,2907.0,1494.0,4922.0,5111.0,51007.0,50044.0,48154.0
4,2022,Liability Insurance,Professional Indemnity,Corporate,Liability Insurance,Muscat HQ,Digital,Agent-001,29618.0,27241.0,24085.0,18411.0,15922.0,2489.0,2453.0,1270.0,1913.0,1089.0,1485.0,3274.0,32525.0,29618.0,30955.0
4,2022,Travel Insurance,Individual Travel,Standard,Travel Insurance,Sohar,Broker,Agent-006,48899.0,39744.0,39640.0,17246.0,12087.0,5159.0,6119.0,2040.0,2982.0,1420.0,4721.0,19072.0,48304.0,48899.0,48485.0
4,2022,Travel Insurance,Group Travel,Corporate,Travel Insurance,Nizwa,Broker,Agent-005,41877.0,37969.0,39004.0,30271.0,24141.0,6130.0,3945.0,1600.0,3012.0,1545.0,6491.0,13607.0,43355.0,41877.0,43526.0
4,2022,Travel Insurance,Group Travel,Corporate,Travel Insurance,Sohar,Direct,Agent-009,44516.0,40687.0,38755.0,17880.0,15837.0,2043.0,5418.0,1795.0,2208.0,2031.0,4990.0,12071.0,40070.0,44516.0,45548.0
4,2022,Life Insurance (Group),Group Life,Corporate,Life Insurance (Group),Sohar,Bancassurance,Agent-014,49503.0,43085.0,37463.0,36317.0,30780.0,5537.0,7366.0,2418.0,3760.0,2112.0,7000.0,7507.0,49932.0,49503.0,51605.0
4,2022,Life Insurance (Group),Group Life,Corporate,Life Insurance (Group),Nizwa,Direct,Agent-011,68787.0,54702.0,50681.0,35971.0,22950.0,13021.0,4495.0,2993.0,3730.0,1476.0,3610.0,16649.0,64170.0,68787.0,71045.0
5,2022,Motor Insurance,Motor Third Party Cover,Individual Vehicle,Motor Insurance,Salalah,Broker,Agent-003,47836.0,37116.0,37940.0,27154.0,24711.0,2442.0,3469.0,1110.0,2561.0,1646.0,9550.0,6426.0,51203.0,47836.0,50619.0
5,2022,Motor Insurance,Motor Third Party Cover,Individual Vehicle,Motor Insurance,Sohar,Bancassurance,Agent-013,58146.0,52319.0,48372.0,41885.0,34259.0,7625.0,5898.0,2235.0,3209.0,2741.0,4516.0,22794.0,61777.0,58146.0,61502.0
5,2022,Motor Insurance,Motor Third Party Cover,Fleet,Motor Insurance,Salalah,Broker,Agent-014,46074.0,33870.0,29696.0,24341.0,17350.0,6990.0,4087.0,1972.0,1974.0,1952.0,2813.0,15192.0,48765.0,46074.0,45349.0
5,2022,Motor Insurance,Motor Third Party Cover,Trade Plate,Motor Insurance,Sur,Bancassurance,Agent-005,46938.0,38539.0,38340.0,21922.0,19321.0,2601.0,3887.0,1983.0,1612.0,1001.0,9371.0,16937.0,50532.0,46938.0,50327.0
5,2022,Motor Insurance,Motor Third Party Cover,Trade Plate,Motor Insurance,Sohar,Bancassurance,Agent-007,44279.0,36543.0,31245.0,32068.0,19286.0,12782.0,2848.0,879.0,1769.0,1185.0,6571.0,8778.0,45298.0,44279.0,47044.0
5,2022,Motor Insurance,Motor Comprehensive Cover,Individual Vehicle,Motor Insurance,Nizwa,Digital,Agent-008,49223.0,38401.0,39978.0,29471.0,20545.0,8926.0,4681.0,2137.0,3122.0,1812.0,8997.0,14852.0,50628.0,49223.0,46780.0
5,2022,Motor Insurance,Motor Extended Warranty Cover,Standard,Motor Insurance,Salalah,Broker,Agent-005,51821.0,43906.0,35803.0,35179.0,23775.0,11404.0,6760.0,1626.0,2271.0,1083.0,8933.0,7925.0,47176.0,51821.0,53943.0
5,2022,Motor Insurance,Motor Extended Warranty Cover,Standard,Motor Insurance,Salalah,Direct,Agent-011,65119.0,50424.0,42989.0,30847.0,20701.0,10145.0,5325.0,867.0,2470.0,2117.0,11846.0,7631.0,61377.0,65119.0,69374.0
5,2022,Property Insurance,Fire & Perils,Commercial,Property Insurance,Salalah,Digital,Agent-001,52740.0,39703.0,33039.0,26476.0,21221.0,5254.0,4535.0,1816.0,2363.0,1602.0,8892.0,19171.0,50863.0,52740.0,53344.0
5,2022,Property Insurance,Fire & Perils,Residential,Property Insurance,Nizwa,Digital,Agent-007,39869.0,32152.0,29636.0,16896.0,10697.0,6199.0,3381.0,1917.0,2422.0,1254.0,2226.0,11167.0,36618.0,39869.0,40141.0
5,2022,Property Insurance,Property All Risks,Commercial,Property Insurance,Salalah,Direct,Agent-012,38047.0,26868.0,24383.0,26760.0,18342.0,8418.0,4086.0,1422.0,1257.0,936.0,3793.0,11453.0,37583.0,38047.0,39472.0
5,2022,Marine Insurance,Marine Cargo,Import/Export,Marine Insurance,Sur,Bancassurance,Agent-004,45556.0,41594.0,41931.0,29252.0,25760.0,3492.0,6536.0,1321.0,2821.0,1615.0,8093.0,10451.0,48469.0,45556.0,47738.0
5,2022,Marine Insurance,Marine Cargo,Import/Export,Marine Insurance,Muscat HQ,Digital,Agent-013,64977.0,57780.0,59748.0,46313.0,37085.0,9229.0,7012.0,1085.0,5117.0,1797.0,10313.0,22010.0,64213.0,64977.0,61975.0
5,2022,Marine Insurance,Marine Hull,Commercial Vessels,Marine Insurance,Muscat HQ,Digital,Agent-004,67985.0,59776.0,51560.0,47628.0,33737.0,13891.0,4761.0,911.0,3778.0,2279.0,11061.0,16274.0,65862.0,67985.0,65393.0
5,2022,Marine Insurance,Marine Hull,Commercial Vessels,Marine Insurance,Muscat HQ,Broker,Agent-012,21809.0,17049.0,14016.0,9803.0,6082.0,3721.0,2813.0,665.0,1022.0,869.0,3154.0,8330.0,23821.0,21809.0,22439.0
5,2022,Medical Insurance,Group Medical,Corporate,Medical Insurance,Sohar,Direct,Agent-004,61202.0,44039.0,43577.0,44967.0,28318.0,16649.0,8177.0,2896.0,2528.0,2188.0,11578.0,23751.0,56647.0,61202.0,59723.0
5,2022,Medical Insurance,Individual Medical,Standard,Medical Insurance,Salalah,Broker,Agent-010,42214.0,31170.0,29318.0,25803.0,21342.0,4461.0,5397.0,1123.0,1844.0,864.0,3419.0,8178.0,39498.0,42214.0,38973.0
5,2022,Medical Insurance,Individual Medical,Standard,Medical Insurance,Sohar,Bancassurance,Agent-002,45554.0,42544.0,42525.0,26290.0,17039.0,9250.0,4847.0,568.0,2348.0,1444.0,5201.0,8380.0,47248.0,45554.0,48039.0
5,2022,Engineering Insurance,Contractors All Risks,Construction Projects,Engineering Insurance,Sur,Direct,Agent-012,39144.0,34475.0,32277.0,17939.0,12822.0,5117.0,5620.0,1369.0,2106.0,1512.0,4387.0,9436.0,37502.0,39144.0,38767.0
5,2022,Engineering Insurance,Contractors All Risks,Construction Projects,Engineering Insurance,Nizwa,Digital,Agent-006,42865.0,37320.0,35852.0,26192.0,21290.0,4902.0,6254.0,1300.0,2855.0,1764.0,3662.0,7930.0,42213.0,42865.0,41340.0
5,2022,Engineering Insurance,Machinery Breakdown,Industrial,Engineering Insurance,Nizwa,Bancassurance,Agent-008,56096.0,50547.0,45967.0,35481.0,22300.0,13181.0,5441.0,624.0,3579.0,1700.0,10792.0,11064.0,56812.0,56096.0,53919.0
5,2022,Liability Insurance,General Liability,Commercial,Liability Insurance,Salalah,Direct,Agent-001,33657.0,24498.0,20333.0,25230.0,18779.0,6451.0,1689.0,1619.0,1043.0,1096.0,5305.0,12600.0,35090.0,33657.0,33461.0
5,2022,Liability Insurance,Professional Indemnity,Corporate,Liability Insurance,Sur,Bancassurance,Agent-013,32335.0,30144.0,26035.0,13160.0,10951.0,2209.0,3285.0,1000.0,2465.0,1248.0,3125.0,7114.0,29965.0,32335.0,30743.0
5,2022,Liability Insurance,Professional Indemnity,Corporate,Liability Insurance,Sohar,Bancassurance,Agent-014,38678.0,32203.0,28776.0,23880.0,21122.0,2758.0,5342.0,1233.0,2746.0,1367.0,4687.0,13910.0,37799.0,38678.0,38034.0
5,2022,Travel Insurance,Individual Travel,Standard,Travel Insurance,Salalah,Bancassurance,Agent-011,47772.0,38582.0,32967.0,33285.0,24002.0,9283.0,6798.0,874.0,2771.0,1724.0,8327.0,6767.0,51689.0,47772.0,48012.0
5,2022,Travel Insurance,Individual Travel,Standard,Travel Insurance,Muscat HQ,Digital,Agent-014,67206.0,51472.0,45587.0,40971.0,31720.0,9252.0,3987.0,868.0,2640.0,1729.0,9492.0,10306.0,72336.0,67206.0,64085.0
5,2022,Travel Insurance,Group Travel,Corporate,Travel Insurance,Salalah,Digital,Agent-006,49738.0,46741.0,48428.0,31632.0,19742.0,11889.0,5438.0,2465.0,3847.0,1153.0,5441.0,9682.0,46054.0,49738.0,51288.0
5,2022,Travel Insurance,Group Travel,Corporate,Travel Insurance,Sur,Bancassurance,Agent-006,29655.0,24451.0,20527.0,15505.0,10081.0,5424.0,4311.0,469.0,1664.0,768.0,1822.0,4765.0,27015.0,29655.0,27944.0
5,2022,Life Insurance (Group),Group Life,Corporate,Life Insurance (Group),Salalah,Direct,Agent-011,36290.0,30676.0,26337.0,18102.0,11317.0,6786.0,2613.0,1040.0,2886.0,1810.0,7147.0,8235.0,33246.0,36290.0,35265.0
6,2022,Motor Insurance,Motor Third Party Cover,Individual Vehicle,Motor Insurance,Sur,Direct,Agent-003,74356.0,58363.0,49322.0,47323.0,34309.0,13014.0,10052.0,1460.0,4232.0,1898.0,9242.0,10837.0,69323.0,74356.0,75691.0
6,2022,Motor Insurance,Motor Third Party Cover,Fleet,Motor Insurance,Nizwa,Bancassurance,Agent-010,41207.0,34666.0,32485.0,18553.0,14072.0,4481.0,2422.0,1601.0,1693.0,1063.0,4007.0,15276.0,43650.0,41207.0,44153.0
6,2022,Motor Insurance,Motor Third Party Cover,Fleet,Motor Insurance,Sohar,Bancassurance,Agent-014,50637.0,41913.0,37251.0,30693.0,24283.0,6410.0,3160.0,1302.0,2312.0,2299.0,5409.0,17544.0,50053.0,50637.0,52691.0
6,2022,Motor Insurance,Motor Third Party Cover,Trade Plate,Motor Insurance,Sohar,Broker,Agent-013,44206.0,33613.0,29118.0,21957.0,18688.0,3269.0,6408.0,1625.0,2536.0,1479.0,7702.0,15688.0,42376.0,44206.0,47413.0
6,2022,Motor Insurance,Motor Third Party Cover,Trade Plate,Motor Insurance,Muscat HQ,Direct,Agent-013,33063.0,28960.0,24338.0,19324.0,12398.0,6926.0,4262.0,703.0,2141.0,1564.0,2551.0,7203.0,34036.0,33063.0,32638.0
6,2022,Motor Insurance,Motor Comprehensive Cover,Individual Vehicle,Motor Insurance,Sohar,Direct,Agent-012,40710.0,34338.0,28812.0,21587.0,15744.0,5843.0,3152.0,1595.0,1852.0,1474.0,7673.0,10657.0,41662.0,40710.0,37930.0
6,2022,Motor Insurance,Motor Extended Warranty Cover,Standard,Motor Insurance,Sur,Bancassurance,Agent-001,37205.0,27778.0,23745.0,17832.0,14388.0,3444.0,4174.0,1394.0,2800.0,1073.0,5537.0,9968.0,35760.0,37205.0,39630.0
6,2022,Motor Insurance,Motor Extended Warranty Cover,Standard,Motor Insurance,Nizwa,Bancassurance,Agent-014,47051.0,39036.0,34368.0,32047.0,27874.0,4173.0,4707.0,1916.0,2042.0,1773.0,8459.0,9194.0,46897.0,47051.0,50447.0
6,2022,Property Insurance,Fire & Perils,Commercial,Property Insurance,Salalah,Digital,Agent-011,30308.0,22372.0,20799.0,16418.0,14439.0,1979.0,4269.0,1189.0,1859.0,995.0,3835.0,7662.0,27401.0,30308.0,30323.0
6,2022,Property Insurance,Fire & Perils,Residential,Property Insurance,Nizwa,Bancassurance,Agent-009,43017.0,35800.0,28940.0,21646.0,16582.0,5064.0,3249.0,484.0,2775.0,1422.0,4833.0,7528.0,43342.0,43017.0,42590.0
6,2022,Property Insurance,Property All Risks,Commercial,Property Insurance,Muscat HQ,Digital,Agent-015,47939.0,34409.0,31407.0,20755.0,16258.0,4497.0,3740.0,2129.0,2388.0,1877.0,4187.0,5073.0,47020.0,47939.0,48219.0
6,2022,Marine Insurance,Marine Cargo,Import/Export,Marine Insurance,Nizwa,Bancassurance,Agent-002,13654.0,10565.0,10536.0,7813.0,6361.0,1452.0,2029.0,494.0,1023.0,570.0,944.0,4230.0,13611.0,13654.0,14569.0
6,2022,Marine Insurance,Marine Hull,Commercial Vessels,Marine Insurance,Muscat HQ,Digital,Agent-002,35816.0,29487.0,24185.0,22903.0,18170.0,4733.0,4785.0,759.0,2004.0,843.0,6543.0,5462.0,32967.0,35816.0,34126.0
6,2022,Marine Insurance,Marine Hull,Commercial Vessels,Marine Insurance,Salalah,Direct,Agent-003,60318.0,53474.0,52820.0,25697.0,15972.0,9724.0,5723.0,1092.0,3918.0,1852.0,7081.0,8085.0,61133.0,60318.0,57283.0
6,2022,Medical Insurance,Group Medical,Corporate,Medical Insurance,Salalah,Digital,Agent-011,49281.0,36735.0,29518.0,23841.0,15580.0,8261.0,3540.0,2213.0,2965.0,1246.0,6579.0,8710.0,53974.0,49281.0,45596.0
6,2022,Medical Insurance,Group Medical,Corporate,Medical Insurance,Muscat HQ,Bancassurance,Agent-013,48664.0,38740.0,39400.0,27485.0,22795.0,4690.0,6244.0,2099.0,2619.0,1716.0,7674.0,8711.0,52114.0,48664.0,44933.0
6,2022,Medical Insurance,Individual Medical,Standard,Medical Insurance,Salalah,Bancassurance,Agent-008,36777.0,27461.0,25613.0,25320.0,15818.0,9502.0,1951.0,1052.0,2862.0,1043.0,7130.0,13472.0,35182.0,36777.0,38642.0
6,2022,Engineering Insurance,Contractors All Risks,Construction Projects,Engineering Insurance,Sur,Broker,Agent-002,144346.0,51865.0,51306.0,43263.0,33204.0,10060.0,7546.0,2569.0,2343.0,1228.0,6392.0,20614.0,55303.0,144346.0,59586.0
6,2022,Engineering Insurance,Machinery Breakdown,Industrial,Engineering Insurance,Muscat HQ,Bancassurance,Agent-015,44653.0,41266.0,34625.0,31878.0,21541.0,10337.0,6672.0,1527.0,1528.0,980.0,2734.0,12367.0,47417.0,44653.0,43959.0
6,2022,Engineering Insurance,Machinery Breakdown,Industrial,Engineering Insurance,Sohar,Digital,Agent-013,35291.0,28866.0,28244.0,26430.0,19099.0,7332.0,1808.0,530.0,2035.0,1070.0,6740.0,10172.0,35434.0,35291.0,36974.0
6,2022,Liability Insurance,General Liability,Commercial,Liability Insurance,Muscat HQ,Direct,Agent-014,61558.0,57476.0,57302.0,42564.0,31452.0,11112.0,8152.0,1972.0,3751.0,1340.0,4939.0,16331.0,56126.0,61558.0,63936.0
6,2022,Liability Insurance,Professional Indemnity,Corporate,Liability Insurance,Muscat HQ,Broker,Agent-015,53456.0,38323.0,35200.0,36676.0,22908.0,13768.0,2770.0,588.0,2970.0,2371.0,3695.0,7344.0,54189.0,53456.0,51183.0
6,2022,Liability Insurance,Professional Indemnity,Corporate,Liability Insurance,Nizwa,Direct,Agent-012,47666.0,43819.0,40747.0,32552.0,21615.0,10937.0,2709.0,1727.0,1554.0,2230.0,7328.0,18383.0,45891.0,47666.0,47560.0
6,2022,Travel Insurance,Individual Travel,Standard,Travel Insurance,Sohar,Bancassurance,Agent-011,48502.0,45820.0,45186.0,19267.0,14766.0,4502.0,5281.0,769.0,2503.0,1383.0,3290.0,12301.0,45258.0,48502.0,49204.0
6,2022,Travel Insurance,Individual Travel,Standard,Travel Insurance,Muscat HQ,Broker,Agent-008,40357.0,28515.0,26533.0,19292.0,13095.0,6197.0,3921.0,1763.0,3058.0,1174.0,2952.0,12755.0,41019.0,40357.0,38427.0
6,2022,Travel Insurance,Group Travel,Corporate,Travel Insurance,Nizwa,Broker,Agent-014,26114.0,21146.0,17870.0,17042.0,11162.0,5880.0,3338.0,1095.0,1758.0,537.0,2376.0,6280.0,26613.0,26114.0,27865.0
6,2022,Life Insurance (Group),Group Life,Corporate,Life Insurance (Group),Muscat HQ,Broker,Agent-009,70100.0,49986.0,49268.0,28759.0,19843.0,8917.0,8939.0,2200.0,2152.0,1407.0,8875.0,13423.0,65618.0,70100.0,71374.0
6,2022,Life Insurance (Group),Group Life,Corporate,Life Insurance (Group),Salalah,Broker,Agent-007,46202.0,34498.0,28790.0,20548.0,12543.0,8005.0,3734.0,2129.0,3307.0,1440.0,6301.0,12484.0,49239.0,46202.0,44252.0
7,2022,Motor Insurance,Motor Third Party Cover,Individual Vehicle,Motor Insurance,Salalah,Broker,Agent-011,39349.0,36181.0,37193.0,15498.0,11783.0,3714.0,3468.0,1164.0,2272.0,811.0,6939.0,15429.0,40556.0,39349.0,40359.0
7,2022,Motor Insurance,Motor Third Party Cover,Fleet,Motor Insurance,Sur,Broker,Agent-001,27426.0,19506.0,19626.0,14216.0,10594.0,3623.0,2269.0,1338.0,1063.0,673.0,2052.0,8161.0,30124.0,27426.0,26265.0
7,2022,Motor Insurance,Motor Third Party Cover,Trade Plate,Motor Insurance,Muscat HQ,Direct,Agent-012,53834.0,44354.0,42742.0,30391.0,20764.0,9626.0,7152.0,2627.0,2851.0,2104.0,9074.0,9283.0,57758.0,53834.0,51941.0
7,2022,Motor Insurance,Motor Third Party Cover,Trade Plate,Motor Insurance,Salalah,Digital,Agent-007,40435.0,33611.0,34034.0,30263.0,19294.0,10970.0,3119.0,983.0,2181.0,1408.0,7215.0,13391.0,36544.0,40435.0,40144.0
7,2022,Motor Insurance,Motor Comprehensive Cover,Individual Vehicle,Motor Insurance,Muscat HQ,Digital,Agent-004,39413.0,31645.0,26801.0,25718.0,18324.0,7394.0,4292.0,1207.0,2911.0,933.0,2646.0,7492.0,38871.0,39413.0,38143.0
7,2022,Motor Insurance,Motor Extended Warranty Cover,Standard,Motor Insurance,Muscat HQ,Direct,Agent-002,48737.0,43539.0,44089.0,31354.0,24935.0,6419.0,5966.0,1816.0,2033.0,1780.0,8070.0,9510.0,50238.0,48737.0,48592.0
7,2022,Motor Insurance,Motor Extended Warranty Cover,Standard,Motor Insurance,Salalah,Direct,Agent-008,51346.0,47055.0,39307.0,25490.0,15728.0,9762.0,2719.0,2546.0,2807.0,1575.0,4684.0,20230.0,48802.0,51346.0,53200.0
7,2022,Property Insurance,Fire & Perils,Commercial,Property Insurance,Sur,Digital,Agent-004,45232.0,39304.0,33903.0,29330.0,25500.0,3830.0,5537.0,497.0,2949.0,2248.0,3908.0,8244.0,48068.0,45232.0,42774.0
7,2022,Property Insurance,Fire & Perils,Commercial,Property Insurance,Muscat HQ,Digital,Agent-013,37596.0,31730.0,27791.0,26338.0,17303.0,9035.0,3249.0,1652.0,1486.0,1678.0,2326.0,9278.0,34403.0,37596.0,38666.0
7,2022,Property Insurance,Fire & Perils,Residential,Property Insurance,Sur,Digital,Agent-005,49672.0,44320.0,41060.0,35520.0,29315.0,6205.0,6872.0,965.0,2724.0,2081.0,3994.0,8116.0,54421.0,49672.0,49152.0
7,2022,Property Insurance,Fire & Perils,Residential,Property Insurance,Nizwa,Broker,Agent-013,48882.0,41831.0,43118.0,36399.0,30142.0,6257.0,5865.0,1118.0,3561.0,1297.0,3224.0,19160.0,52442.0,48882.0,47346.0
7,2022,Property Insurance,Property All Risks,Commercial,Property Insurance,Muscat HQ,Broker,Agent-006,41851.0,30719.0,28794.0,22124.0,17241.0,4884.0,2994.0,1990.0,2592.0,1967.0,2779.0,12005.0,44777.0,41851.0,40719.0
7,2022,Marine Insurance,Marine Cargo,Import/Export,Marine Insurance,Sohar,Digital,Agent-011,57471.0,44913.0,38976.0,35023.0,21664.0,13359.0,4830.0,2160.0,2229.0,1530.0,4603.0,5763.0,57170.0,57471.0,53232.0
7,2022,Marine Insurance,Marine Hull,Commercial Vessels,Marine Insurance,Sur,Digital,Agent-007,57694.0,44857.0,41086.0,39680.0,34955.0,4725.0,3613.0,864.0,2933.0,2660.0,10518.0,7628.0,58551.0,57694.0,54516.0
7,2022,Marine Insurance,Marine Hull,Commercial Vessels,Marine Insurance,Sohar,Broker,Agent-002,64483.0,54476.0,49145.0,43485.0,31271.0,12214.0,8866.0,1351.0,2442.0,1883.0,3562.0,11889.0,66548.0,64483.0,60792.0
7,2022,Medical Insurance,Group Medical,Corporate,Medical Insurance,Muscat HQ,Broker,Agent-011,50351.0,44813.0,44109.0,37701.0,27211.0,10490.0,3955.0,1416.0,3667.0,2108.0,6080.0,8729.0,52637.0,50351.0,53207.0
7,2022,Medical Insurance,Group Medical,Corporate,Medical Insurance,Sohar,Digital,Agent-007,46785.0,38346.0,35709.0,30892.0,29104.0,1788.0,4418.0,1108.0,2277.0,1124.0,4423.0,5892.0,46110.0,46785.0,44295.0
7,2022,Medical Insurance,Individual Medical,Standard,Medical Insurance,Nizwa,Digital,Agent-004,55424.0,51284.0,48296.0,23695.0,17076.0,6619.0,6043.0,1677.0,2075.0,1851.0,7286.0,9987.0,56671.0,55424.0,51613.0
7,2022,Engineering Insurance,Contractors All Risks,Construction Projects,Engineering Insurance,Sohar,Digital,Agent-006,68892.0,55286.0,48603.0,49358.0,35545.0,13813.0,5075.0,3195.0,4636.0,2787.0,3956.0,9601.0,70798.0,68892.0,65689.0
7,2022,Engineering Insurance,Machinery Breakdown,Industrial,Engineering Insurance,Sohar,Direct,Agent-014,54445.0,38607.0,35163.0,32496.0,29380.0,3116.0,3326.0,973.0,3076.0,1684.0,6663.0,20539.0,54934.0,54445.0,53706.0
7,2022,Liability Insurance,General Liability,Commercial,Liability Insurance,Sur,Direct,Agent-012,44772.0,36979.0,38107.0,24756.0,18652.0,6104.0,3459.0,1628.0,2618.0,1183.0,7003.0,13128.0,43853.0,44772.0,41222.0
7,2022,Liability Insurance,General Liability,Commercial,Liability Insurance,Muscat HQ,Broker,Agent-008,33661.0,24252.0,21073.0,20607.0,14590.0,6017.0,5041.0,1570.0,1995.0,1650.0,6066.0,6586.0,35341.0,33661.0,31705.0
7,2022,Liability Insurance,Professional Indemnity,Corporate,Liability Insurance,Muscat HQ,Direct,Agent-007,48306.0,45352.0,39862.0,20413.0,13588.0,6825.0,4730.0,2111.0,3280.0,1599.0,3928.0,5498.0,47945.0,48306.0,50739.0
7,2022,Liability Insurance,Professional Indemnity,Corporate,Liability Insurance,Sohar,Broker,Agent-008,37885.0,30651.0,28958.0,21102.0,17691.0,3411.0,3818.0,1804.0,1947.0,776.0,3237.0,9478.0,38192.0,37885.0,38202.0
7,2022,Travel Insurance,Individual Travel,Standard,Travel Insurance,Sohar,Direct,Agent-013,51904.0,41670.0,37525.0,21881.0,16299.0,5582.0,6679.0,2406.0,3098.0,1504.0,7907.0,16715.0,50162.0,51904.0,54616.0
7,2022,Travel Insurance,Individual Travel,Standard,Travel Insurance,Muscat HQ,Broker,Agent-002,34122.0,31383.0,28441.0,15695.0,11774.0,3921.0,3053.0,753.0,1259.0,1354.0,2405.0,11350.0,32086.0,34122.0,35386.0
7,2022,Travel Insurance,Group Travel,Corporate,Travel Insurance,Muscat HQ,Digital,Agent-010,55798.0,45518.0,43586.0,20048.0,13985.0,6064.0,5610.0,2536.0,2431.0,2414.0,8332.0,7509.0,53492.0,55798.0,53458.0
7,2022,Travel Insurance,Group Travel,Corporate,Travel Insurance,Nizwa,Digital,Agent-002,51063.0,38866.0,37854.0,29810.0,23304.0,6506.0,5384.0,964.0,3269.0,1615.0,5337.0,7400.0,52052.0,51063.0,51902.0
7,2022,Life Insurance (Group),Group Life,Corporate,Life Insurance (Group),Nizwa,Broker,Agent-010,27023.0,23611.0,21214.0,20264.0,13754.0,6510.0,2109.0,748.0,1174.0,1101.0,3300.0,4493.0,27057.0,27023.0,28704.0
7,2022,Life Insurance (Group),Group Life,Corporate,Life Insurance (Group),Salalah,Broker,Agent-012,48758.0,44838.0,43831.0,28224.0,25622.0,2602.0,3031.0,1819.0,1991.0,1152.0,5843.0,10542.0,53060.0,48758.0,47385.0
8,2022,Motor Insurance,Motor Third Party Cover,Individual Vehicle,Motor Insurance,Nizwa,Bancassurance,Agent-012,39630.0,31783.0,28523.0,16422.0,11438.0,4984.0,5468.0,1148.0,1865.0,1050.0,4864.0,12484.0,37940.0,39630.0,41265.0
8,2022,Motor Insurance,Motor Third Party Cover,Fleet,Motor Insurance,Salalah,Digital,Agent-010,44523.0,32877.0,29292.0,28483.0,23387.0,5096.0,3063.0,1974.0,1454.0,1685.0,8797.0,11552.0,47200.0,44523.0,45201.0
8,2022,Motor Insurance,Motor Third Party Cover,Trade Plate,Motor Insurance,Nizwa,Direct,Agent-004,22322.0,19765.0,16988.0,16568.0,11262.0,5306.0,1644.0,990.0,941.0,688.0,3509.0,3295.0,20800.0,22322.0,22273.0
8,2022,Motor Insurance,Motor Third Party Cover,Trade Plate,Motor Insurance,Salalah,Digital,Agent-002,44481.0,35257.0,31010.0,16123.0,13179.0,2944.0,5012.0,571.0,2040.0,2054.0,6108.0,9946.0,44171.0,44481.0,42405.0
8,2022,Motor Insurance,Motor Comprehensive Cover,Individual Vehicle,Motor Insurance,Salalah,Direct,Agent-014,25849.0,20102.0,16889.0,12223.0,8758.0,3466.0,2929.0,455.0,1964.0,597.0,1319.0,9215.0,26902.0,25849.0,25250.0
8,2022,Motor Insurance,Motor Comprehensive Cover,Individual Vehicle,Motor Insurance,Muscat HQ,Bancassurance,Agent-008,56244.0,44337.0,42289.0,24593.0,20462.0,4131.0,7125.0,937.0,1811.0,1867.0,9342.0,16605.0,58515.0,56244.0,55369.0
8,2022,Motor Insurance,Motor Extended Warranty Cover,Standard,Motor Insurance,Salalah,Broker,Agent-005,31774.0,23807.0,20779.0,17559.0,13527.0,4032.0,3498.0,874.0,2414.0,1436.0,5779.0,9178.0,32632.0,31774.0,32330.0
8,2022,Property Insurance,Fire & Perils,Commercial,Property Insurance,Sohar,Bancassurance,Agent-006,38844.0,27263.0,27615.0,14317.0,11220.0,3097.0,4331.0,696.0,2905.0,998.0,7096.0,12776.0,36830.0,38844.0,36673.0
8,2022,Property Insurance,Fire & Perils,Commercial,Property Insurance,Sur,Bancassurance,Agent-008,29219.0,27750.0,23793.0,19935.0,13071.0,6864.0,4325.0,556.0,1493.0,1074.0,1988.0,10082.0,27903.0,29219.0,29450.0
8,2022,Property Insurance,Fire & Perils,Residential,Property Insurance,Sohar,Digital,Agent-010,33557.0,24842.0,21750.0,13690.0,12632.0,1059.0,3399.0,1173.0,1607.0,949.0,4211.0,6319.0,32508.0,33557.0,33303.0
8,2022,Property Insurance,Property All Risks,Commercial,Property Insurance,Sur,Broker,Agent-001,69780.0,51454.0,45666.0,44445.0,29381.0,15064.0,7546.0,1861.0,2273.0,3349.0,7818.0,23389.0,68612.0,69780.0,74663.0
8,2022,Marine Insurance,Marine Cargo,Import/Export,Marine Insurance,Sur,Direct,Agent-013,28038.0,22180.0,23261.0,16045.0,13498.0,2547.0,3206.0,1209.0,2049.0,1035.0,2641.0,2996.0,28679.0,28038.0,29498.0
8,2022,Marine Insurance,Marine Cargo,Import/Export,Marine Insurance,Salalah,Direct,Agent-007,48308.0,43920.0,37022.0,28736.0,24819.0,3917.0,6937.0,709.0,3687.0,1838.0,7971.0,5610.0,48367.0,48308.0,49255.0
8,2022,Marine Insurance,Marine Hull,Commercial Vessels,Marine Insurance,Sohar,Digital,Agent-004,50142.0,35624.0,32413.0,21838.0,20109.0,1729.0,7404.0,1102.0,1943.0,1333.0,6100.0,18169.0,50142.0,50142.0,46575.0
8,2022,Medical Insurance,Group Medical,Corporate,Medical Insurance,Sur,Direct,Agent-001,30713.0,25822.0,22716.0,22168.0,15870.0,6298.0,4100.0,1408.0,1664.0,1438.0,2811.0,9138.0,28182.0,30713.0,30585.0
8,2022,Medical Insurance,Individual Medical,Standard,Medical Insurance,Muscat HQ,Bancassurance,Agent-011,57167.0,48442.0,44267.0,26909.0,25481.0,1428.0,8229.0,859.0,2902.0,2256.0,9148.0,12000.0,59983.0,57167.0,53729.0
8,2022,Engineering Insurance,Contractors All Risks,Construction Projects,Engineering Insurance,Nizwa,Broker,Agent-001,57234.0,40734.0,34363.0,21142.0,14107.0,7035.0,2886.0,1727.0,3229.0,2274.0,6166.0,5778.0,59225.0,57234.0,53153.0
8,2022,Engineering Insurance,Contractors All Risks,Construction Projects,Engineering Insurance,Nizwa,Direct,Agent-013,41457.0,38295.0,36117.0,24599.0,20628.0,3971.0,2580.0,1534.0,3069.0,2041.0,4828.0,8430.0,43557.0,41457.0,41741.0
8,2022,Engineering Insurance,Machinery Breakdown,Industrial,Engineering Insurance,Nizwa,Direct,Agent-006,33191.0,24646.0,19838.0,12309.0,11391.0,917.0,1902.0,429.0,1745.0,908.0,6453.0,12390.0,32559.0,33191.0,32919.0
8,2022,Liability Insurance,General Liability,Commercial,Liability Insurance,Salalah,Broker,Agent-012,57908.0,42018.0,39506.0,22556.0,14346.0,8210.0,5678.0,1604.0,2136.0,1166.0,4572.0,9889.0,61386.0,57908.0,61758.0
8,2022,Liability Insurance,Professional Indemnity,Corporate,Liability Insurance,Nizwa,Digital,Agent-002,45127.0,33666.0,27839.0,23694.0,18900.0,4793.0,2882.0,981.0,2044.0,1256.0,5375.0,13354.0,45212.0,45127.0,42971.0
8,2022,Liability Insurance,Professional Indemnity,Corporate,Liability Insurance,Sohar,Broker,Agent-001,48161.0,36821.0,36858.0,31338.0,28409.0,2929.0,5308.0,1296.0,2472.0,1244.0,7110.0,13269.0,44837.0,48161.0,51133.0
8,2022,Travel Insurance,Individual Travel,Standard,Travel Insurance,Salalah,Broker,Agent-005,24818.0,23062.0,21277.0,18180.0,16477.0,1703.0,3289.0,1102.0,1218.0,1060.0,3390.0,7840.0,23219.0,24818.0,25737.0
8,2022,Travel Insurance,Individual Travel,Standard,Travel Insurance,Salalah,Digital,Agent-010,19593.0,15569.0,13232.0,7738.0,6768.0,969.0,2067.0,437.0,1184.0,587.0,2297.0,7030.0,20252.0,19593.0,20416.0
8,2022,Travel Insurance,Group Travel,Corporate,Travel Insurance,Sur,Broker,Agent-005,42735.0,30903.0,29003.0,25442.0,21730.0,3712.0,3570.0,448.0,2633.0,2135.0,4025.0,6632.0,40870.0,42735.0,42225.0
8,2022,Life Insurance (Group),Group Life,Corporate,Life Insurance (Group),Nizwa,Broker,Agent-003,32462.0,25938.0,21010.0,23281.0,17284.0,5997.0,2688.0,437.0,2003.0,1490.0,1824.0,4661.0,30166.0,32462.0,32994.0
8,2022,Life Insurance (Group),Group Life,Corporate,Life Insurance (Group),Salalah,Digital,Agent-005,42181.0,37357.0,32190.0,17477.0,12675.0,4802.0,5381.0,1595.0,2670.0,1893.0,3862.0,8516.0,38320.0,42181.0,44669.0
9,2022,Motor Insurance,Motor Third Party Cover,Individual Vehicle,Motor Insurance,Muscat HQ,Broker,Agent-010,21273.0,18873.0,18241.0,9179.0,8442.0,738.0,2666.0,772.0,1331.0,1003.0,4026.0,5929.0,20918.0,21273.0,20809.0
9,2022,Motor Insurance,Motor Third Party Cover,Fleet,Motor Insurance,Muscat HQ,Broker,Agent-004,49030.0,45355.0,46313.0,35828.0,26862.0,8966.0,6296.0,2115.0,2245.0,1194.0,9784.0,5348.0,49985.0,49030.0,50209.0
9,2022,Motor Insurance,Motor Third Party Cover,Trade Plate,Motor Insurance,Nizwa,Digital,Agent-015,65514.0,59439.0,50807.0,41188.0,36006.0,5182.0,4514.0,1279.0,4518.0,1479.0,5150.0,15505.0,71151.0,65514.0,66163.0
9,2022,Motor Insurance,Motor Third Party Cover,Trade Plate,Motor Insurance,Muscat HQ,Direct,Agent-012,20960.0,16944.0,15299.0,9953.0,7106.0,2847.0,2490.0,244.0,1343.0,546.0,2256.0,3017.0,21181.0,20960.0,21729.0
9,2022,Motor Insurance,Motor Comprehensive Cover,Individual Vehicle,Motor Insurance,Muscat HQ,Direct,Agent-014,55899.0,42870.0,42599.0,26970.0,17964.0,9007.0,6861.0,1607.0,1764.0,2728.0,4034.0,11516.0,54611.0,55899.0,55805.0
9,2022,Motor Insurance,Motor Extended Warranty Cover,Standard,Motor Insurance,Nizwa,Direct,Agent-002,49768.0,46666.0,46868.0,35889.0,29083.0,6806.0,4267.0,1379.0,3130.0,1633.0,7950.0,6348.0,53052.0,49768.0,47412.0
9,2022,Motor Insurance,Motor Extended Warranty Cover,Standard,Motor Insurance,Muscat HQ,Bancassurance,Agent-008,57870.0,52354.0,51552.0,42489.0,29517.0,12972.0,7677.0,1394.0,3291.0,1931.0,2944.0,15760.0,60735.0,57870.0,54857.0
9,2022,Property Insurance,Fire & Perils,Commercial,Property Insurance,Muscat HQ,Bancassurance,Agent-001,49788.0,37240.0,30384.0,31074.0,19848.0,11226.0,3018.0,1971.0,1631.0,2205.0,8435.0,7091.0,49971.0,49788.0,46574.0
9,2022,Property Insurance,Fire & Perils,Residential,Property Insurance,Sur,Digital,Agent-003,62208.0,54166.0,45070.0,26988.0,20453.0,6536.0,6676.0,3108.0,1947.0,1245.0,6380.0,13054.0,66984.0,62208.0,66315.0
9,2022,Property Insurance,Fire & Perils,Residential,Property Insurance,Nizwa,Direct,Agent-007,46651.0,41355.0,36316.0,28704.0,19605.0,9099.0,3841.0,2072.0,1984.0,2283.0,4476.0,4994.0,44365.0,46651.0,44197.0
9,2022,Property Insurance,Property All Risks,Commercial,Property Insurance,Nizwa,Broker,Agent-005,41201.0,32961.0,32845.0,24168.0,15356.0,8812.0,4273.0,1183.0,1910.0,960.0,8123.0,6296.0,38669.0,41201.0,38864.0
9,2022,Property Insurance,Property All Risks,Commercial,Property Insurance,Salalah,Broker,Agent-005,37330.0,32417.0,28217.0,26732.0,18906.0,7827.0,2606.0,1799.0,2633.0,1131.0,6578.0,9543.0,36186.0,37330.0,39359.0
9,2022,Marine Insurance,Marine Cargo,Import/Export,Marine Insurance,Nizwa,Broker,Agent-006,25977.0,18191.0,18927.0,14803.0,11982.0,2821.0,2857.0,832.0,1156.0,1277.0,3721.0,7826.0,25742.0,25977.0,25095.0
9,2022,Marine Insurance,Marine Hull,Commercial Vessels,Marine Insurance,Muscat HQ,Bancassurance,Agent-003,42860.0,39420.0,34520.0,20708.0,17283.0,3425.0,2783.0,2022.0,2066.0,987.0,3266.0,16279.0,40692.0,42860.0,43973.0
9,2022,Marine Insurance,Marine Hull,Commercial Vessels,Marine Insurance,Sur,Bancassurance,Agent-012,44086.0,32491.0,26145.0,24269.0,21889.0,2379.0,3641.0,667.0,3488.0,1777.0,7830.0,14356.0,45834.0,44086.0,43271.0
9,2022,Medical Insurance,Group Medical,Corporate,Medical Insurance,Sohar,Broker,Agent-015,32645.0,27492.0,24019.0,17818.0,14518.0,3300.0,3025.0,1360.0,1934.0,662.0,4423.0,9470.0,35356.0,32645.0,32194.0
9,2022,Medical Insurance,Group Medical,Corporate,Medical Insurance,Sohar,Digital,Agent-004,56095.0,51850.0,53281.0,31931.0,25378.0,6552.0,3128.0,1903.0,2887.0,2315.0,3201.0,17573.0,53704.0,56095.0,57456.0
9,2022,Medical Insurance,Individual Medical,Standard,Medical Insurance,Sohar,Bancassurance,Agent-003,54550.0,46444.0,37953.0,28757.0,20392.0,8365.0,6228.0,1886.0,1665.0,2086.0,8740.0,18035.0,49739.0,54550.0,52837.0
9,2022,Engineering Insurance,Contractors All Risks,Construction Projects,Engineering Insurance,Sohar,Digital,Agent-002,18296.0,13325.0,12887.0,8325.0,7068.0,1257.0,1003.0,595.0,907.0,803.0,3066.0,3891.0,18745.0,18296.0,17498.0
9,2022,Engineering Insurance,Contractors All Risks,Construction Projects,Engineering Insurance,Sohar,Direct,Agent-002,100281.0,29911.0,30535.0,21178.0,17086.0,4092.0,3451.0,864.0,1610.0,1900.0,6816.0,5615.0,42092.0,100281.0,39589.0
9,2022,Engineering Insurance,Machinery Breakdown,Industrial,Engineering Insurance,Salalah,Broker,Agent-006,52322.0,39989.0,40907.0,32066.0,28581.0,3486.0,5835.0,2342.0,2516.0,1908.0,6665.0,19418.0,48815.0,52322.0,52975.0
9,2022,Liability Insurance,General Liability,Commercial,Liability Insurance,Sur,Direct,Agent-005,56848.0,42257.0,39975.0,29460.0,17833.0,11627.0,3239.0,1013.0,3892.0,2658.0,7495.0,7485.0,57239.0,56848.0,60082.0
9,2022,Liability Insurance,General Liability,Commercial,Liability Insurance,Sohar,Digital,Agent-014,74871.0,69268.0,70205.0,27814.0,24706.0,3107.0,4471.0,938.0,5086.0,2702.0,8399.0,27789.0,79952.0,74871.0,69572.0
9,2022,Liability Insurance,Professional Indemnity,Corporate,Liability Insurance,Nizwa,Bancassurance,Agent-015,39306.0,34256.0,28296.0,16875.0,15005.0,1870.0,5883.0,548.0,1376.0,1686.0,2345.0,4739.0,42363.0,39306.0,41196.0
9,2022,Liability Insurance,Professional Indemnity,Corporate,Liability Insurance,Salalah,Digital,Agent-012,49718.0,38515.0,33465.0,35029.0,29364.0,5665.0,6939.0,807.0,3859.0,1908.0,7468.0,18605.0,48532.0,49718.0,51464.0
9,2022,Travel Insurance,Individual Travel,Standard,Travel Insurance,Sur,Broker,Agent-004,50634.0,36300.0,30702.0,37044.0,34785.0,2259.0,7430.0,581.0,2487.0,2167.0,8250.0,6368.0,51743.0,50634.0,47741.0
9,2022,Travel Insurance,Group Travel,Corporate,Travel Insurance,Muscat HQ,Broker,Agent-004,59746.0,55428.0,54661.0,43180.0,33011.0,10169.0,5457.0,1454.0,3633.0,1825.0,9675.0,20337.0,64237.0,59746.0,57287.0
9,2022,Life Insurance (Group),Group Life,Corporate,Life Insurance (Group),Muscat HQ,Digital,Agent-013,52018.0,43552.0,42723.0,20029.0,18997.0,1033.0,7773.0,1488.0,3813.0,1420.0,8356.0,18922.0,55292.0,52018.0,54613.0
10,2022,Motor Insurance,Motor Third Party Cover,Individual Vehicle,Motor Insurance,Nizwa,Digital,Agent-011,42930.0,31276.0,31057.0,25766.0,20143.0,5623.0,6041.0,1562.0,2138.0,1392.0,6044.0,14084.0,43482.0,42930.0,42990.0
10,2022,Motor Insurance,Motor Third Party Cover,Fleet,Motor Insurance,Sur,Broker,Agent-011,49634.0,44111.0,40955.0,18855.0,15794.0,3061.0,6038.0,1536.0,3459.0,1440.0,3985.0,10186.0,48741.0,49634.0,51190.0
10,2022,Motor Insurance,Motor Third Party Cover,Fleet,Motor Insurance,Sur,Bancassurance,Agent-014,63392.0,50178.0,42129.0,39600.0,27200.0,12400.0,6500.0,2642.0,4028.0,1835.0,6335.0,18764.0,64019.0,63392.0,59298.0
10,2022,Motor Insurance,Motor Third Party Cover,Trade Plate,Motor Insurance,Salalah,Broker,Agent-001,10437.0,41449.0,36608.0,23917.0,19100.0,4817.0,5022.0,2378.0,4022.0,1387.0,3393.0,17514.0,57351.0,10437.0,55222.0
10,2022,Motor Insurance,Motor Comprehensive Cover,Individual Vehicle,Motor Insurance,Sur,Bancassurance,Agent-010,50669.0,41976.0,39399.0,22851.0,18522.0,4329.0,2689.0,1816.0,3381.0,2036.0,5058.0,17627.0,52854.0,50669.0,47656.0
10,2022,Motor Insurance,Motor Comprehensive Cover,Individual Vehicle,Motor Insurance,Salalah,Direct,Agent-006,40967.0,29900.0,25078.0,17052.0,13083.0,3969.0,4537.0,699.0,2688.0,1165.0,3963.0,6843.0,43303.0,40967.0,43980.0
10,2022,Motor Insurance,Motor Extended Warranty Cover,Standard,Motor Insurance,Sohar,Direct,Agent-011,49658.0,45223.0,37138.0,36577.0,29481.0,7097.0,5054.0,2180.0,1558.0,2151.0,3351.0,17491.0,49947.0,49658.0,46171.0
10,2022,Property Insurance,Fire & Perils,Commercial,Property Insurance,Sur,Digital,Agent-012,39155.0,31959.0,32609.0,23656.0,19356.0,4300.0,3102.0,601.0,3056.0,906.0,5065.0,7117.0,37308.0,39155.0,39747.0
10,2022,Property Insurance,Fire & Perils,Residential,Property Insurance,Sohar,Direct,Agent-002,30794.0,25141.0,20172.0,19977.0,14100.0,5877.0,3269.0,516.0,2185.0,1371.0,5593.0,3504.0,33826.0,30794.0,29551.0
10,2022,Property Insurance,Fire & Perils,Residential,Property Insurance,Salalah,Digital,Agent-010,47464.0,36071.0,32407.0,29060.0,25939.0,3121.0,5661.0,1603.0,1775.0,2111.0,2639.0,8508.0,43259.0,47464.0,48736.0
10,2022,Property Insurance,Property All Risks,Commercial,Property Insurance,Salalah,Direct,Agent-004,55601.0,45286.0,36745.0,29029.0,23930.0,5098.0,5816.0,723.0,3525.0,1627.0,2900.0,8155.0,55574.0,55601.0,53914.0
10,2022,Property Insurance,Property All Risks,Commercial,Property Insurance,Sur,Bancassurance,Agent-003,40306.0,31101.0,29708.0,26992.0,19838.0,7154.0,2204.0,1266.0,3215.0,1978.0,3352.0,13168.0,39056.0,40306.0,38115.0
10,2022,Marine Insurance,Marine Cargo,Import/Export,Marine Insurance,Nizwa,Bancassurance,Agent-015,62269.0,48827.0,47205.0,30915.0,19011.0,11904.0,5467.0,2989.0,3373.0,1448.0,9538.0,24223.0,67349.0,62269.0,62986.0
10,2022,Marine Insurance,Marine Cargo,Import/Export,Marine Insurance,Sur,Digital,Agent-001,59390.0,53731.0,49103.0,23610.0,18869.0,4741.0,3899.0,739.0,3262.0,2355.0,10579.0,19887.0,63633.0,59390.0,61861.0
10,2022,Marine Insurance,Marine Hull,Commercial Vessels,Marine Insurance,Nizwa,Bancassurance,Agent-014,29647.0,21188.0,17779.0,20140.0,17327.0,2813.0,4295.0,1457.0,2214.0,711.0,5389.0,10424.0,31848.0,29647.0,27995.0
10,2022,Medical Insurance,Group Medical,Corporate,Medical Insurance,Muscat HQ,Digital,Agent-008,54945.0,44725.0,37171.0,19684.0,18659.0,1025.0,7564.0,2555.0,2430.0,1462.0,6257.0,12967.0,49512.0,54945.0,57399.0
10,2022,Medical Insurance,Individual Medical,Standard,Medical Insurance,Salalah,Bancassurance,Agent-010,46625.0,33757.0,29252.0,25684.0,19292.0,6391.0,4872.0,2050.0,1924.0,971.0,2599.0,6539.0,47282.0,46625.0,48924.0
10,2022,Engineering Insurance,Contractors All Risks,Construction Projects,Engineering Insurance,Sohar,Bancassurance,Agent-010,41470.0,33191.0,29311.0,28947.0,22299.0,6648.0,3012.0,894.0,1527.0,1972.0,2387.0,4307.0,38841.0,41470.0,43533.0
10,2022,Engineering Insurance,Contractors All Risks,Construction Projects,Engineering Insurance,Muscat HQ,Direct,Agent-001,25989.0,18639.0,18900.0,11091.0,6783.0,4308.0,2788.0,346.0,904.0,1144.0,3216.0,4482.0,25203.0,25989.0,26943.0
10,2022,Engineering Insurance,Machinery Breakdown,Industrial,Engineering Insurance,Muscat HQ,Direct,Agent-001,17722.0,16714.0,14936.0,6664.0,5252.0,1412.0,2017.0,276.0,1022.0,460.0,3132.0,6212.0,17472.0,17722.0,19045.0
10,2022,Engineering Insurance,Machinery Breakdown,Industrial,Engineering Insurance,Salalah,Direct,Agent-006,59656.0,43025.0,38536.0,27112.0,25301.0,1811.0,5438.0,2416.0,2943.0,1429.0,10707.0,5973.0,54358.0,59656.0,58362.0
10,2022,Liability Insurance,General Liability,Commercial,Liability Insurance,Muscat HQ,Direct,Agent-007,62981.0,47944.0,38420.0,35516.0,22760.0,12757.0,4960.0,2245.0,4173.0,1757.0,6259.0,10963.0,68736.0,62981.0,59862.0
10,2022,Liability Insurance,General Liability,Commercial,Liability Insurance,Sur,Broker,Agent-004,27362.0,20225.0,16665.0,16583.0,13502.0,3081.0,3147.0,1120.0,1267.0,1301.0,4377.0,9342.0,28571.0,27362.0,26742.0
10,2022,Liability Insurance,Professional Indemnity,Corporate,Liability Insurance,Nizwa,Digital,Agent-006,53455.0,37995.0,30433.0,38627.0,32495.0,6131.0,5676.0,1264.0,3129.0,2499.0,7904.0,15007.0,53029.0,53455.0,52135.0
10,2022,Travel Insurance,Individual Travel,Standard,Travel Insurance,Muscat HQ,Bancassurance,Agent-002,46068.0,37178.0,33698.0,34378.0,29131.0,5247.0,3958.0,1145.0,2374.0,972.0,5951.0,15820.0,47548.0,46068.0,43845.0
10,2022,Travel Insurance,Group Travel,Corporate,Travel Insurance,Salalah,Bancassurance,Agent-008,28867.0,24616.0,24861.0,11675.0,7801.0,3874.0,2846.0,340.0,1466.0,1260.0,2087.0,6870.0,31695.0,28867.0,28895.0
10,2022,Life Insurance (Group),Group Life,Corporate,Life Insurance (Group),Salalah,Direct,Agent-009,38558.0,33520.0,30132.0,17966.0,10977.0,6989.0,5190.0,435.0,2603.0,1213.0,5390.0,6721.0,35900.0,38558.0,38764.0
11,2022,Motor Insurance,Motor Third Party Cover,Individual Vehicle,Motor Insurance,Sohar,Broker,Agent-002,31993.0,24123.0,22706.0,13065.0,10170.0,2895.0,1963.0,941.0,1458.0,1074.0,3681.0,11914.0,31929.0,31993.0,33624.0
11,2022,Motor Insurance,Motor Third Party Cover,Fleet,Motor Insurance,Muscat HQ,Digital,Agent-003,54328.0,47112.0,47562.0,31313.0,25803.0,5510.0,3679.0,624.0,3780.0,1359.0,3459.0,20714.0,59365.0,54328.0,55339.0
11,2022,Motor Insurance,Motor Third Party Cover,Trade Plate,Motor Insurance,Muscat HQ,Direct,Agent-003,38281.0,30213.0,31065.0,27482.0,22750.0,4732.0,2338.0,1121.0,1618.0,1782.0,2709.0,4452.0,39846.0,38281.0,37995.0
11,2022,Motor Insurance,Motor Comprehensive Cover,Individual Vehicle,Motor Insurance,Nizwa,Broker,Agent-007,39202.0,27717.0,25370.0,17191.0,13887.0,3304.0,2061.0,448.0,2601.0,1031.0,5820.0,12740.0,35747.0,39202.0,40894.0
11,2022,Motor Insurance,Motor Comprehensive Cover,Individual Vehicle,Motor Insurance,Muscat HQ,Digital,Agent-005,27357.0,22985.0,21288.0,20174.0,14466.0,5708.0,3805.0,1061.0,2091.0,1292.0,5435.0,3816.0,28977.0,27357.0,28690.0
11,2022,Motor Insurance,Motor Extended Warranty Cover,Standard,Motor Insurance,Sur,Direct,Agent-011,60445.0,49861.0,46389.0,25069.0,21381.0,3688.0,3559.0,2280.0,4378.0,1842.0,9454.0,8887.0,64627.0,60445.0,64817.0
11,2022,Property Insurance,Fire & Perils,Commercial,Property Insurance,Sohar,Broker,Agent-007,39271.0,34426.0,31747.0,23175.0,15778.0,7397.0,3450.0,1752.0,1394.0,1489.0,3049.0,13900.0,39892.0,39271.0,38662.0
11,2022,Property Insurance,Fire & Perils,Residential,Property Insurance,Sur,Digital,Agent-015,45410.0,37117.0,36618.0,22778.0,17075.0,5704.0,3801.0,728.0,2983.0,2098.0,8439.0,16540.0,44972.0,45410.0,43841.0
11,2022,Property Insurance,Property All Risks,Commercial,Property Insurance,Nizwa,Digital,Agent-014,42349.0,39377.0,39015.0,22160.0,15418.0,6742.0,4234.0,979.0,3267.0,1492.0,5116.0,8659.0,43530.0,42349.0,42485.0
11,2022,Marine Insurance,Marine Cargo,Import/Export,Marine Insurance,Salalah,Bancassurance,Agent-011,35708.0,26831.0,25177.0,22525.0,20462.0,2063.0,1970.0,1747.0,2328.0,1019.0,2881.0,6743.0,38391.0,35708.0,34516.0
11,2022,Marine Insurance,Marine Cargo,Import/Export,Marine Insurance,Muscat HQ,Digital,Agent-007,62822.0,54318.0,53682.0,26343.0,23896.0,2447.0,4873.0,951.0,4951.0,1636.0,4429.0,18081.0,60546.0,62822.0,59136.0
11,2022,Marine Insurance,Marine Hull,Commercial Vessels,Marine Insurance,Nizwa,Bancassurance,Agent-007,107369.0,36042.0,36166.0,17799.0,11973.0,5826.0,2158.0,1331.0,1706.0,1792.0,8346.0,6984.0,44228.0,107369.0,40967.0
11,2022,Marine Insurance,Marine Hull,Commercial Vessels,Marine Insurance,Salalah,Broker,Agent-002,57088.0,47587.0,39943.0,30251.0,20299.0,9952.0,7867.0,2149.0,2687.0,2046.0,8587.0,19116.0,52294.0,57088.0,52726.0
11,2022,Medical Insurance,Group Medical,Corporate,Medical Insurance,Sur,Digital,Agent-013,44050.0,35362.0,32194.0,17339.0,15967.0,1373.0,4842.0,1125.0,2438.0,1296.0,7847.0,12004.0,44005.0,44050.0,46945.0
11,2022,Medical Insurance,Individual Medical,Standard,Medical Insurance,Muscat HQ,Bancassurance,Agent-014,48382.0,42214.0,38717.0,30165.0,26130.0,4036.0,3848.0,1035.0,2639.0,1365.0,7262.0,15677.0,48111.0,48382.0,50114.0
11,2022,Engineering Insurance,Contractors All Risks,Construction Projects,Engineering Insurance,Muscat HQ,Direct,Agent-014,63847.0,56107.0,48625.0,36545.0,32867.0,3678.0,4785.0,2518.0,4961.0,2936.0,7038.0,18015.0,70126.0,63847.0,64546.0
11,2022,Engineering Insurance,Machinery Breakdown,Industrial,Engineering Insurance,Nizwa,Bancassurance,Agent-005,51603.0,39306.0,34861.0,33694.0,25703.0,7991.0,7062.0,2033.0,4061.0,2408.0,4550.0,15363.0,46655.0,51603.0,55658.0
11,2022,Engineering Insurance,Machinery Breakdown,Industrial,Engineering Insurance,Sur,Broker,Agent-001,47875.0,43661.0,35062.0,25220.0,19299.0,5921.0,4185.0,1602.0,3626.0,1427.0,6554.0,17390.0,50489.0,47875.0,44357.0
11,2022,Liability Insurance,General Liability,Commercial,Liability Insurance,Sohar,Digital,Agent-004,59260.0,53133.0,44478.0,24993.0,21575.0,3418.0,3849.0,1705.0,3946.0,2343.0,4835.0,11330.0,64819.0,59260.0,58774.0
11,2022,Liability Insurance,General Liability,Commercial,Liability Insurance,Muscat HQ,Bancassurance,Agent-014,57908.0,55005.0,48166.0,20879.0,16276.0,4603.0,3380.0,1214.0,4611.0,2382.0,3335.0,13585.0,54105.0,57908.0,54414.0
11,2022,Liability Insurance,Professional Indemnity,Corporate,Liability Insurance,Sur,Direct,Agent-003,46720.0,35585.0,36679.0,26032.0,17978.0,8055.0,6287.0,534.0,2709.0,1946.0,4298.0,16775.0,44293.0,46720.0,49260.0
11,2022,Liability Insurance,Professional Indemnity,Corporate,Liability Insurance,Salalah,Broker,Agent-011,28207.0,20765.0,21156.0,12465.0,9453.0,3012.0,2405.0,415.0,2178.0,935.0,4331.0,7689.0,28217.0,28207.0,28733.0
11,2022,Travel Insurance,Individual Travel,Standard,Travel Insurance,Sohar,Bancassurance,Agent-001,42012.0,35777.0,32496.0,25203.0,19035.0,6168.0,5283.0,2048.0,3277.0,1875.0,5893.0,13645.0,39306.0,42012.0,41871.0
11,2022,Travel Insurance,Group Travel,Corporate,Travel Insurance,Sur,Digital,Agent-005,12929.0,10711.0,9249.0,8109.0,6099.0,2010.0,1685.0,646.0,614.0,353.0,1165.0,1655.0,12655.0,12929.0,11931.0
11,2022,Life Insurance (Group),Group Life,Corporate,Life Insurance (Group),Muscat HQ,Digital,Agent-004,55808.0,40539.0,41208.0,24469.0,15611.0,8857.0,2847.0,2155.0,2390.0,1969.0,3725.0,22077.0,51626.0,55808.0,55021.0
12,2022,Motor Insurance,Motor Third Party Cover,Individual Vehicle,Motor Insurance,Salalah,Direct,Agent-012,41138.0,31607.0,25309.0,21439.0,12958.0,8482.0,5800.0,1467.0,2433.0,1072.0,6376.0,12472.0,37521.0,41138.0,43644.0
12,2022,Motor Insurance,Motor Third Party Cover,Fleet,Motor Insurance,Salalah,Bancassurance,Agent-010,76123.0,66654.0,66552.0,38397.0,23357.0,15040.0,10035.0,1389.0,3574.0,2957.0,4947.0,9256.0,68902.0,76123.0,81197.0
12,2022,Motor Insurance,Motor Third Party Cover,Trade Plate,Motor Insurance,Sur,Digital,Agent-013,52946.0,44012.0,40942.0,26513.0,21474.0,5040.0,7724.0,2198.0,2711.0,1587.0,9664.0,7451.0,56648.0,52946.0,50871.0
12,2022,Motor Insurance,Motor Third Party Cover,Trade Plate,Motor Insurance,Muscat HQ,Digital,Agent-008,71758.0,53680.0,54281.0,35664.0,25401.0,10263.0,7248.0,1966.0,4603.0,1731.0,8277.0,26372.0,65099.0,71758.0,71268.0
12,2022,Motor Insurance,Motor Comprehensive Cover,Individual Vehicle,Motor Insurance,Sohar,Direct,Agent-008,27533.0,20806.0,18480.0,20013.0,18213.0,1799.0,2913.0,799.0,1447.0,599.0,5062.0,9511.0,27292.0,27533.0,26562.0
12,2022,Motor Insurance,Motor Comprehensive Cover,Individual Vehicle,Motor Insurance,Nizwa,Direct,Agent-010,41331.0,31350.0,29963.0,30655.0,19706.0,10949.0,3961.0,1230.0,1585.0,1486.0,5823.0,6084.0,38476.0,41331.0,43687.0
12,2022,Motor Insurance,Motor Extended Warranty Cover,Standard,Motor Insurance,Nizwa,Direct,Agent-009,65256.0,57750.0,58336.0,39159.0,29656.0,9504.0,5831.0,1642.0,3323.0,1558.0,7413.0,14150.0,59182.0,65256.0,62908.0
12,2022,Property Insurance,Fire & Perils,Commercial,Property Insurance,Sur,Broker,Agent-002,39588.0,36164.0,36129.0,15412.0,14518.0,895.0,2038.0,1341.0,2756.0,1186.0,5534.0,8260.0,36109.0,39588.0,36475.0
12,2022,Property Insurance,Fire & Perils,Commercial,Property Insurance,Sur,Direct,Agent-004,25764.0,21422.0,19577.0,16148.0,9784.0,6364.0,1986.0,1059.0,1945.0,854.0,1603.0,8750.0,27749.0,25764.0,25408.0
12,2022,Property Insurance,Fire & Perils,Residential,Property Insurance,Sur,Broker,Agent-001,37673.0,32755.0,28802.0,22873.0,20385.0,2488.0,3676.0,1612.0,1868.0,1147.0,5178.0,9019.0,41268.0,37673.0,37772.0
12,2022,Property Insurance,Fire & Perils,Residential,Property Insurance,Sohar,Direct,Agent-011,15001.0,13212.0,11827.0,7555.0,6165.0,1391.0,841.0,543.0,829.0,504.0,2368.0,4912.0,16040.0,15001.0,14700.0
12,2022,Property Insurance,Property All Risks,Commercial,Property Insurance,Sohar,Bancassurance,Agent-007,43627.0,36597.0,36348.0,18586.0,14766.0,3819.0,2871.0,1147.0,2757.0,1518.0,4665.0,15945.0,46007.0,43627.0,43810.0
12,2022,Property Insurance,Property All Risks,Commercial,Property Insurance,Sohar,Direct,Agent-012,51633.0,38311.0,33386.0,25054.0,15960.0,9094.0,5173.0,913.0,3186.0,1327.0,3538.0,20174.0,53267.0,51633.0,55238.0
12,2022,Marine Insurance,Marine Cargo,Import/Export,Marine Insurance,Sur,Digital,Agent-011,40163.0,28265.0,28697.0,24017.0,20670.0,3347.0,3992.0,1395.0,1722.0,1977.0,4422.0,5972.0,36596.0,40163.0,41038.0
12,2022,Marine Insurance,Marine Cargo,Import/Export,Marine Insurance,Nizwa,Direct,Agent-006,30795.0,27122.0,23998.0,18184.0,11418.0,6766.0,2222.0,822.0,1235.0,1497.0,6139.0,6506.0,32084.0,30795.0,30341.0
12,2022,Marine Insurance,Marine Hull,Commercial Vessels,Marine Insurance,Salalah,Broker,Agent-009,31964.0,24093.0,19951.0,13967.0,12808.0,1159.0,1871.0,735.0,1803.0,979.0,4080.0,3613.0,32914.0,31964.0,32289.0
12,2022,Marine Insurance,Marine Hull,Commercial Vessels,Marine Insurance,Sur,Broker,Agent-011,29099.0,22917.0,19631.0,16005.0,9749.0,6256.0,2410.0,1080.0,1031.0,637.0,4302.0,6382.0,30856.0,29099.0,31135.0
12,2022,Medical Insurance,Group Medical,Corporate,Medical Insurance,Nizwa,Bancassurance,Agent-013,22058.0,18905.0,18065.0,10560.0,6571.0,3988.0,1566.0,357.0,798.0,1054.0,1149.0,6189.0,24032.0,22058.0,21564.0
12,2022,Medical Insurance,Individual Medical,Standard,Medical Insurance,Muscat HQ,Broker,Agent-011,52149.0,47157.0,46513.0,35116.0,33205.0,1911.0,4539.0,2080.0,3136.0,2086.0,8395.0,16944.0,56172.0,52149.0,50892.0
12,2022,Engineering Insurance,Contractors All Risks,Construction Projects,Engineering Insurance,Nizwa,Bancassurance,Agent-001,44814.0,40232.0,36411.0,24804.0,17781.0,7023.0,2998.0,915.0,3388.0,1312.0,8793.0,7728.0,46814.0,44814.0,45344.0
12,2022,Engineering Insurance,Contractors All Risks,Construction Projects,Engineering Insurance,Nizwa,Digital,Agent-009,40754.0,34269.0,27996.0,18679.0,15837.0,2841.0,4051.0,1302.0,2438.0,1283.0,6769.0,12921.0,42501.0,40754.0,42158.0
12,2022,Engineering Insurance,Machinery Breakdown,Industrial,Engineering Insurance,Sur,Direct,Agent-009,58859.0,50500.0,49451.0,31836.0,22313.0,9523.0,6180.0,1447.0,4441.0,1807.0,4494.0,16064.0,57634.0,58859.0,55053.0
12,2022,Engineering Insurance,Machinery Breakdown,Industrial,Engineering Insurance,Muscat HQ,Digital,Agent-009,38983.0,33113.0,31187.0,25707.0,18678.0,7030.0,2919.0,1873.0,2263.0,811.0,6748.0,6199.0,41213.0,38983.0,40263.0
12,2022,Liability Insurance,General Liability,Commercial,Liability Insurance,Sohar,Broker,Agent-014,49195.0,38333.0,36696.0,28981.0,17942.0,11039.0,2485.0,606.0,1791.0,1364.0,9152.0,12574.0,52116.0,49195.0,51858.0
12,2022,Liability Insurance,Professional Indemnity,Corporate,Liability Insurance,Nizwa,Bancassurance,Agent-004,53122.0,18822.0,19300.0,12526.0,9833.0,2693.0,2954.0,599.0,1500.0,459.0,1067.0,5493.0,19437.0,53122.0,22869.0
12,2022,Liability Insurance,Professional Indemnity,Corporate,Liability Insurance,Sur,Digital,Agent-013,53914.0,42882.0,34598.0,19451.0,15438.0,4013.0,8015.0,2652.0,2527.0,1859.0,3508.0,13837.0,54989.0,53914.0,51767.0
12,2022,Travel Insurance,Individual Travel,Standard,Travel Insurance,Sur,Digital,Agent-003,32916.0,24768.0,20582.0,13707.0,11227.0,2480.0,1984.0,1302.0,2447.0,1573.0,4905.0,5241.0,30186.0,32916.0,31504.0
12,2022,Travel Insurance,Group Travel,Corporate,Travel Insurance,Sur,Direct,Agent-002,58906.0,48745.0,42550.0,43700.0,29604.0,14096.0,5120.0,1601.0,2136.0,1855.0,10515.0,8371.0,59895.0,58906.0,58026.0
12,2022,Life Insurance (Group),Group Life,Corporate,Life Insurance (Group),Sohar,Digital,Agent-006,32634.0,25918.0,25984.0,20816.0,19392.0,1424.0,3025.0,1250.0,2065.0,865.0,3118.0,8450.0,34570.0,32634.0,32434.0
1,2023,Motor Insurance,Motor Third Party Cover,Individual Vehicle,Motor Insurance,Sohar,Digital,Agent-014,36203.0,32664.0,32982.0,24182.0,16271.0,7911.0,4100.0,1458.0,2436.0,1019.0,2794.0,7184.0,36057.0,36203.0,36630.0
1,2023,Motor Insurance,Motor Third Party Cover,Fleet,Motor Insurance,Sohar,Direct,Agent-014,41007.0,33614.0,29710.0,18206.0,10989.0,7217.0,3442.0,830.0,2403.0,897.0,3714.0,4651.0,42167.0,41007.0,41454.0
1,2023,Motor Insurance,Motor Third Party Cover,Fleet,Motor Insurance,Sur,Digital,Agent-015,62293.0,54181.0,50542.0,41899.0,38285.0,3615.0,5499.0,2342.0,2585.0,2464.0,6844.0,6356.0,67968.0,62293.0,65965.0
1,2023,Motor Insurance,Motor Third Party Cover,Trade Plate,Motor Insurance,Salalah,Broker,Agent-011,65519.0,59807.0,52399.0,34739.0,28936.0,5803.0,4131.0,1762.0,2979.0,2641.0,4612.0,11126.0,68289.0,65519.0,61915.0
1,2023,Motor Insurance,Motor Third Party Cover,Trade Plate,Motor Insurance,Salalah,Digital,Agent-013,48604.0,35175.0,35633.0,31086.0,22343.0,8743.0,6143.0,1902.0,2918.0,1786.0,7787.0,19431.0,49367.0,48604.0,51004.0
1,2023,Motor Insurance,Motor Comprehensive Cover,Individual Vehicle,Motor Insurance,Muscat HQ,Bancassurance,Agent-003,38286.0,28384.0,26868.0,20281.0,16220.0,4061.0,4970.0,1810.0,1948.0,1590.0,3045.0,9968.0,34625.0,38286.0,38309.0
1,2023,Motor Insurance,Motor Comprehensive Cover,Individual Vehicle,Motor Insurance,Nizwa,Broker,Agent-003,32469.0,22775.0,18878.0,24002.0,22150.0,1853.0,2679.0,661.0,1683.0,1321.0,3361.0,3902.0,31838.0,32469.0,31226.0
1,2023,Motor Insurance,Motor Extended Warranty Cover,Standard,Motor Insurance,Nizwa,Digital,Agent-010,40280.0,30924.0,29021.0,22037.0,19361.0,2675.0,5865.0,613.0,2989.0,1657.0,6198.0,8551.0,39023.0,40280.0,37094.0
1,2023,Motor Insurance,Motor Extended Warranty Cover,Standard,Motor Insurance,Muscat HQ,Direct,Agent-004,47364.0,39593.0,32076.0,19867.0,16255.0,3612.0,4804.0,1965.0,2981.0,1802.0,8160.0,5706.0,49172.0,47364.0,48998.0
1,2023,Property Insurance,Fire & Perils,Commercial,Property Insurance,Sohar,Digital,Agent-015,69219.0,57517.0,47964.0,42481.0,27051.0,15430.0,3647.0,1576.0,2741.0,3437.0,6607.0,11533.0,65021.0,69219.0,67822.0
1,2023,Property Insurance,Fire & Perils,Residential,Property Insurance,Sohar,Bancassurance,Agent-005,45322.0,37187.0,37619.0,26178.0,18363.0,7815.0,5455.0,1940.0,2414.0,2249.0,8242.0,7210.0,47921.0,45322.0,46054.0
1,2023,Property Insurance,Property All Risks,Commercial,Property Insurance,Salalah,Bancassurance,Agent-006,17656.0,14732.0,11966.0,9346.0,8577.0,768.0,2139.0,213.0,1310.0,791.0,2331.0,1884.0,17876.0,17656.0,16397.0
1,2023,Property Insurance,Property All Risks,Commercial,Property Insurance,Sur,Digital,Agent-002,24782.0,22675.0,23346.0,8882.0,6074.0,2809.0,2998.0,998.0,1230.0,984.0,3515.0,7978.0,25865.0,24782.0,23140.0
1,2023,Marine Insurance,Marine Cargo,Import/Export,Marine Insurance,Sur,Broker,Agent-010,49138.0,44192.0,36643.0,28486.0,18958.0,9528.0,4267.0,1016.0,3511.0,1196.0,7220.0,19418.0,50976.0,49138.0,45830.0
1,2023,Marine Insurance,Marine Hull,Commercial Vessels,Marine Insurance,Sohar,Bancassurance,Agent-003,49218.0,45268.0,41614.0,27686.0,20996.0,6690.0,2818.0,2042.0,1788.0,1567.0,5317.0,9057.0,48258.0,49218.0,50147.0
1,2023,Medical Insurance,Group Medical,Corporate,Medical Insurance,Sur,Direct,Agent-014,50052.0,40775.0,35953.0,18469.0,11320.0,7149.0,4469.0,2363.0,3330.0,1525.0,9771.0,11443.0,47818.0,50052.0,49462.0
1,2023,Medical Insurance,Group Medical,Corporate,Medical Insurance,Muscat HQ,Broker,Agent-012,66620.0,57592.0,51675.0,47346.0,39053.0,8293.0,6584.0,1018.0,5003.0,2425.0,6180.0,24208.0,60683.0,66620.0,64638.0
1,2023,Medical Insurance,Individual Medical,Standard,Medical Insurance,Nizwa,Digital,Agent-006,43297.0,31716.0,25665.0,17884.0,16696.0,1189.0,4656.0,1280.0,2131.0,1786.0,3082.0,7916.0,44647.0,43297.0,43152.0
1,2023,Engineering Insurance,Contractors All Risks,Construction Projects,Engineering Insurance,Sohar,Broker,Agent-007,37570.0,27158.0,22877.0,24925.0,22927.0,1998.0,5355.0,824.0,2706.0,1356.0,6515.0,9938.0,34910.0,37570.0,35041.0
1,2023,Engineering Insurance,Contractors All Risks,Construction Projects,Engineering Insurance,Salalah,Digital,Agent-013,51450.0,40889.0,42372.0,19298.0,12383.0,6915.0,6635.0,1645.0,1874.0,1082.0,4303.0,9171.0,46452.0,51450.0,49113.0
1,2023,Engineering Insurance,Machinery Breakdown,Industrial,Engineering Insurance,Sur,Digital,Agent-012,43979.0,34297.0,36011.0,28926.0,22796.0,6130.0,3319.0,1005.0,2453.0,1595.0,2289.0,17056.0,44644.0,43979.0,44606.0
1,2023,Engineering Insurance,Machinery Breakdown,Industrial,Engineering Insurance,Sohar,Direct,Agent-011,57750.0,41799.0,39657.0,35417.0,31608.0,3809.0,4078.0,2605.0,3065.0,1322.0,3802.0,9202.0,55241.0,57750.0,57717.0
1,2023,Liability Insurance,General Liability,Commercial,Liability Insurance,Nizwa,Digital,Agent-013,50123.0,42597.0,43970.0,34234.0,28304.0,5931.0,6092.0,770.0,1528.0,1655.0,3179.0,10392.0,47354.0,50123.0,53462.0
1,2023,Liability Insurance,General Liability,Commercial,Liability Insurance,Nizwa,Bancassurance,Agent-013,39957.0,28453.0,27414.0,24250.0,17685.0,6565.0,3887.0,1181.0,1678.0,1176.0,4505.0,11226.0,43600.0,39957.0,40203.0
1,2023,Liability Insurance,Professional Indemnity,Corporate,Liability Insurance,Muscat HQ,Digital,Agent-007,41961.0,34430.0,32471.0,15331.0,14061.0,1270.0,6096.0,425.0,1705.0,1066.0,7016.0,11725.0,39253.0,41961.0,44069.0
1,2023,Liability Insurance,Professional Indemnity,Corporate,Liability Insurance,Muscat HQ,Direct,Agent-001,106704.0,35440.0,32606.0,19626.0,14692.0,4934.0,6011.0,1285.0,3236.0,1558.0,7056.0,8027.0,45160.0,106704.0,41072.0
1,2023,Travel Insurance,Individual Travel,Standard,Travel Insurance,Sur,Bancassurance,Agent-013,36234.0,33507.0,33036.0,17498.0,13575.0,3923.0,4210.0,397.0,1996.0,1521.0,2835.0,8448.0,36470.0,36234.0,37600.0
1,2023,Travel Insurance,Group Travel,Corporate,Travel Insurance,Nizwa,Digital,Agent-003,60828.0,51753.0,48456.0,22734.0,19197.0,3537.0,7399.0,1855.0,4472.0,2444.0,6350.0,6442.0,55465.0,60828.0,59386.0
1,2023,Travel Insurance,Group Travel,Corporate,Travel Insurance,Muscat HQ,Direct,Agent-004,32604.0,24699.0,24579.0,21470.0,15760.0,5711.0,2192.0,471.0,1120.0,1035.0,1853.0,6524.0,35614.0,32604.0,32643.0
1,2023,Life Insurance (Group),Group Life,Corporate,Life Insurance (Group),Nizwa,Bancassurance,Agent-014,32589.0,25937.0,24954.0,24130.0,19130.0,5000.0,2625.0,1019.0,1067.0,762.0,1664.0,11904.0,33705.0,32589.0,31537.0
2,2023,Motor Insurance,Motor Third Party Cover,Individual Vehicle,Motor Insurance,Muscat HQ,Bancassurance,Agent-002,52275.0,40795.0,41348.0,36977.0,34015.0,2961.0,4146.0,774.0,2718.0,1509.0,9544.0,5802.0,53674.0,52275.0,55672.0
2,2023,Motor Insurance,Motor Third Party Cover,Individual Vehicle,Motor Insurance,Sur,Direct,Agent-003,47439.0,37468.0,30056.0,35222.0,32262.0,2960.0,2505.0,509.0,2294.0,1317.0,8399.0,7028.0,50196.0,47439.0,47852.0
2,2023,Motor Insurance,Motor Third Party Cover,Fleet,Motor Insurance,Sur,Direct,Agent-008,27224.0,22047.0,19683.0,19391.0,17208.0,2183.0,3570.0,943.0,2025.0,789.0,4235.0,6026.0,27769.0,27224.0,29394.0
2,2023,Motor Insurance,Motor Third Party Cover,Fleet,Motor Insurance,Sohar,Bancassurance,Agent-003,35972.0,33250.0,34793.0,23793.0,14819.0,8975.0,2959.0,1650.0,2461.0,1520.0,5403.0,8079.0,35276.0,35972.0,37750.0
2,2023,Motor Insurance,Motor Third Party Cover,Trade Plate,Motor Insurance,Nizwa,Bancassurance,Agent-006,54033.0,42145.0,41532.0,21213.0,13753.0,7460.0,4957.0,660.0,4181.0,2543.0,3098.0,18992.0,54129.0,54033.0,55779.0
2,2023,Motor Insurance,Motor Third Party Cover,Trade Plate,Motor Insurance,Muscat HQ,Digital,Agent-011,45093.0,37167.0,38554.0,26111.0,19075.0,7036.0,2394.0,2101.0,2090.0,1855.0,6950.0,7944.0,41159.0,45093.0,44263.0
2,2023,Motor Insurance,Motor Comprehensive Cover,Individual Vehicle,Motor Insurance,Sur,Bancassurance,Agent-007,25874.0,21528.0,17441.0,11273.0,9770.0,1504.0,3347.0,1062.0,960.0,945.0,2934.0,10283.0,26671.0,25874.0,27675.0
2,2023,Motor Insurance,Motor Comprehensive Cover,Individual Vehicle,Motor Insurance,Salalah,Digital,Agent-010,38113.0,30184.0,28920.0,21140.0,20024.0,1117.0,2568.0,1807.0,1909.0,1297.0,4928.0,6845.0,41647.0,38113.0,40622.0
2,2023,Motor Insurance,Motor Extended Warranty Cover,Standard,Motor Insurance,Salalah,Broker,Agent-011,63104.0,57594.0,46418.0,43148.0,33399.0,9749.0,7404.0,1575.0,3056.0,1322.0,7167.0,14041.0,59631.0,63104.0,60553.0
2,2023,Motor Insurance,Motor Extended Warranty Cover,Standard,Motor Insurance,Sur,Bancassurance,Agent-007,56641.0,47828.0,40176.0,31792.0,25224.0,6569.0,6470.0,1535.0,3142.0,1440.0,6766.0,12003.0,58523.0,56641.0,56050.0
2,2023,Property Insurance,Fire & Perils,Commercial,Property Insurance,Salalah,Digital,Agent-010,39481.0,28084.0,26258.0,26940.0,23416.0,3524.0,3703.0,705.0,2889.0,857.0,4338.0,14094.0,38638.0,39481.0,37068.0
2,2023,Property Insurance,Fire & Perils,Residential,Property Insurance,Muscat HQ,Direct,Agent-012,40169.0,32518.0,28733.0,17930.0,15925.0,2005.0,3602.0,1588.0,2089.0,914.0,4663.0,10135.0,39830.0,40169.0,42201.0
2,2023,Property Insurance,Property All Risks,Commercial,Property Insurance,Sohar,Digital,Agent-006,39265.0,33813.0,29484.0,26494.0,23842.0,2652.0,3012.0,1811.0,2844.0,1285.0,7317.0,5345.0,35558.0,39265.0,38309.0
2,2023,Property Insurance,Property All Risks,Commercial,Property Insurance,Sur,Broker,Agent-007,50437.0,38518.0,33522.0,30460.0,18317.0,12143.0,6191.0,1266.0,3979.0,2055.0,2917.0,6445.0,46283.0,50437.0,54090.0
2,2023,Marine Insurance,Marine Cargo,Import/Export,Marine Insurance,Muscat HQ,Bancassurance,Agent-013,68717.0,51564.0,50361.0,45032.0,31663.0,13369.0,6905.0,1300.0,3363.0,3364.0,10580.0,24325.0,69275.0,68717.0,65847.0
2,2023,Marine Insurance,Marine Hull,Commercial Vessels,Marine Insurance,Nizwa,Broker,Agent-005,53960.0,46336.0,45587.0,24136.0,21881.0,2254.0,4746.0,1125.0,2145.0,2381.0,5565.0,13221.0,50969.0,53960.0,55567.0
2,2023,Medical Insurance,Group Medical,Corporate,Medical Insurance,Sohar,Broker,Agent-009,41801.0,30650.0,29032.0,26358.0,18127.0,8231.0,4406.0,950.0,2412.0,1663.0,8190.0,9895.0,43040.0,41801.0,42323.0
2,2023,Medical Insurance,Group Medical,Corporate,Medical Insurance,Sur,Broker,Agent-005,52947.0,47523.0,39760.0,35566.0,23652.0,11915.0,7768.0,1982.0,1827.0,2160.0,7441.0,10656.0,50413.0,52947.0,54800.0
2,2023,Medical Insurance,Individual Medical,Standard,Medical Insurance,Sur,Digital,Agent-012,44209.0,31719.0,30132.0,17367.0,12102.0,5265.0,4453.0,948.0,1802.0,1817.0,5838.0,15558.0,44928.0,44209.0,44092.0
2,2023,Medical Insurance,Individual Medical,Standard,Medical Insurance,Sur,Direct,Agent-015,56113.0,42677.0,43121.0,36276.0,29547.0,6729.0,3024.0,847.0,3086.0,2379.0,6712.0,5902.0,52570.0,56113.0,56910.0
2,2023,Engineering Insurance,Contractors All Risks,Construction Projects,Engineering Insurance,Nizwa,Broker,Agent-006,43566.0,31406.0,29380.0,17404.0,14391.0,3013.0,5564.0,2127.0,3373.0,1229.0,2370.0,8662.0,45383.0,43566.0,40498.0
2,2023,Engineering Insurance,Machinery Breakdown,Industrial,Engineering Insurance,Nizwa,Digital,Agent-006,39077.0,33793.0,31558.0,27913.0,17755.0,10158.0,2539.0,990.0,2454.0,1466.0,2388.0,15143.0,37554.0,39077.0,38195.0
2,2023,Liability Insurance,General Liability,Commercial,Liability Insurance,Sur,Digital,Agent-005,36324.0,27130.0,25901.0,24757.0,19265.0,5492.0,3132.0,1794.0,1346.0,1174.0,6575.0,13445.0,39814.0,36324.0,38561.0
2,2023,Liability Insurance,General Liability,Commercial,Liability Insurance,Sohar,Broker,Agent-010,41488.0,33131.0,33244.0,24078.0,21573.0,2506.0,2878.0,722.0,2158.0,836.0,6386.0,7834.0,41963.0,41488.0,38634.0
2,2023,Liability Insurance,Professional Indemnity,Corporate,Liability Insurance,Salalah,Digital,Agent-010,55251.0,41837.0,35716.0,33103.0,21805.0,11298.0,4767.0,2073.0,3077.0,2095.0,4842.0,20985.0,54299.0,55251.0,53368.0
2,2023,Travel Insurance,Individual Travel,Standard,Travel Insurance,Nizwa,Bancassurance,Agent-008,46601.0,33303.0,33616.0,28946.0,21015.0,7931.0,3525.0,661.0,3591.0,1130.0,4144.0,14322.0,48560.0,46601.0,44072.0
2,2023,Travel Insurance,Individual Travel,Standard,Travel Insurance,Muscat HQ,Digital,Agent-007,31694.0,22877.0,18547.0,19168.0,12508.0,6661.0,3248.0,335.0,2187.0,1489.0,5573.0,12282.0,34249.0,31694.0,31410.0
2,2023,Travel Insurance,Group Travel,Corporate,Travel Insurance,Sohar,Broker,Agent-003,26402.0,23553.0,20031.0,19220.0,17903.0,1317.0,3079.0,1169.0,1533.0,1276.0,1692.0,9483.0,24055.0,26402.0,25722.0
2,2023,Travel Insurance,Group Travel,Corporate,Travel Insurance,Salalah,Direct,Agent-006,55317.0,46457.0,47592.0,25514.0,15540.0,9973.0,7057.0,2107.0,3168.0,2459.0,9737.0,15288.0,60472.0,55317.0,57262.0
2,2023,Life Insurance (Group),Group Life,Corporate,Life Insurance (Group),Muscat HQ,Digital,Agent-009,56949.0,50741.0,49597.0,27473.0,22499.0,4974.0,3960.0,1170.0,4406.0,1845.0,4940.0,14017.0,55662.0,56949.0,59041.0
3,2023,Motor Insurance,Motor Third Party Cover,Individual Vehicle,Motor Insurance,Sohar,Digital,Agent-004,60077.0,50534.0,44462.0,21053.0,19014.0,2039.0,5584.0,1783.0,2053.0,2710.0,4539.0,13408.0,64165.0,60077.0,59671.0
3,2023,Motor Insurance,Motor Third Party Cover,Fleet,Motor Insurance,Nizwa,Direct,Agent-004,24689.0,20675.0,20118.0,12525.0,10808.0,1716.0,3478.0,941.0,1896.0,930.0,3372.0,4725.0,25724.0,24689.0,26198.0
3,2023,Motor Insurance,Motor Third Party Cover,Fleet,Motor Insurance,Nizwa,Direct,Agent-013,55485.0,49325.0,51044.0,22895.0,14759.0,8136.0,5065.0,834.0,4385.0,1816.0,7215.0,9329.0,54921.0,55485.0,59788.0
3,2023,Motor Insurance,Motor Third Party Cover,Trade Plate,Motor Insurance,Muscat HQ,Broker,Agent-014,31151.0,29508.0,25160.0,18569.0,11641.0,6928.0,3356.0,468.0,2210.0,1501.0,2366.0,7439.0,28672.0,31151.0,30349.0
3,2023,Motor Insurance,Motor Comprehensive Cover,Individual Vehicle,Motor Insurance,Muscat HQ,Bancassurance,Agent-006,38686.0,35387.0,28995.0,21726.0,16473.0,5252.0,5538.0,695.0,1508.0,1643.0,6146.0,11983.0,35019.0,38686.0,37200.0
3,2023,Motor Insurance,Motor Comprehensive Cover,Individual Vehicle,Motor Insurance,Nizwa,Digital,Agent-015,36932.0,28255.0,29290.0,23677.0,15258.0,8420.0,5310.0,1230.0,1724.0,1179.0,5865.0,7862.0,37514.0,36932.0,38176.0
3,2023,Motor Insurance,Motor Extended Warranty Cover,Standard,Motor Insurance,Salalah,Direct,Agent-005,55778.0,48785.0,46453.0,29342.0,24278.0,5064.0,7825.0,2343.0,3972.0,1548.0,6298.0,14845.0,50693.0,55778.0,58186.0
3,2023,Property Insurance,Fire & Perils,Commercial,Property Insurance,Salalah,Broker,Agent-014,40037.0,31409.0,29876.0,23358.0,16106.0,7253.0,2828.0,1724.0,1387.0,1417.0,5128.0,10900.0,43125.0,40037.0,40830.0
3,2023,Property Insurance,Fire & Perils,Residential,Property Insurance,Salalah,Direct,Agent-009,62125.0,48842.0,43854.0,35485.0,24179.0,11306.0,4488.0,1569.0,3951.0,2525.0,12202.0,9985.0,60793.0,62125.0,66743.0
3,2023,Property Insurance,Fire & Perils,Residential,Property Insurance,Nizwa,Broker,Agent-008,50869.0,36569.0,37422.0,30532.0,24428.0,6104.0,5288.0,1306.0,2174.0,2170.0,6432.0,5605.0,49843.0,50869.0,54358.0
3,2023,Property Insurance,Property All Risks,Commercial,Property Insurance,Nizwa,Bancassurance,Agent-014,37983.0,32936.0,33348.0,15026.0,13878.0,1148.0,5333.0,1169.0,2326.0,1002.0,4451.0,6108.0,34352.0,37983.0,40906.0
3,2023,Property Insurance,Property All Risks,Commercial,Property Insurance,Salalah,Digital,Agent-013,24776.0,19807.0,17504.0,14988.0,14034.0,954.0,2301.0,1212.0,1571.0,947.0,2120.0,2945.0,26519.0,24776.0,25069.0
3,2023,Marine Insurance,Marine Cargo,Import/Export,Marine Insurance,Salalah,Direct,Agent-002,52374.0,40956.0,42193.0,23945.0,15520.0,8425.0,6275.0,865.0,4057.0,2077.0,4432.0,8518.0,56814.0,52374.0,53277.0
3,2023,Marine Insurance,Marine Cargo,Import/Export,Marine Insurance,Sohar,Broker,Agent-002,39311.0,32629.0,31555.0,19622.0,12179.0,7443.0,5731.0,1957.0,1896.0,1899.0,2955.0,5755.0,35955.0,39311.0,38627.0
3,2023,Marine Insurance,Marine Hull,Commercial Vessels,Marine Insurance,Nizwa,Digital,Agent-015,37412.0,33982.0,33029.0,16094.0,13976.0,2118.0,2804.0,1511.0,2184.0,1160.0,2339.0,13029.0,40701.0,37412.0,38405.0
3,2023,Medical Insurance,Group Medical,Corporate,Medical Insurance,Sohar,Broker,Agent-002,64573.0,50840.0,46868.0,26655.0,25087.0,1568.0,7917.0,1335.0,3137.0,2110.0,10469.0,24390.0,62267.0,64573.0,64288.0
3,2023,Medical Insurance,Individual Medical,Standard,Medical Insurance,Sur,Direct,Agent-002,57432.0,42610.0,38361.0,41120.0,29700.0,11420.0,4306.0,2281.0,4448.0,1940.0,2946.0,17600.0,56456.0,57432.0,59028.0
3,2023,Medical Insurance,Individual Medical,Standard,Medical Insurance,Salalah,Digital,Agent-004,59966.0,47870.0,40919.0,32118.0,27728.0,4390.0,3714.0,2259.0,3800.0,1866.0,11726.0,22092.0,57761.0,59966.0,55467.0
3,2023,Engineering Insurance,Contractors All Risks,Construction Projects,Engineering Insurance,Sohar,Broker,Agent-003,51505.0,47260.0,41421.0,26857.0,16457.0,10399.0,5378.0,646.0,3962.0,2370.0,4230.0,15957.0,52205.0,51505.0,53988.0
3,2023,Engineering Insurance,Contractors All Risks,Construction Projects,Engineering Insurance,Salalah,Bancassurance,Agent-005,42479.0,30588.0,28941.0,18482.0,15520.0,2962.0,5641.0,611.0,2125.0,1784.0,3167.0,11468.0,43939.0,42479.0,41492.0
3,2023,Engineering Insurance,Machinery Breakdown,Industrial,Engineering Insurance,Nizwa,Digital,Agent-008,42075.0,29696.0,24134.0,29939.0,27213.0,2727.0,5502.0,757.0,2368.0,1846.0,6362.0,5666.0,45403.0,42075.0,39791.0
3,2023,Engineering Insurance,Machinery Breakdown,Industrial,Engineering Insurance,Sohar,Direct,Agent-013,31126.0,26097.0,27280.0,12384.0,10711.0,1673.0,2597.0,457.0,1590.0,1135.0,2518.0,6897.0,31971.0,31126.0,31507.0
3,2023,Liability Insurance,General Liability,Commercial,Liability Insurance,Sohar,Direct,Agent-011,42654.0,35154.0,33101.0,16777.0,11902.0,4875.0,2866.0,1085.0,3356.0,1599.0,4880.0,11507.0,44097.0,42654.0,42210.0
3,2023,Liability Insurance,Professional Indemnity,Corporate,Liability Insurance,Muscat HQ,Bancassurance,Agent-011,58272.0,48764.0,48237.0,43299.0,38039.0,5260.0,5849.0,978.0,3462.0,2624.0,11064.0,20255.0,54647.0,58272.0,60254.0
3,2023,Travel Insurance,Individual Travel,Standard,Travel Insurance,Nizwa,Broker,Agent-009,45006.0,38671.0,33783.0,17351.0,15437.0,1914.0,6495.0,1993.0,2102.0,1026.0,4142.0,15881.0,46409.0,45006.0,48367.0
3,2023,Travel Insurance,Individual Travel,Standard,Travel Insurance,Nizwa,Digital,Agent-011,39950.0,30302.0,31545.0,23449.0,14134.0,9315.0,2098.0,1809.0,2487.0,1714.0,6696.0,9034.0,42336.0,39950.0,42747.0
3,2023,Travel Insurance,Group Travel,Corporate,Travel Insurance,Salalah,Digital,Agent-005,33013.0,26516.0,26938.0,11846.0,8907.0,2939.0,3896.0,476.0,2298.0,1593.0,2101.0,4816.0,36143.0,33013.0,31417.0
3,2023,Life Insurance (Group),Group Life,Corporate,Life Insurance (Group),Sur,Broker,Agent-012,46864.0,39266.0,40436.0,28691.0,23826.0,4865.0,6297.0,1693.0,2586.0,1485.0,5880.0,12032.0,45560.0,46864.0,46475.0
3,2023,Life Insurance (Group),Group Life,Corporate,Life Insurance (Group),Muscat HQ,Broker,Agent-012,50513.0,38285.0,38224.0,26758.0,18680.0,8078.0,6621.0,544.0,1955.0,2263.0,6698.0,16775.0,53929.0,50513.0,54085.0
4,2023,Motor Insurance,Motor Third Party Cover,Individual Vehicle,Motor Insurance,Nizwa,Broker,Agent-011,54148.0,50516.0,45518.0,38177.0,30992.0,7185.0,5560.0,887.0,4100.0,1987.0,2757.0,5712.0,57155.0,54148.0,51219.0
4,2023,Motor Insurance,Motor Third Party Cover,Fleet,Motor Insurance,Salalah,Broker,Agent-010,48775.0,37072.0,38428.0,33853.0,23725.0,10128.0,5018.0,1464.0,3805.0,1552.0,6552.0,18467.0,45486.0,48775.0,49169.0
4,2023,Motor Insurance,Motor Third Party Cover,Trade Plate,Motor Insurance,Salalah,Digital,Agent-002,51343.0,41272.0,34423.0,35098.0,31142.0,3955.0,6135.0,2051.0,2220.0,2016.0,2860.0,8167.0,55782.0,51343.0,53308.0
4,2023,Motor Insurance,Motor Comprehensive Cover,Individual Vehicle,Motor Insurance,Sur,Broker,Agent-012,60306.0,46090.0,38976.0,21287.0,15113.0,6174.0,8890.0,1428.0,3330.0,2556.0,8000.0,19483.0,62255.0,60306.0,61353.0
4,2023,Motor Insurance,Motor Extended Warranty Cover,Standard,Motor Insurance,Nizwa,Digital,Agent-011,47860.0,35244.0,34166.0,30861.0,21756.0,9104.0,6579.0,1062.0,2019.0,2202.0,4166.0,10752.0,46596.0,47860.0,50908.0
4,2023,Motor Insurance,Motor Extended Warranty Cover,Standard,Motor Insurance,Salalah,Direct,Agent-008,47852.0,41008.0,42481.0,32109.0,23763.0,8346.0,6942.0,1483.0,1490.0,1330.0,6855.0,7036.0,48656.0,47852.0,46792.0
4,2023,Property Insurance,Fire & Perils,Commercial,Property Insurance,Muscat HQ,Broker,Agent-013,21481.0,15789.0,14360.0,11696.0,9627.0,2069.0,2201.0,252.0,1580.0,724.0,1322.0,7128.0,22169.0,21481.0,21994.0
4,2023,Property Insurance,Fire & Perils,Commercial,Property Insurance,Sohar,Digital,Agent-010,36939.0,28618.0,29962.0,22713.0,16958.0,5755.0,2668.0,1470.0,1589.0,919.0,2703.0,11775.0,37994.0,36939.0,34396.0
4,2023,Property Insurance,Fire & Perils,Residential,Property Insurance,Sohar,Broker,Agent-008,53283.0,39670.0,38942.0,38600.0,31280.0,7320.0,3709.0,1981.0,2513.0,1144.0,5081.0,19804.0,52336.0,53283.0,56392.0
4,2023,Property Insurance,Fire & Perils,Residential,Property Insurance,Nizwa,Bancassurance,Agent-002,45556.0,39145.0,32371.0,24669.0,17049.0,7620.0,4065.0,1434.0,1400.0,1300.0,9040.0,5340.0,43911.0,45556.0,44255.0
4,2023,Property Insurance,Property All Risks,Commercial,Property Insurance,Sur,Digital,Agent-006,62559.0,53877.0,47443.0,45638.0,43031.0,2607.0,3877.0,1486.0,2527.0,1602.0,7735.0,16838.0,61629.0,62559.0,60283.0
4,2023,Marine Insurance,Marine Cargo,Import/Export,Marine Insurance,Sur,Digital,Agent-011,31607.0,27313.0,24970.0,19771.0,15993.0,3777.0,4391.0,401.0,1501.0,1567.0,2445.0,4368.0,33054.0,31607.0,33010.0
4,2023,Marine Insurance,Marine Cargo,Import/Export,Marine Insurance,Nizwa,Direct,Agent-012,47462.0,40440.0,40206.0,33043.0,22674.0,10370.0,2978.0,1957.0,2033.0,995.0,8248.0,11951.0,45816.0,47462.0,43752.0
4,2023,Marine Insurance,Marine Hull,Commercial Vessels,Marine Insurance,Sohar,Bancassurance,Agent-011,48309.0,38146.0,32094.0,19090.0,13300.0,5790.0,5070.0,889.0,2279.0,1659.0,5459.0,6695.0,43854.0,48309.0,44719.0
4,2023,Marine Insurance,Marine Hull,Commercial Vessels,Marine Insurance,Sohar,Digital,Agent-014,45598.0,40889.0,40027.0,16031.0,9769.0,6262.0,3169.0,558.0,2579.0,966.0,7770.0,11303.0,47676.0,45598.0,47427.0
4,2023,Medical Insurance,Group Medical,Corporate,Medical Insurance,Nizwa,Bancassurance,Agent-003,6797.0,24859.0,22144.0,14931.0,11734.0,3197.0,2985.0,993.0,2316.0,959.0,4439.0,6816.0,35922.0,6797.0,34744.0
4,2023,Medical Insurance,Group Medical,Corporate,Medical Insurance,Sohar,Direct,Agent-003,69344.0,58376.0,52560.0,43522.0,39161.0,4361.0,8867.0,2206.0,4586.0,2248.0,11674.0,24181.0,64313.0,69344.0,66437.0
4,2023,Medical Insurance,Individual Medical,Standard,Medical Insurance,Sohar,Digital,Agent-002,56311.0,47801.0,39455.0,25788.0,21480.0,4308.0,5060.0,1512.0,3936.0,2789.0,7588.0,6967.0,51839.0,56311.0,60532.0
4,2023,Engineering Insurance,Contractors All Risks,Construction Projects,Engineering Insurance,Sur,Digital,Agent-013,36408.0,29567.0,29553.0,25360.0,17323.0,8037.0,3990.0,593.0,2837.0,1004.0,5789.0,6165.0,37253.0,36408.0,37336.0
4,2023,Engineering Insurance,Contractors All Risks,Construction Projects,Engineering Insurance,Sur,Direct,Agent-009,59739.0,46758.0,46107.0,34278.0,27677.0,6601.0,5839.0,2032.0,2197.0,1928.0,4579.0,10994.0,55293.0,59739.0,56991.0
4,2023,Engineering Insurance,Machinery Breakdown,Industrial,Engineering Insurance,Muscat HQ,Direct,Agent-007,54913.0,50925.0,51949.0,37298.0,35331.0,1966.0,5966.0,2663.0,4253.0,1614.0,9858.0,18547.0,57942.0,54913.0,58395.0
4,2023,Engineering Insurance,Machinery Breakdown,Industrial,Engineering Insurance,Sohar,Bancassurance,Agent-005,43405.0,38390.0,39155.0,30398.0,25914.0,4485.0,6324.0,744.0,3365.0,952.0,5788.0,5515.0,43996.0,43405.0,42642.0
4,2023,Liability Insurance,General Liability,Commercial,Liability Insurance,Salalah,Direct,Agent-011,36015.0,31463.0,26579.0,14585.0,9503.0,5082.0,3958.0,1482.0,2155.0,1595.0,4996.0,12216.0,39448.0,36015.0,35387.0
4,2023,Liability Insurance,General Liability,Commercial,Liability Insurance,Sohar,Broker,Agent-007,39523.0,29487.0,30092.0,28959.0,19942.0,9017.0,2794.0,733.0,1951.0,1802.0,5509.0,4753.0,39310.0,39523.0,36933.0
4,2023,Liability Insurance,Professional Indemnity,Corporate,Liability Insurance,Muscat HQ,Broker,Agent-012,10451.0,48008.0,38602.0,34469.0,20955.0,13514.0,4203.0,2361.0,3372.0,1315.0,6460.0,16543.0,56828.0,10451.0,53380.0
4,2023,Travel Insurance,Individual Travel,Standard,Travel Insurance,Muscat HQ,Direct,Agent-007,41082.0,34904.0,34703.0,14971.0,13089.0,1883.0,4956.0,1647.0,1735.0,1307.0,2792.0,7052.0,39462.0,41082.0,39895.0
4,2023,Travel Insurance,Group Travel,Corporate,Travel Insurance,Nizwa,Bancassurance,Agent-015,39623.0,31148.0,32298.0,17655.0,13107.0,4548.0,5205.0,1098.0,1653.0,1231.0,4957.0,11340.0,38875.0,39623.0,39187.0
4,2023,Travel Insurance,Group Travel,Corporate,Travel Insurance,Salalah,Direct,Agent-003,38599.0,34231.0,30896.0,25047.0,15089.0,9957.0,3260.0,1066.0,2065.0,1639.0,7504.0,8260.0,37446.0,38599.0,39282.0
4,2023,Life Insurance (Group),Group Life,Corporate,Life Insurance (Group),Sur,Broker,Agent-007,53428.0,50202.0,42895.0,19080.0,14368.0,4712.0,7659.0,830.0,1916.0,1179.0,8802.0,17940.0,55515.0,53428.0,49609.0
4,2023,Life Insurance (Group),Group Life,Corporate,Life Insurance (Group),Sohar,Bancassurance,Agent-010,51642.0,39960.0,36974.0,24884.0,23377.0,1508.0,5034.0,1285.0,3287.0,2041.0,2601.0,14746.0,48996.0,51642.0,50612.0
5,2023,Motor Insurance,Motor Third Party Cover,Individual Vehicle,Motor Insurance,Salalah,Bancassurance,Agent-012,39241.0,32428.0,28531.0,28064.0,22087.0,5977.0,5360.0,1005.0,2801.0,851.0,3717.0,4844.0,35565.0,39241.0,41871.0
5,2023,Motor Insurance,Motor Third Party Cover,Fleet,Motor Insurance,Sur,Digital,Agent-002,56515.0,48584.0,48907.0,33273.0,28682.0,4592.0,4414.0,2773.0,1786.0,1786.0,10303.0,8712.0,52461.0,56515.0,55298.0
5,2023,Motor Insurance,Motor Third Party Cover,Fleet,Motor Insurance,Sur,Digital,Agent-011,65237.0,61535.0,59109.0,45631.0,31309.0,14323.0,6452.0,730.0,1986.0,2685.0,4419.0,17245.0,67795.0,65237.0,60355.0
5,2023,Motor Insurance,Motor Third Party Cover,Trade Plate,Motor Insurance,Sur,Direct,Agent-013,40785.0,38483.0,38911.0,24889.0,18348.0,6542.0,4940.0,1739.0,1842.0,2030.0,7598.0,10019.0,42603.0,40785.0,40942.0
5,2023,Motor Insurance,Motor Comprehensive Cover,Individual Vehicle,Motor Insurance,Muscat HQ,Bancassurance,Agent-010,27133.0,21275.0,21901.0,13819.0,12584.0,1235.0,2611.0,585.0,2036.0,999.0,2824.0,3075.0,25022.0,27133.0,25567.0
5,2023,Motor Insurance,Motor Comprehensive Cover,Individual Vehicle,Motor Insurance,Muscat HQ,Direct,Agent-007,31115.0,22290.0,19308.0,15976.0,15134.0,842.0,2778.0,422.0,1837.0,1481.0,5227.0,10917.0,33779.0,31115.0,31794.0
5,2023,Motor Insurance,Motor Extended Warranty Cover,Standard,Motor Insurance,Muscat HQ,Bancassurance,Agent-009,59805.0,55570.0,51099.0,39777.0,26582.0,13195.0,6597.0,1456.0,3577.0,2408.0,6104.0,9860.0,57673.0,59805.0,61374.0
5,2023,Motor Insurance,Motor Extended Warranty Cover,Standard,Motor Insurance,Muscat HQ,Digital,Agent-010,61768.0,53864.0,43502.0,29910.0,22832.0,7078.0,5316.0,908.0,2493.0,1281.0,3951.0,11111.0,65721.0,61768.0,62031.0
5,2023,Property Insurance,Fire & Perils,Commercial,Property Insurance,Sohar,Broker,Agent-004,47157.0,35634.0,30490.0,27822.0,21188.0,6634.0,4186.0,1522.0,3702.0,1388.0,6037.0,11512.0,49200.0,47157.0,48895.0
5,2023,Property Insurance,Fire & Perils,Residential,Property Insurance,Sohar,Digital,Agent-014,60600.0,48200.0,50420.0,30052.0,23266.0,6786.0,5906.0,1657.0,4380.0,1494.0,8190.0,17306.0,64857.0,60600.0,61659.0
5,2023,Property Insurance,Fire & Perils,Residential,Property Insurance,Sur,Bancassurance,Agent-012,29666.0,27144.0,28219.0,13435.0,10931.0,2505.0,2319.0,1067.0,1029.0,1247.0,3351.0,8194.0,26853.0,29666.0,30594.0
5,2023,Property Insurance,Property All Risks,Commercial,Property Insurance,Muscat HQ,Digital,Agent-011,41464.0,33539.0,34746.0,18291.0,15301.0,2990.0,2280.0,1606.0,1738.0,1391.0,4361.0,5550.0,40184.0,41464.0,40470.0
5,2023,Marine Insurance,Marine Cargo,Import/Export,Marine Insurance,Nizwa,Broker,Agent-005,34550.0,28172.0,23295.0,15273.0,11342.0,3931.0,2852.0,1542.0,2209.0,1290.0,4273.0,7573.0,35325.0,34550.0,32475.0
5,2023,Marine Insurance,Marine Hull,Commercial Vessels,Marine Insurance,Muscat HQ,Digital,Agent-008,29578.0,20888.0,17547.0,21031.0,19961.0,1070.0,2921.0,882.0,2031.0,624.0,3373.0,3844.0,28992.0,29578.0,31867.0
5,2023,Medical Insurance,Group Medical,Corporate,Medical Insurance,Sohar,Digital,Agent-012,64749.0,57533.0,55506.0,34681.0,24360.0,10321.0,6606.0,1317.0,3518.0,1579.0,8729.0,11239.0,62076.0,64749.0,64739.0
5,2023,Medical Insurance,Group Medical,Corporate,Medical Insurance,Sohar,Digital,Agent-015,12399.0,8770.0,8865.0,7444.0,5551.0,1893.0,924.0,494.0,958.0,390.0,871.0,1646.0,11175.0,12399.0,12883.0
5,2023,Medical Insurance,Individual Medical,Standard,Medical Insurance,Nizwa,Digital,Agent-014,37381.0,35303.0,31136.0,18072.0,15190.0,2881.0,2052.0,1609.0,2985.0,1617.0,6252.0,8115.0,34135.0,37381.0,39131.0
5,2023,Engineering Insurance,Contractors All Risks,Construction Projects,Engineering Insurance,Muscat HQ,Direct,Agent-013,50266.0,39719.0,38560.0,33432.0,31304.0,2128.0,3998.0,1495.0,1581.0,1387.0,5333.0,13981.0,49973.0,50266.0,49176.0
5,2023,Engineering Insurance,Contractors All Risks,Construction Projects,Engineering Insurance,Salalah,Direct,Agent-003,61443.0,48277.0,47130.0,40625.0,36111.0,4514.0,4358.0,1940.0,4608.0,1951.0,7034.0,24298.0,56688.0,61443.0,63465.0
5,2023,Engineering Insurance,Machinery Breakdown,Industrial,Engineering Insurance,Sohar,Digital,Agent-004,50611.0,46219.0,47460.0,35377.0,22023.0,13353.0,6361.0,2372.0,3091.0,1925.0,2872.0,18058.0,46019.0,50611.0,49100.0
5,2023,Engineering Insurance,Machinery Breakdown,Industrial,Engineering Insurance,Sur,Digital,Agent-002,34114.0,25393.0,23412.0,13336.0,12074.0,1262.0,3618.0,893.0,1159.0,1097.0,6138.0,10610.0,31265.0,34114.0,32258.0
5,2023,Liability Insurance,General Liability,Commercial,Liability Insurance,Sur,Direct,Agent-004,49130.0,35556.0,35449.0,24435.0,16755.0,7680.0,5257.0,518.0,2617.0,2226.0,9296.0,9962.0,50529.0,49130.0,46982.0
5,2023,Liability Insurance,General Liability,Commercial,Liability Insurance,Sur,Direct,Agent-008,62463.0,46405.0,48044.0,44022.0,31604.0,12418.0,7974.0,863.0,4186.0,1779.0,4394.0,18955.0,62086.0,62463.0,62764.0
5,2023,Liability Insurance,Professional Indemnity,Corporate,Liability Insurance,Salalah,Direct,Agent-011,29154.0,24955.0,20258.0,14617.0,11905.0,2711.0,3372.0,1257.0,1488.0,1063.0,3988.0,5645.0,26552.0,29154.0,26841.0
5,2023,Travel Insurance,Individual Travel,Standard,Travel Insurance,Nizwa,Direct,Agent-012,35232.0,28182.0,28418.0,22174.0,13481.0,8693.0,4498.0,1067.0,1668.0,1473.0,5387.0,6806.0,38636.0,35232.0,36070.0
5,2023,Travel Insurance,Individual Travel,Standard,Travel Insurance,Salalah,Digital,Agent-004,33678.0,28884.0,26810.0,22066.0,15268.0,6799.0,4049.0,1437.0,2299.0,1452.0,6172.0,4218.0,35006.0,33678.0,36204.0
5,2023,Travel Insurance,Group Travel,Corporate,Travel Insurance,Sur,Broker,Agent-013,41483.0,32518.0,27414.0,22227.0,16595.0,5632.0,4112.0,1955.0,2237.0,1470.0,7592.0,14325.0,39324.0,41483.0,38251.0
5,2023,Travel Insurance,Group Travel,Corporate,Travel Insurance,Nizwa,Broker,Agent-011,40617.0,30577.0,30128.0,25094.0,20019.0,5075.0,5538.0,1680.0,2575.0,1622.0,6065.0,10461.0,40324.0,40617.0,41980.0
5,2023,Life Insurance (Group),Group Life,Corporate,Life Insurance (Group),Salalah,Bancassurance,Agent-007,22639.0,19503.0,17271.0,11150.0,7653.0,3497.0,3310.0,1005.0,1314.0,726.0,3634.0,5848.0,24793.0,22639.0,21027.0
6,2023,Motor Insurance,Motor Third Party Cover,Individual Vehicle,Motor Insurance,Salalah,Bancassurance,Agent-009,5841.0,5230.0,4364.0,3074.0,2585.0,489.0,779.0,174.0,235.0,219.0,690.0,1937.0,5906.0,5841.0,5635.0
6,2023,Motor Insurance,Motor Third Party Cover,Fleet,Motor Insurance,Muscat HQ,Bancassurance,Agent-001,42193.0,39538.0,38604.0,19810.0,16815.0,2995.0,3302.0,1338.0,2377.0,1157.0,4311.0,16145.0,40088.0,42193.0,44225.0
6,2023,Motor Insurance,Motor Third Party Cover,Trade Plate,Motor Insurance,Sohar,Bancassurance,Agent-015,36071.0,26864.0,25432.0,26669.0,24190.0,2479.0,1895.0,756.0,1366.0,1777.0,3078.0,5786.0,36943.0,36071.0,36395.0
6,2023,Motor Insurance,Motor Comprehensive Cover,Individual Vehicle,Motor Insurance,Sur,Bancassurance,Agent-002,44241.0,31880.0,28412.0,32738.0,25914.0,6825.0,5551.0,1011.0,2918.0,2167.0,4586.0,17684.0,45465.0,44241.0,46000.0
6,2023,Motor Insurance,Motor Extended Warranty Cover,Standard,Motor Insurance,Sohar,Bancassurance,Agent-004,34891.0,32315.0,29057.0,25427.0,23130.0,2296.0,3804.0,464.0,1327.0,778.0,2310.0,13715.0,32883.0,34891.0,35957.0
6,2023,Motor Insurance,Motor Extended Warranty Cover,Standard,Motor Insurance,Salalah,Broker,Agent-005,54172.0,46392.0,43730.0,22994.0,19616.0,3379.0,3105.0,1823.0,2807.0,1490.0,9269.0,8276.0,58864.0,54172.0,57506.0
6,2023,Property Insurance,Fire & Perils,Commercial,Property Insurance,Muscat HQ,Direct,Agent-014,37451.0,32091.0,25928.0,20763.0,13081.0,7682.0,4021.0,1137.0,1279.0,1666.0,3346.0,9829.0,38492.0,37451.0,40221.0
6,2023,Property Insurance,Fire & Perils,Commercial,Property Insurance,Sohar,Direct,Agent-015,16239.0,14848.0,12754.0,10279.0,6486.0,3793.0,2413.0,782.0,846.0,580.0,2268.0,2964.0,16806.0,16239.0,16755.0
6,2023,Property Insurance,Fire & Perils,Residential,Property Insurance,Sur,Bancassurance,Agent-007,21769.0,18662.0,15411.0,8891.0,5399.0,3493.0,1879.0,775.0,1221.0,876.0,3293.0,3092.0,19841.0,21769.0,22205.0
6,2023,Property Insurance,Fire & Perils,Residential,Property Insurance,Salalah,Direct,Agent-001,49983.0,35934.0,34427.0,19901.0,16499.0,3402.0,4587.0,1936.0,1630.0,1832.0,3585.0,15231.0,46184.0,49983.0,46573.0
6,2023,Property Insurance,Property All Risks,Commercial,Property Insurance,Salalah,Digital,Agent-006,61037.0,55082.0,55827.0,29325.0,23015.0,6310.0,7772.0,945.0,4042.0,1399.0,11413.0,17774.0,60956.0,61037.0,60888.0
6,2023,Property Insurance,Property All Risks,Commercial,Property Insurance,Sur,Bancassurance,Agent-007,51479.0,42997.0,40087.0,22038.0,18548.0,3490.0,4592.0,891.0,3974.0,1812.0,6651.0,20304.0,50103.0,51479.0,55128.0
6,2023,Marine Insurance,Marine Cargo,Import/Export,Marine Insurance,Salalah,Digital,Agent-007,33452.0,27077.0,21731.0,12658.0,10232.0,2426.0,4096.0,559.0,2229.0,1622.0,5402.0,11220.0,34794.0,33452.0,31978.0
6,2023,Marine Insurance,Marine Hull,Commercial Vessels,Marine Insurance,Sur,Digital,Agent-012,37964.0,35768.0,30684.0,18172.0,15004.0,3168.0,1991.0,1247.0,2674.0,1455.0,3580.0,12043.0,35276.0,37964.0,40362.0
6,2023,Marine Insurance,Marine Hull,Commercial Vessels,Marine Insurance,Sohar,Bancassurance,Agent-006,35890.0,29615.0,25174.0,19132.0,17169.0,1963.0,4669.0,593.0,2285.0,1640.0,6208.0,8172.0,32646.0,35890.0,38366.0
6,2023,Medical Insurance,Group Medical,Corporate,Medical Insurance,Nizwa,Direct,Agent-009,43804.0,39804.0,32600.0,28310.0,26555.0,1754.0,6552.0,2057.0,3221.0,1243.0,8542.0,16574.0,44105.0,43804.0,43117.0
6,2023,Medical Insurance,Individual Medical,Standard,Medical Insurance,Nizwa,Broker,Agent-012,53056.0,42525.0,40115.0,19159.0,17919.0,1241.0,4191.0,830.0,1606.0,2425.0,9523.0,6823.0,49366.0,53056.0,52614.0
6,2023,Engineering Insurance,Contractors All Risks,Construction Projects,Engineering Insurance,Muscat HQ,Bancassurance,Agent-012,32540.0,25892.0,23724.0,16918.0,11058.0,5860.0,2344.0,410.0,1164.0,1605.0,2993.0,6251.0,30114.0,32540.0,33869.0
6,2023,Engineering Insurance,Contractors All Risks,Construction Projects,Engineering Insurance,Muscat HQ,Broker,Agent-005,33559.0,30314.0,27314.0,23283.0,20477.0,2806.0,1684.0,990.0,1451.0,758.0,5938.0,3436.0,35103.0,33559.0,36180.0
6,2023,Engineering Insurance,Machinery Breakdown,Industrial,Engineering Insurance,Salalah,Bancassurance,Agent-005,30345.0,23064.0,19897.0,17991.0,16713.0,1278.0,2423.0,761.0,2417.0,767.0,1868.0,8403.0,27458.0,30345.0,28793.0
6,2023,Engineering Insurance,Machinery Breakdown,Industrial,Engineering Insurance,Sohar,Bancassurance,Agent-007,46199.0,38994.0,37468.0,31018.0,27217.0,3801.0,5381.0,2115.0,3322.0,1109.0,8940.0,16979.0,44545.0,46199.0,42652.0
6,2023,Liability Insurance,General Liability,Commercial,Liability Insurance,Nizwa,Bancassurance,Agent-012,42359.0,30461.0,26232.0,29779.0,18260.0,11519.0,5238.0,918.0,2229.0,1522.0,3707.0,12521.0,43998.0,42359.0,39547.0
6,2023,Liability Insurance,General Liability,Commercial,Liability Insurance,Sohar,Direct,Agent-009,35182.0,29417.0,29253.0,13829.0,8869.0,4959.0,4072.0,1328.0,2488.0,895.0,4486.0,10493.0,33238.0,35182.0,35277.0
6,2023,Liability Insurance,Professional Indemnity,Corporate,Liability Insurance,Muscat HQ,Bancassurance,Agent-001,29943.0,27719.0,23816.0,11927.0,7303.0,4624.0,1632.0,529.0,1809.0,615.0,2785.0,3517.0,29366.0,29943.0,27780.0
6,2023,Travel Insurance,Individual Travel,Standard,Travel Insurance,Salalah,Direct,Agent-014,6494.0,29779.0,28962.0,12100.0,9127.0,2973.0,4116.0,728.0,1594.0,1263.0,1894.0,12666.0,30356.0,6494.0,30011.0
6,2023,Travel Insurance,Individual Travel,Standard,Travel Insurance,Muscat HQ,Digital,Agent-007,64135.0,59518.0,55557.0,33959.0,24962.0,8997.0,3504.0,2975.0,3515.0,2158.0,8163.0,21693.0,60601.0,64135.0,66289.0
6,2023,Travel Insurance,Group Travel,Corporate,Travel Insurance,Nizwa,Broker,Agent-007,29075.0,23777.0,24077.0,21401.0,17296.0,4105.0,2071.0,505.0,1802.0,765.0,3866.0,10189.0,28435.0,29075.0,28510.0
6,2023,Life Insurance (Group),Group Life,Corporate,Life Insurance (Group),Sohar,Direct,Agent-005,12322.0,9113.0,7531.0,4781.0,3972.0,809.0,1371.0,379.0,678.0,303.0,1541.0,1454.0,13372.0,12322.0,11451.0
6,2023,Life Insurance (Group),Group Life,Corporate,Life Insurance (Group),Nizwa,Broker,Agent-004,38200.0,34578.0,33339.0,17186.0,11529.0,5657.0,3276.0,1648.0,2792.0,965.0,3935.0,6542.0,35317.0,38200.0,39095.0
7,2023,Motor Insurance,Motor Third Party Cover,Individual Vehicle,Motor Insurance,Sur,Direct,Agent-004,16987.0,15177.0,12290.0,12164.0,9745.0,2419.0,1705.0,177.0,1272.0,617.0,2952.0,5039.0,17995.0,16987.0,17512.0
7,2023,Motor Insurance,Motor Third Party Cover,Individual Vehicle,Motor Insurance,Sohar,Broker,Agent-006,31453.0,27620.0,25558.0,18547.0,15727.0,2819.0,3294.0,1306.0,1445.0,1440.0,2081.0,9128.0,33907.0,31453.0,30208.0
7,2023,Motor Insurance,Motor Third Party Cover,Fleet,Motor Insurance,Nizwa,Bancassurance,Agent-007,48875.0,35532.0,36343.0,21108.0,16610.0,4497.0,5351.0,568.0,1700.0,2402.0,7316.0,5380.0,51751.0,48875.0,48942.0
7,2023,Motor Insurance,Motor Third Party Cover,Fleet,Motor Insurance,Sohar,Bancassurance,Agent-004,52118.0,47918.0,41825.0,24173.0,16812.0,7361.0,6606.0,1993.0,3917.0,1401.0,8753.0,14172.0,50123.0,52118.0,48244.0
7,2023,Motor Insurance,Motor Third Party Cover,Trade Plate,Motor Insurance,Nizwa,Direct,Agent-015,50517.0,35418.0,37139.0,34136.0,26294.0,7842.0,5963.0,1468.0,3396.0,1214.0,5908.0,10137.0,50109.0,50517.0,50117.0
7,2023,Motor Insurance,Motor Comprehensive Cover,Individual Vehicle,Motor Insurance,Muscat HQ,Digital,Agent-002,43395.0,34428.0,32882.0,18307.0,14400.0,3906.0,5306.0,597.0,3438.0,1306.0,6351.0,5781.0,45213.0,43395.0,45759.0
7,2023,Motor Insurance,Motor Comprehensive Cover,Individual Vehicle,Motor Insurance,Salalah,Broker,Agent-015,50340.0,35388.0,37034.0,29668.0,24110.0,5558.0,7344.0,2179.0,3560.0,1520.0,5046.0,9440.0,48797.0,50340.0,49289.0
7,2023,Motor Insurance,Motor Extended Warranty Cover,Standard,Motor Insurance,Sohar,Bancassurance,Agent-002,30363.0,22509.0,20109.0,16468.0,14035.0,2433.0,3678.0,550.0,967.0,884.0,2234.0,6642.0,33274.0,30363.0,28814.0
7,2023,Property Insurance,Fire & Perils,Commercial,Property Insurance,Muscat HQ,Digital,Agent-003,42465.0,31442.0,32505.0,16615.0,13662.0,2953.0,5488.0,876.0,2813.0,1066.0,3937.0,8219.0,46681.0,42465.0,40526.0
7,2023,Property Insurance,Fire & Perils,Commercial,Property Insurance,Muscat HQ,Broker,Agent-010,45240.0,39025.0,36848.0,29430.0,25136.0,4294.0,2762.0,2261.0,3488.0,2122.0,6485.0,11619.0,45568.0,45240.0,41729.0
7,2023,Property Insurance,Fire & Perils,Residential,Property Insurance,Nizwa,Digital,Agent-012,26983.0,22068.0,21165.0,14067.0,13177.0,890.0,3253.0,271.0,841.0,1098.0,3019.0,9494.0,25219.0,26983.0,24884.0
7,2023,Property Insurance,Property All Risks,Commercial,Property Insurance,Sur,Bancassurance,Agent-003,43499.0,35713.0,35828.0,16448.0,13163.0,3285.0,6196.0,1125.0,3393.0,1158.0,2864.0,11198.0,47042.0,43499.0,42185.0
7,2023,Marine Insurance,Marine Cargo,Import/Export,Marine Insurance,Nizwa,Bancassurance,Agent-011,51477.0,38286.0,37502.0,32714.0,25530.0,7184.0,3734.0,787.0,4008.0,2042.0,8822.0,15911.0,54869.0,51477.0,48697.0
7,2023,Marine Insurance,Marine Cargo,Import/Export,Marine Insurance,Muscat HQ,Broker,Agent-012,35792.0,26396.0,25301.0,24964.0,20749.0,4215.0,1919.0,1747.0,1323.0,966.0,7024.0,11858.0,38917.0,35792.0,37548.0
7,2023,Marine Insurance,Marine Hull,Commercial Vessels,Marine Insurance,Sohar,Direct,Agent-005,54906.0,50248.0,44714.0,27415.0,19306.0,8110.0,4536.0,2439.0,1676.0,1816.0,10510.0,14429.0,54362.0,54906.0,53258.0
7,2023,Medical Insurance,Group Medical,Corporate,Medical Insurance,Sohar,Bancassurance,Agent-011,45158.0,33457.0,29292.0,16004.0,14925.0,1079.0,2817.0,1144.0,3341.0,1048.0,5534.0,15961.0,45673.0,45158.0,43065.0
7,2023,Medical Insurance,Individual Medical,Standard,Medical Insurance,Muscat HQ,Broker,Agent-007,27619.0,19388.0,19511.0,13219.0,8569.0,4650.0,2813.0,1294.0,840.0,599.0,3109.0,8363.0,27487.0,27619.0,29376.0
7,2023,Engineering Insurance,Contractors All Risks,Construction Projects,Engineering Insurance,Muscat HQ,Direct,Agent-007,68888.0,56621.0,56487.0,32870.0,28287.0,4583.0,4453.0,2234.0,3359.0,2492.0,4558.0,26594.0,74485.0,68888.0,72486.0
7,2023,Engineering Insurance,Machinery Breakdown,Industrial,Engineering Insurance,Nizwa,Direct,Agent-011,54439.0,50185.0,42524.0,23843.0,20037.0,3807.0,3206.0,2139.0,2363.0,2168.0,9851.0,15400.0,51311.0,54439.0,50512.0
7,2023,Engineering Insurance,Machinery Breakdown,Industrial,Engineering Insurance,Sohar,Digital,Agent-012,57261.0,43563.0,37239.0,41768.0,26798.0,14970.0,4608.0,1653.0,1719.0,2727.0,3714.0,17450.0,58737.0,57261.0,60093.0
7,2023,Liability Insurance,General Liability,Commercial,Liability Insurance,Sohar,Bancassurance,Agent-001,57446.0,50289.0,47377.0,31860.0,21408.0,10452.0,4355.0,1398.0,1750.0,1868.0,2896.0,15482.0,59790.0,57446.0,58017.0
7,2023,Liability Insurance,Professional Indemnity,Corporate,Liability Insurance,Muscat HQ,Bancassurance,Agent-005,55972.0,50415.0,49378.0,34434.0,29186.0,5248.0,6938.0,2182.0,3745.0,1244.0,3330.0,11661.0,56281.0,55972.0,58324.0
7,2023,Travel Insurance,Individual Travel,Standard,Travel Insurance,Nizwa,Direct,Agent-015,55789.0,44066.0,39672.0,26210.0,15757.0,10453.0,4103.0,1311.0,2549.0,2431.0,3186.0,12089.0,50629.0,55789.0,59634.0
7,2023,Travel Insurance,Individual Travel,Standard,Travel Insurance,Muscat HQ,Broker,Agent-004,47277.0,36826.0,35828.0,22344.0,20353.0,1991.0,4306.0,1184.0,3579.0,2132.0,9217.0,5671.0,44850.0,47277.0,45770.0
7,2023,Travel Insurance,Group Travel,Corporate,Travel Insurance,Nizwa,Broker,Agent-011,51612.0,39009.0,38000.0,35649.0,28922.0,6727.0,4408.0,904.0,1895.0,2184.0,6213.0,5878.0,56606.0,51612.0,53026.0
7,2023,Life Insurance (Group),Group Life,Corporate,Life Insurance (Group),Salalah,Bancassurance,Agent-014,35940.0,26821.0,27427.0,25398.0,19675.0,5723.0,2249.0,798.0,2433.0,1631.0,3671.0,4254.0,37131.0,35940.0,37317.0
7,2023,Life Insurance (Group),Group Life,Corporate,Life Insurance (Group),Sur,Direct,Agent-013,50040.0,42671.0,39995.0,34911.0,28339.0,6572.0,5043.0,747.0,3261.0,1199.0,2701.0,12338.0,50765.0,50040.0,54036.0
8,2023,Motor Insurance,Motor Third Party Cover,Individual Vehicle,Motor Insurance,Salalah,Direct,Agent-013,46621.0,43990.0,39783.0,31372.0,24599.0,6773.0,3375.0,1549.0,1907.0,937.0,3981.0,7364.0,45418.0,46621.0,49520.0
8,2023,Motor Insurance,Motor Third Party Cover,Fleet,Motor Insurance,Sohar,Direct,Agent-009,45946.0,34330.0,35457.0,27185.0,25155.0,2030.0,3722.0,1776.0,3152.0,2264.0,2423.0,17720.0,44949.0,45946.0,48430.0
8,2023,Motor Insurance,Motor Third Party Cover,Fleet,Motor Insurance,Sur,Direct,Agent-012,72648.0,65901.0,57070.0,39731.0,31628.0,8103.0,9027.0,2097.0,4651.0,2511.0,10817.0,21957.0,75692.0,72648.0,76406.0
8,2023,Motor Insurance,Motor Third Party Cover,Trade Plate,Motor Insurance,Sur,Bancassurance,Agent-009,25335.0,19121.0,19084.0,13276.0,10280.0,2996.0,3768.0,492.0,785.0,591.0,2196.0,8051.0,26732.0,25335.0,25600.0
8,2023,Motor Insurance,Motor Third Party Cover,Trade Plate,Motor Insurance,Muscat HQ,Bancassurance,Agent-010,56253.0,48017.0,38675.0,38073.0,33017.0,5056.0,4547.0,1992.0,3379.0,1367.0,4443.0,17155.0,61131.0,56253.0,56940.0
8,2023,Motor Insurance,Motor Comprehensive Cover,Individual Vehicle,Motor Insurance,Sohar,Digital,Agent-008,60260.0,48156.0,49362.0,40494.0,37440.0,3053.0,3934.0,1822.0,3570.0,1585.0,4830.0,20164.0,62331.0,60260.0,61679.0
8,2023,Motor Insurance,Motor Comprehensive Cover,Individual Vehicle,Motor Insurance,Sohar,Broker,Agent-007,40876.0,29941.0,27832.0,19370.0,18169.0,1201.0,3971.0,545.0,1263.0,1707.0,3095.0,6391.0,40253.0,40876.0,39333.0
8,2023,Motor Insurance,Motor Extended Warranty Cover,Standard,Motor Insurance,Sohar,Broker,Agent-001,39150.0,31573.0,30080.0,13764.0,11276.0,2488.0,3065.0,1166.0,1757.0,1953.0,3313.0,14637.0,42423.0,39150.0,38655.0
8,2023,Property Insurance,Fire & Perils,Commercial,Property Insurance,Sohar,Direct,Agent-014,31267.0,26145.0,21151.0,21547.0,13560.0,7987.0,1710.0,656.0,1682.0,1465.0,5269.0,4981.0,30467.0,31267.0,32669.0
8,2023,Property Insurance,Fire & Perils,Commercial,Property Insurance,Salalah,Bancassurance,Agent-013,45243.0,42678.0,41204.0,16128.0,13657.0,2472.0,3397.0,2013.0,2226.0,1176.0,5438.0,7988.0,42853.0,45243.0,45773.0
8,2023,Property Insurance,Fire & Perils,Residential,Property Insurance,Salalah,Direct,Agent-010,54760.0,44957.0,40841.0,23480.0,21453.0,2028.0,8072.0,661.0,3822.0,2156.0,4885.0,15910.0,50693.0,54760.0,50987.0
8,2023,Property Insurance,Property All Risks,Commercial,Property Insurance,Salalah,Bancassurance,Agent-012,28542.0,26759.0,24342.0,20270.0,18326.0,1944.0,2409.0,1080.0,1799.0,1231.0,2994.0,3301.0,26664.0,28542.0,29074.0
8,2023,Property Insurance,Property All Risks,Commercial,Property Insurance,Salalah,Digital,Agent-010,27853.0,20087.0,16157.0,18462.0,14627.0,3835.0,3573.0,460.0,1403.0,1325.0,2110.0,3299.0,28708.0,27853.0,28274.0
8,2023,Marine Insurance,Marine Cargo,Import/Export,Marine Insurance,Muscat HQ,Bancassurance,Agent-004,42139.0,34558.0,35388.0,22058.0,20663.0,1395.0,4856.0,606.0,2337.0,1722.0,2520.0,8571.0,43968.0,42139.0,39827.0
8,2023,Marine Insurance,Marine Cargo,Import/Export,Marine Insurance,Nizwa,Direct,Agent-014,47102.0,44239.0,45625.0,25406.0,16669.0,8737.0,5996.0,929.0,3398.0,1772.0,5140.0,12572.0,47412.0,47102.0,50303.0
8,2023,Marine Insurance,Marine Hull,Commercial Vessels,Marine Insurance,Muscat HQ,Digital,Agent-005,43063.0,40045.0,35981.0,16331.0,14398.0,1933.0,5783.0,1010.0,2409.0,1907.0,3394.0,12432.0,42466.0,43063.0,40820.0
8,2023,Medical Insurance,Group Medical,Corporate,Medical Insurance,Sur,Direct,Agent-007,60659.0,50264.0,45530.0,30952.0,27433.0,3520.0,7143.0,2484.0,3097.0,1689.0,3823.0,20199.0,59631.0,60659.0,60748.0
8,2023,Medical Insurance,Individual Medical,Standard,Medical Insurance,Nizwa,Direct,Agent-011,64105.0,60452.0,50461.0,37143.0,23108.0,14035.0,8384.0,2221.0,3296.0,2825.0,7580.0,10791.0,63753.0,64105.0,59704.0
8,2023,Engineering Insurance,Contractors All Risks,Construction Projects,Engineering Insurance,Nizwa,Broker,Agent-015,57333.0,41833.0,37371.0,41488.0,38674.0,2814.0,7269.0,1042.0,2277.0,2660.0,4087.0,15780.0,55937.0,57333.0,55517.0
8,2023,Engineering Insurance,Machinery Breakdown,Industrial,Engineering Insurance,Nizwa,Direct,Agent-010,71244.0,57720.0,59274.0,41410.0,32044.0,9366.0,8427.0,1388.0,2364.0,3253.0,10052.0,10648.0,68366.0,71244.0,76828.0
8,2023,Liability Insurance,General Liability,Commercial,Liability Insurance,Muscat HQ,Bancassurance,Agent-011,55928.0,51633.0,48377.0,26496.0,22371.0,4125.0,7457.0,2318.0,4410.0,2187.0,5491.0,13947.0,59467.0,55928.0,53829.0
8,2023,Liability Insurance,Professional Indemnity,Corporate,Liability Insurance,Sohar,Bancassurance,Agent-005,60716.0,44682.0,39496.0,27762.0,23438.0,4324.0,7646.0,1715.0,3273.0,1455.0,9428.0,24147.0,64091.0,60716.0,58026.0
8,2023,Travel Insurance,Individual Travel,Standard,Travel Insurance,Muscat HQ,Bancassurance,Agent-013,31684.0,22992.0,19519.0,21173.0,14874.0,6299.0,3983.0,1519.0,1860.0,1095.0,5149.0,4091.0,31229.0,31684.0,31678.0
8,2023,Travel Insurance,Individual Travel,Standard,Travel Insurance,Muscat HQ,Bancassurance,Agent-006,37416.0,32719.0,30515.0,25486.0,23081.0,2405.0,3669.0,1849.0,2759.0,1321.0,2260.0,6262.0,39485.0,37416.0,35088.0
8,2023,Travel Insurance,Group Travel,Corporate,Travel Insurance,Sur,Direct,Agent-006,35205.0,31370.0,28294.0,14325.0,11952.0,2373.0,2399.0,1143.0,2782.0,1285.0,5169.0,10677.0,37532.0,35205.0,34839.0
8,2023,Travel Insurance,Group Travel,Corporate,Travel Insurance,Nizwa,Direct,Agent-014,48485.0,40093.0,39757.0,17311.0,13803.0,3508.0,3265.0,1027.0,1539.0,1216.0,9600.0,19373.0,50617.0,48485.0,49353.0
8,2023,Life Insurance (Group),Group Life,Corporate,Life Insurance (Group),Sohar,Digital,Agent-008,35546.0,31187.0,32626.0,16110.0,12280.0,3831.0,3062.0,911.0,2349.0,1114.0,6795.0,11975.0,32188.0,35546.0,37358.0
9,2023,Motor Insurance,Motor Third Party Cover,Individual Vehicle,Motor Insurance,Sohar,Digital,Agent-011,22991.0,18536.0,15567.0,10925.0,7569.0,3356.0,2715.0,394.0,1431.0,781.0,4045.0,5644.0,24968.0,22991.0,24465.0
9,2023,Motor Insurance,Motor Third Party Cover,Fleet,Motor Insurance,Salalah,Direct,Agent-008,20727.0,17803.0,15551.0,9320.0,6993.0,2327.0,2696.0,867.0,656.0,602.0,2351.0,5714.0,19274.0,20727.0,20180.0
9,2023,Motor Insurance,Motor Third Party Cover,Trade Plate,Motor Insurance,Nizwa,Digital,Agent-015,40114.0,32743.0,31285.0,18202.0,12512.0,5689.0,5974.0,1795.0,2683.0,967.0,2188.0,6122.0,43626.0,40114.0,42144.0
9,2023,Motor Insurance,Motor Comprehensive Cover,Individual Vehicle,Motor Insurance,Muscat HQ,Bancassurance,Agent-015,32998.0,24610.0,21573.0,23958.0,21656.0,2302.0,1986.0,659.0,1971.0,721.0,4373.0,9086.0,31618.0,32998.0,31905.0
9,2023,Motor Insurance,Motor Extended Warranty Cover,Standard,Motor Insurance,Salalah,Direct,Agent-010,26401.0,20471.0,19973.0,10312.0,6446.0,3866.0,3285.0,1031.0,1142.0,809.0,5111.0,3466.0,24728.0,26401.0,26105.0
9,2023,Motor Insurance,Motor Extended Warranty Cover,Standard,Motor Insurance,Salalah,Digital,Agent-007,27222.0,22638.0,21569.0,14247.0,12340.0,1907.0,1476.0,613.0,1748.0,814.0,1682.0,5540.0,28374.0,27222.0,25576.0
9,2023,Property Insurance,Fire & Perils,Commercial,Property Insurance,Salalah,Bancassurance,Agent-002,23778.0,21432.0,18294.0,16938.0,14352.0,2586.0,1319.0,998.0,1315.0,798.0,2689.0,6705.0,24846.0,23778.0,25285.0
9,2023,Property Insurance,Fire & Perils,Commercial,Property Insurance,Nizwa,Bancassurance,Agent-013,56678.0,46660.0,41889.0,37121.0,26170.0,10951.0,4013.0,1804.0,2459.0,1190.0,3272.0,17485.0,62041.0,56678.0,56267.0
9,2023,Property Insurance,Fire & Perils,Residential,Property Insurance,Salalah,Direct,Agent-006,58035.0,48797.0,41875.0,31826.0,22832.0,8995.0,7425.0,826.0,4228.0,2497.0,10400.0,21386.0,54898.0,58035.0,58230.0
9,2023,Property Insurance,Fire & Perils,Residential,Property Insurance,Salalah,Broker,Agent-015,36096.0,27899.0,24007.0,25196.0,19208.0,5988.0,4272.0,1750.0,1623.0,1546.0,1928.0,4737.0,33655.0,36096.0,35013.0
9,2023,Property Insurance,Property All Risks,Commercial,Property Insurance,Muscat HQ,Direct,Agent-004,54976.0,47795.0,38519.0,37042.0,34272.0,2771.0,6654.0,1860.0,3455.0,2175.0,10432.0,21402.0,54170.0,54976.0,56006.0
9,2023,Marine Insurance,Marine Cargo,Import/Export,Marine Insurance,Sur,Direct,Agent-015,39579.0,34802.0,31050.0,18533.0,12301.0,6232.0,4187.0,1851.0,2960.0,1219.0,3510.0,13324.0,41360.0,39579.0,39613.0
9,2023,Marine Insurance,Marine Cargo,Import/Export,Marine Insurance,Nizwa,Digital,Agent-015,68835.0,54670.0,56294.0,42256.0,39096.0,3159.0,6707.0,1940.0,5291.0,3359.0,13362.0,23794.0,68318.0,68835.0,65645.0
9,2023,Marine Insurance,Marine Hull,Commercial Vessels,Marine Insurance,Salalah,Bancassurance,Agent-015,46397.0,43184.0,45024.0,33827.0,26868.0,6959.0,4602.0,2297.0,1898.0,1189.0,9023.0,14233.0,46734.0,46397.0,43666.0
9,2023,Marine Insurance,Marine Hull,Commercial Vessels,Marine Insurance,Salalah,Direct,Agent-011,57169.0,45801.0,42951.0,40273.0,37031.0,3242.0,5146.0,1962.0,2513.0,1917.0,4744.0,14832.0,58064.0,57169.0,55686.0
9,2023,Medical Insurance,Group Medical,Corporate,Medical Insurance,Muscat HQ,Bancassurance,Agent-003,31515.0,23807.0,19748.0,23622.0,16322.0,7300.0,4400.0,1083.0,2072.0,1161.0,2431.0,11160.0,33582.0,31515.0,30757.0
9,2023,Medical Insurance,Individual Medical,Standard,Medical Insurance,Nizwa,Digital,Agent-004,52959.0,37614.0,38359.0,39053.0,33576.0,5477.0,3283.0,2240.0,3303.0,1597.0,9670.0,14281.0,56697.0,52959.0,54400.0
9,2023,Medical Insurance,Individual Medical,Standard,Medical Insurance,Sohar,Direct,Agent-006,45913.0,36770.0,30670.0,28672.0,21526.0,7146.0,6587.0,2232.0,3140.0,1252.0,7226.0,4873.0,48910.0,45913.0,45866.0
9,2023,Engineering Insurance,Contractors All Risks,Construction Projects,Engineering Insurance,Salalah,Digital,Agent-014,56185.0,46783.0,47522.0,40140.0,31368.0,8772.0,5370.0,1804.0,4067.0,2750.0,5576.0,18068.0,53773.0,56185.0,57182.0
9,2023,Engineering Insurance,Machinery Breakdown,Industrial,Engineering Insurance,Sohar,Direct,Agent-004,24402.0,18628.0,15524.0,12103.0,10955.0,1147.0,2242.0,554.0,1634.0,646.0,2158.0,9292.0,22360.0,24402.0,24069.0
9,2023,Engineering Insurance,Machinery Breakdown,Industrial,Engineering Insurance,Sur,Bancassurance,Agent-001,41895.0,31650.0,28051.0,29721.0,22322.0,7399.0,3845.0,1067.0,3276.0,985.0,7574.0,8301.0,45720.0,41895.0,40657.0
9,2023,Liability Insurance,General Liability,Commercial,Liability Insurance,Sur,Broker,Agent-008,44874.0,38786.0,37685.0,19179.0,16264.0,2915.0,3641.0,2241.0,2988.0,1692.0,8080.0,12421.0,45348.0,44874.0,42988.0
9,2023,Liability Insurance,Professional Indemnity,Corporate,Liability Insurance,Muscat HQ,Broker,Agent-002,54480.0,38843.0,37603.0,22483.0,16894.0,5589.0,7404.0,751.0,3452.0,2091.0,9813.0,8271.0,57747.0,54480.0,54045.0
9,2023,Travel Insurance,Individual Travel,Standard,Travel Insurance,Sohar,Broker,Agent-003,41874.0,30430.0,27577.0,25576.0,19805.0,5771.0,2788.0,1027.0,2184.0,1678.0,7751.0,11101.0,43351.0,41874.0,39041.0
9,2023,Travel Insurance,Group Travel,Corporate,Travel Insurance,Muscat HQ,Broker,Agent-006,53023.0,38239.0,38144.0,23659.0,16536.0,7123.0,3615.0,2598.0,3661.0,2540.0,9505.0,19719.0,52801.0,53023.0,50228.0
9,2023,Life Insurance (Group),Group Life,Corporate,Life Insurance (Group),Salalah,Digital,Agent-008,41795.0,30741.0,29841.0,16692.0,10297.0,6395.0,2546.0,1573.0,1545.0,1019.0,3534.0,13595.0,39290.0,41795.0,38688.0
9,2023,Life Insurance (Group),Group Life,Corporate,Life Insurance (Group),Muscat HQ,Digital,Agent-015,42555.0,31795.0,31155.0,19150.0,17733.0,1417.0,5650.0,1427.0,1296.0,1979.0,6773.0,14314.0,38911.0,42555.0,43975.0
10,2023,Motor Insurance,Motor Third Party Cover,Individual Vehicle,Motor Insurance,Sohar,Bancassurance,Agent-006,43478.0,35059.0,34193.0,31232.0,25295.0,5937.0,3162.0,465.0,2650.0,1997.0,2604.0,9534.0,47305.0,43478.0,43490.0
10,2023,Motor Insurance,Motor Third Party Cover,Individual Vehicle,Motor Insurance,Salalah,Direct,Agent-007,49799.0,36319.0,35055.0,29225.0,24160.0,5065.0,5532.0,531.0,1928.0,1243.0,3222.0,15968.0,46015.0,49799.0,51139.0
10,2023,Motor Insurance,Motor Third Party Cover,Fleet,Motor Insurance,Sohar,Broker,Agent-006,45498.0,39190.0,39307.0,18264.0,14897.0,3367.0,5796.0,1024.0,1546.0,1123.0,2900.0,16660.0,44376.0,45498.0,45668.0
10,2023,Motor Insurance,Motor Third Party Cover,Trade Plate,Motor Insurance,Sur,Broker,Agent-001,28633.0,23485.0,19355.0,12865.0,9040.0,3825.0,3486.0,1058.0,1929.0,626.0,5700.0,3331.0,30498.0,28633.0,29733.0
10,2023,Motor Insurance,Motor Third Party Cover,Trade Plate,Motor Insurance,Nizwa,Broker,Agent-004,20084.0,14748.0,14721.0,7661.0,5938.0,1722.0,2300.0,861.0,1068.0,544.0,2482.0,3516.0,20200.0,20084.0,19964.0
10,2023,Motor Insurance,Motor Comprehensive Cover,Individual Vehicle,Motor Insurance,Muscat HQ,Direct,Agent-001,50567.0,36035.0,30894.0,24853.0,19153.0,5699.0,3891.0,1640.0,3738.0,1836.0,4704.0,5997.0,46892.0,50567.0,51062.0
10,2023,Motor Insurance,Motor Comprehensive Cover,Individual Vehicle,Motor Insurance,Nizwa,Direct,Agent-011,34891.0,27207.0,23940.0,25588.0,17177.0,8410.0,1963.0,842.0,1281.0,830.0,3877.0,6696.0,32042.0,34891.0,35473.0
10,2023,Motor Insurance,Motor Extended Warranty Cover,Standard,Motor Insurance,Salalah,Bancassurance,Agent-004,55276.0,51978.0,53688.0,28944.0,19682.0,9262.0,7378.0,1352.0,2110.0,2020.0,6822.0,19623.0,57810.0,55276.0,58602.0
10,2023,Motor Insurance,Motor Extended Warranty Cover,Standard,Motor Insurance,Sohar,Digital,Agent-004,32293.0,30349.0,30720.0,21318.0,17100.0,4218.0,2453.0,1454.0,986.0,866.0,3570.0,8908.0,32687.0,32293.0,30618.0
10,2023,Property Insurance,Fire & Perils,Commercial,Property Insurance,Salalah,Digital,Agent-015,46567.0,40659.0,35045.0,22844.0,16384.0,6460.0,4712.0,2067.0,1745.0,1407.0,7162.0,5275.0,49641.0,46567.0,50008.0
10,2023,Property Insurance,Fire & Perils,Residential,Property Insurance,Sohar,Direct,Agent-001,41271.0,29986.0,24254.0,18481.0,14181.0,4300.0,4159.0,772.0,2503.0,1050.0,4083.0,6550.0,42894.0,41271.0,41380.0
10,2023,Property Insurance,Fire & Perils,Residential,Property Insurance,Nizwa,Digital,Agent-002,36264.0,34151.0,27779.0,18761.0,11522.0,7239.0,2345.0,1034.0,1374.0,1290.0,6832.0,5807.0,33415.0,36264.0,38151.0
10,2023,Property Insurance,Property All Risks,Commercial,Property Insurance,Muscat HQ,Bancassurance,Agent-001,45215.0,42087.0,35476.0,30307.0,24883.0,5424.0,5936.0,761.0,2338.0,1079.0,8772.0,5372.0,41285.0,45215.0,48095.0
10,2023,Marine Insurance,Marine Cargo,Import/Export,Marine Insurance,Sur,Digital,Agent-008,47919.0,35849.0,32792.0,26998.0,19351.0,7646.0,3602.0,748.0,3129.0,1200.0,4496.0,9635.0,47482.0,47919.0,49473.0
10,2023,Marine Insurance,Marine Hull,Commercial Vessels,Marine Insurance,Muscat HQ,Direct,Agent-003,64979.0,57123.0,47821.0,48161.0,42155.0,6005.0,6970.0,1079.0,2510.0,2497.0,7306.0,19673.0,63321.0,64979.0,65113.0
10,2023,Marine Insurance,Marine Hull,Commercial Vessels,Marine Insurance,Muscat HQ,Broker,Agent-013,57889.0,48560.0,50347.0,37616.0,32691.0,4925.0,5841.0,2467.0,4463.0,2411.0,3811.0,17095.0,53495.0,57889.0,53974.0
10,2023,Medical Insurance,Group Medical,Corporate,Medical Insurance,Muscat HQ,Bancassurance,Agent-005,28827.0,26567.0,22132.0,10494.0,8945.0,1549.0,3885.0,881.0,1643.0,868.0,2472.0,9414.0,30840.0,28827.0,28002.0
10,2023,Medical Insurance,Group Medical,Corporate,Medical Insurance,Sohar,Direct,Agent-001,34529.0,26596.0,21448.0,22974.0,15842.0,7132.0,4109.0,1096.0,2482.0,1685.0,3629.0,4368.0,36253.0,34529.0,31884.0
10,2023,Medical Insurance,Individual Medical,Standard,Medical Insurance,Muscat HQ,Direct,Agent-004,44417.0,36563.0,33126.0,27143.0,19038.0,8105.0,6101.0,1749.0,2293.0,1365.0,7657.0,14529.0,43519.0,44417.0,43289.0
10,2023,Medical Insurance,Individual Medical,Standard,Medical Insurance,Muscat HQ,Direct,Agent-012,48599.0,35876.0,36389.0,32525.0,29141.0,3384.0,5462.0,1699.0,1759.0,1991.0,4471.0,12430.0,53018.0,48599.0,51480.0
10,2023,Engineering Insurance,Contractors All Risks,Construction Projects,Engineering Insurance,Muscat HQ,Direct,Agent-005,50453.0,35672.0,30056.0,31683.0,23039.0,8645.0,2603.0,2498.0,2859.0,1605.0,6449.0,12916.0,50153.0,50453.0,51365.0
10,2023,Engineering Insurance,Contractors All Risks,Construction Projects,Engineering Insurance,Muscat HQ,Broker,Agent-010,28497.0,19974.0,20272.0,13461.0,9355.0,4106.0,4267.0,951.0,1030.0,797.0,2935.0,11279.0,28101.0,28497.0,27266.0
10,2023,Engineering Insurance,Machinery Breakdown,Industrial,Engineering Insurance,Sohar,Broker,Agent-006,23626.0,16631.0,17041.0,15753.0,9870.0,5883.0,2891.0,965.0,1420.0,882.0,1357.0,2784.0,24700.0,23626.0,22135.0
10,2023,Liability Insurance,General Liability,Commercial,Liability Insurance,Sohar,Bancassurance,Agent-014,53084.0,47874.0,48378.0,19632.0,14719.0,4913.0,7150.0,1302.0,3439.0,2000.0,5419.0,9710.0,54706.0,53084.0,49972.0
10,2023,Liability Insurance,Professional Indemnity,Corporate,Liability Insurance,Muscat HQ,Broker,Agent-012,57300.0,46286.0,39390.0,42083.0,35849.0,6233.0,6263.0,2519.0,3277.0,1905.0,4493.0,8367.0,56520.0,57300.0,56896.0
10,2023,Travel Insurance,Individual Travel,Standard,Travel Insurance,Sur,Digital,Agent-003,49762.0,47191.0,41558.0,35370.0,31200.0,4169.0,2827.0,1163.0,2038.0,1987.0,6633.0,12364.0,52385.0,49762.0,48435.0
10,2023,Travel Insurance,Individual Travel,Standard,Travel Insurance,Sur,Direct,Agent-013,41132.0,31025.0,25694.0,17838.0,13342.0,4496.0,3030.0,1894.0,2613.0,1337.0,3746.0,8810.0,40935.0,41132.0,42539.0
10,2023,Travel Insurance,Group Travel,Corporate,Travel Insurance,Muscat HQ,Digital,Agent-006,42423.0,40234.0,34101.0,16564.0,13640.0,2925.0,3789.0,580.0,1281.0,949.0,5448.0,7181.0,44778.0,42423.0,44850.0
10,2023,Travel Insurance,Group Travel,Corporate,Travel Insurance,Muscat HQ,Bancassurance,Agent-004,42463.0,32767.0,28173.0,28227.0,20349.0,7878.0,4227.0,1569.0,3020.0,1233.0,3456.0,16711.0,40935.0,42463.0,43625.0
10,2023,Life Insurance (Group),Group Life,Corporate,Life Insurance (Group),Salalah,Broker,Agent-006,42193.0,34673.0,32167.0,27820.0,23604.0,4216.0,5958.0,2060.0,2801.0,941.0,4674.0,11926.0,42954.0,42193.0,40043.0
11,2023,Motor Insurance,Motor Third Party Cover,Individual Vehicle,Motor Insurance,Sur,Broker,Agent-003,51041.0,41113.0,38311.0,29356.0,23398.0,5958.0,3640.0,1734.0,2385.0,2024.0,3668.0,20326.0,53818.0,51041.0,50365.0
11,2023,Motor Insurance,Motor Third Party Cover,Fleet,Motor Insurance,Sur,Broker,Agent-015,39114.0,34245.0,35007.0,20829.0,17378.0,3451.0,3683.0,1389.0,2102.0,1694.0,1987.0,6443.0,37521.0,39114.0,41901.0
11,2023,Motor Insurance,Motor Third Party Cover,Fleet,Motor Insurance,Sohar,Bancassurance,Agent-013,38289.0,35109.0,36534.0,26330.0,23554.0,2776.0,2676.0,794.0,2290.0,1519.0,3079.0,12401.0,35991.0,38289.0,36837.0
11,2023,Motor Insurance,Motor Third Party Cover,Trade Plate,Motor Insurance,Nizwa,Digital,Agent-001,38833.0,35142.0,35255.0,19647.0,17162.0,2485.0,2743.0,1170.0,1395.0,1274.0,4973.0,4814.0,38543.0,38833.0,39776.0
11,2023,Motor Insurance,Motor Third Party Cover,Trade Plate,Motor Insurance,Nizwa,Broker,Agent-015,61609.0,48538.0,49056.0,42997.0,30458.0,12540.0,7510.0,2039.0,4878.0,1407.0,8144.0,17113.0,59239.0,61609.0,57143.0
11,2023,Motor Insurance,Motor Comprehensive Cover,Individual Vehicle,Motor Insurance,Sur,Digital,Agent-007,33969.0,25315.0,25682.0,17014.0,15951.0,1063.0,2100.0,1476.0,2562.0,1518.0,5820.0,7079.0,35418.0,33969.0,34400.0
11,2023,Motor Insurance,Motor Comprehensive Cover,Individual Vehicle,Motor Insurance,Salalah,Broker,Agent-005,42989.0,39796.0,34712.0,17672.0,12520.0,5151.0,5414.0,1908.0,1536.0,1662.0,5808.0,12924.0,44460.0,42989.0,46149.0
11,2023,Motor Insurance,Motor Extended Warranty Cover,Standard,Motor Insurance,Sohar,Broker,Agent-004,51032.0,41766.0,34136.0,20887.0,19370.0,1517.0,2900.0,1715.0,3456.0,1039.0,4257.0,10876.0,51101.0,51032.0,49738.0
11,2023,Property Insurance,Fire & Perils,Commercial,Property Insurance,Muscat HQ,Broker,Agent-011,44535.0,35021.0,31184.0,32486.0,20001.0,12485.0,4587.0,1475.0,2893.0,1744.0,2281.0,12895.0,42953.0,44535.0,46479.0
11,2023,Property Insurance,Fire & Perils,Commercial,Property Insurance,Salalah,Bancassurance,Agent-011,44880.0,38734.0,32691.0,27721.0,23783.0,3938.0,4440.0,1060.0,1720.0,1288.0,7386.0,10000.0,46699.0,44880.0,46604.0
11,2023,Property Insurance,Fire & Perils,Residential,Property Insurance,Muscat HQ,Broker,Agent-004,46169.0,34601.0,34972.0,33967.0,25926.0,8041.0,6617.0,2305.0,2507.0,1927.0,6767.0,7903.0,41987.0,46169.0,45824.0
11,2023,Property Insurance,Fire & Perils,Residential,Property Insurance,Nizwa,Digital,Agent-014,41241.0,36040.0,31406.0,22188.0,14724.0,7464.0,3079.0,561.0,1499.0,1085.0,5651.0,9583.0,39319.0,41241.0,43624.0
11,2023,Property Insurance,Property All Risks,Commercial,Property Insurance,Nizwa,Bancassurance,Agent-014,46309.0,42992.0,43610.0,27976.0,22022.0,5954.0,4413.0,1356.0,3170.0,1639.0,3538.0,5439.0,42847.0,46309.0,44467.0
11,2023,Marine Insurance,Marine Cargo,Import/Export,Marine Insurance,Salalah,Digital,Agent-004,66033.0,49904.0,46732.0,39410.0,30986.0,8424.0,9587.0,3289.0,4746.0,2916.0,6927.0,18089.0,64071.0,66033.0,69037.0
11,2023,Marine Insurance,Marine Hull,Commercial Vessels,Marine Insurance,Muscat HQ,Digital,Agent-006,29718.0,25918.0,20756.0,16473.0,12057.0,4416.0,3841.0,343.0,964.0,1147.0,4123.0,10381.0,30266.0,29718.0,31854.0
11,2023,Marine Insurance,Marine Hull,Commercial Vessels,Marine Insurance,Sohar,Direct,Agent-011,67273.0,48899.0,48849.0,23857.0,18376.0,5480.0,4396.0,2284.0,4703.0,1412.0,5016.0,13642.0,63987.0,67273.0,66016.0
11,2023,Medical Insurance,Group Medical,Corporate,Medical Insurance,Sohar,Digital,Agent-010,32470.0,25004.0,21745.0,20648.0,16853.0,3794.0,4263.0,851.0,1959.0,1520.0,5770.0,12209.0,30969.0,32470.0,34992.0
11,2023,Medical Insurance,Individual Medical,Standard,Medical Insurance,Sohar,Direct,Agent-008,68233.0,55296.0,54487.0,42954.0,36779.0,6176.0,8539.0,1203.0,3238.0,2168.0,11067.0,21485.0,72783.0,68233.0,71383.0
11,2023,Medical Insurance,Individual Medical,Standard,Medical Insurance,Nizwa,Bancassurance,Agent-008,47423.0,40822.0,41798.0,35550.0,25799.0,9751.0,5801.0,1499.0,2502.0,1290.0,4120.0,7374.0,48671.0,47423.0,44707.0
11,2023,Engineering Insurance,Contractors All Risks,Construction Projects,Engineering Insurance,Sohar,Broker,Agent-004,54776.0,44412.0,36449.0,40911.0,36646.0,4265.0,6354.0,2205.0,1994.0,2354.0,4446.0,13513.0,51248.0,54776.0,57000.0
11,2023,Engineering Insurance,Contractors All Risks,Construction Projects,Engineering Insurance,Nizwa,Digital,Agent-011,22281.0,19611.0,17139.0,12418.0,8895.0,3523.0,2840.0,425.0,1717.0,660.0,1461.0,3834.0,20383.0,22281.0,22170.0
11,2023,Engineering Insurance,Machinery Breakdown,Industrial,Engineering Insurance,Salalah,Digital,Agent-009,37845.0,30761.0,26116.0,15951.0,11249.0,4702.0,2302.0,664.0,2910.0,1514.0,7121.0,6701.0,40547.0,37845.0,37011.0
11,2023,Engineering Insurance,Machinery Breakdown,Industrial,Engineering Insurance,Muscat HQ,Broker,Agent-001,37168.0,33631.0,32094.0,20711.0,14990.0,5721.0,2137.0,1845.0,1440.0,1028.0,3174.0,13841.0,39129.0,37168.0,36915.0
11,2023,Liability Insurance,General Liability,Commercial,Liability Insurance,Sur,Direct,Agent-008,37893.0,30231.0,24593.0,28404.0,26133.0,2271.0,4111.0,709.0,1661.0,1269.0,3729.0,4032.0,39078.0,37893.0,38581.0
11,2023,Liability Insurance,General Liability,Commercial,Liability Insurance,Sohar,Digital,Agent-005,25497.0,21108.0,17914.0,15304.0,13307.0,1997.0,1666.0,580.0,1871.0,897.0,3309.0,8075.0,25894.0,25497.0,23741.0
11,2023,Liability Insurance,Professional Indemnity,Corporate,Liability Insurance,Sur,Broker,Agent-008,33136.0,29010.0,27592.0,16668.0,13146.0,3521.0,3987.0,1000.0,1226.0,752.0,3838.0,12488.0,33519.0,33136.0,32384.0
11,2023,Travel Insurance,Individual Travel,Standard,Travel Insurance,Muscat HQ,Bancassurance,Agent-015,60296.0,53323.0,51993.0,40259.0,28738.0,11522.0,5644.0,1009.0,4717.0,1362.0,8885.0,18787.0,56168.0,60296.0,58996.0
11,2023,Travel Insurance,Individual Travel,Standard,Travel Insurance,Sur,Direct,Agent-008,54320.0,51469.0,42799.0,27539.0,25218.0,2322.0,7478.0,1246.0,3473.0,2531.0,8965.0,15674.0,50546.0,54320.0,50609.0
11,2023,Travel Insurance,Group Travel,Corporate,Travel Insurance,Salalah,Direct,Agent-011,40348.0,32199.0,29748.0,20420.0,15020.0,5400.0,2484.0,1800.0,2439.0,984.0,4583.0,9079.0,41160.0,40348.0,41051.0
11,2023,Travel Insurance,Group Travel,Corporate,Travel Insurance,Sohar,Bancassurance,Agent-005,60032.0,46599.0,37481.0,31929.0,23956.0,7973.0,7410.0,1002.0,3696.0,1753.0,6441.0,18957.0,54888.0,60032.0,58522.0
11,2023,Life Insurance (Group),Group Life,Corporate,Life Insurance (Group),Sohar,Digital,Agent-001,57888.0,54962.0,55221.0,27201.0,22641.0,4560.0,3376.0,2596.0,3230.0,1464.0,5737.0,19695.0,62175.0,57888.0,58071.0
12,2023,Motor Insurance,Motor Third Party Cover,Individual Vehicle,Motor Insurance,Sohar,Bancassurance,Agent-010,46407.0,36945.0,35485.0,32157.0,21002.0,11155.0,4122.0,569.0,2341.0,2003.0,3692.0,12185.0,42106.0,46407.0,49359.0
12,2023,Motor Insurance,Motor Third Party Cover,Individual Vehicle,Motor Insurance,Nizwa,Broker,Agent-010,69208.0,63070.0,61734.0,27544.0,25981.0,1563.0,3616.0,2432.0,2671.0,2878.0,4191.0,8605.0,68742.0,69208.0,74679.0
12,2023,Motor Insurance,Motor Third Party Cover,Fleet,Motor Insurance,Sohar,Digital,Agent-006,70267.0,54257.0,50933.0,51312.0,36761.0,14552.0,6601.0,3201.0,3276.0,2208.0,6719.0,24092.0,76315.0,70267.0,71741.0
12,2023,Motor Insurance,Motor Third Party Cover,Trade Plate,Motor Insurance,Muscat HQ,Broker,Agent-012,51897.0,38240.0,31700.0,31741.0,20559.0,11182.0,3039.0,1313.0,2203.0,1265.0,3732.0,9179.0,52279.0,51897.0,54040.0
12,2023,Motor Insurance,Motor Comprehensive Cover,Individual Vehicle,Motor Insurance,Nizwa,Broker,Agent-006,34197.0,28381.0,27199.0,17599.0,12576.0,5023.0,2844.0,545.0,2388.0,741.0,5171.0,12288.0,34179.0,34197.0,31845.0
12,2023,Motor Insurance,Motor Extended Warranty Cover,Standard,Motor Insurance,Sur,Bancassurance,Agent-002,39445.0,34725.0,32258.0,24999.0,21321.0,3677.0,2234.0,746.0,1209.0,1392.0,7154.0,11158.0,39446.0,39445.0,42133.0
12,2023,Property Insurance,Fire & Perils,Commercial,Property Insurance,Sur,Bancassurance,Agent-007,49966.0,43508.0,37482.0,36870.0,31999.0,4872.0,5865.0,945.0,2781.0,2232.0,8946.0,13412.0,50194.0,49966.0,51546.0
12,2023,Property Insurance,Fire & Perils,Residential,Property Insurance,Muscat HQ,Digital,Agent-002,45237.0,40264.0,32460.0,16779.0,15380.0,1399.0,5447.0,460.0,2063.0,1941.0,5096.0,10886.0,44864.0,45237.0,43081.0
12,2023,Property Insurance,Fire & Perils,Residential,Property Insurance,Sur,Direct,Agent-013,46206.0,34307.0,27845.0,18819.0,17018.0,1802.0,3124.0,977.0,1705.0,1944.0,5398.0,17701.0,47724.0,46206.0,46438.0
12,2023,Property Insurance,Property All Risks,Commercial,Property Insurance,Sohar,Digital,Agent-014,28231.0,21711.0,20779.0,12161.0,9627.0,2534.0,3588.0,1344.0,1326.0,1152.0,4445.0,4696.0,28960.0,28231.0,28933.0
12,2023,Property Insurance,Property All Risks,Commercial,Property Insurance,Muscat HQ,Broker,Agent-003,31359.0,23088.0,19362.0,16673.0,15131.0,1542.0,2975.0,1152.0,1531.0,928.0,5492.0,9303.0,30423.0,31359.0,33437.0
12,2023,Marine Insurance,Marine Cargo,Import/Export,Marine Insurance,Sohar,Bancassurance,Agent-004,38667.0,30616.0,30951.0,21779.0,16633.0,5146.0,5254.0,1103.0,1961.0,894.0,4036.0,8472.0,36197.0,38667.0,39210.0
12,2023,Marine Insurance,Marine Hull,Commercial Vessels,Marine Insurance,Sohar,Bancassurance,Agent-013,44316.0,38108.0,37065.0,20852.0,13149.0,7703.0,4385.0,608.0,2471.0,1852.0,6339.0,10391.0,48268.0,44316.0,41493.0
12,2023,Marine Insurance,Marine Hull,Commercial Vessels,Marine Insurance,Salalah,Digital,Agent-004,42812.0,31605.0,26515.0,30770.0,20979.0,9791.0,5883.0,1290.0,2273.0,1652.0,3522.0,9783.0,46567.0,42812.0,41019.0
12,2023,Medical Insurance,Group Medical,Corporate,Medical Insurance,Salalah,Direct,Agent-003,50467.0,37494.0,35823.0,37639.0,34398.0,3240.0,7191.0,935.0,2882.0,1365.0,9332.0,7941.0,46974.0,50467.0,46527.0
12,2023,Medical Insurance,Individual Medical,Standard,Medical Insurance,Salalah,Bancassurance,Agent-005,25755.0,23050.0,19907.0,17083.0,12774.0,4309.0,3285.0,590.0,1500.0,810.0,2013.0,7100.0,27047.0,25755.0,26798.0
12,2023,Engineering Insurance,Contractors All Risks,Construction Projects,Engineering Insurance,Sur,Direct,Agent-015,51661.0,37091.0,33162.0,22699.0,16596.0,6103.0,3067.0,1740.0,3285.0,2260.0,7624.0,11309.0,56155.0,51661.0,53532.0
12,2023,Engineering Insurance,Contractors All Risks,Construction Projects,Engineering Insurance,Nizwa,Direct,Agent-001,49835.0,43398.0,43193.0,35683.0,33263.0,2420.0,5632.0,2424.0,3766.0,1001.0,7258.0,7652.0,47794.0,49835.0,48221.0
12,2023,Engineering Insurance,Machinery Breakdown,Industrial,Engineering Insurance,Salalah,Digital,Agent-007,46296.0,39937.0,40828.0,34681.0,26253.0,8428.0,3519.0,2043.0,1651.0,2279.0,7279.0,11629.0,42561.0,46296.0,42727.0
12,2023,Engineering Insurance,Machinery Breakdown,Industrial,Engineering Insurance,Nizwa,Bancassurance,Agent-015,36147.0,31108.0,28245.0,15919.0,12228.0,3691.0,2397.0,1326.0,2179.0,1601.0,4245.0,6636.0,38579.0,36147.0,37252.0
12,2023,Liability Insurance,General Liability,Commercial,Liability Insurance,Sohar,Direct,Agent-011,47824.0,42996.0,35826.0,32197.0,23292.0,8905.0,2991.0,630.0,3451.0,2074.0,4457.0,6452.0,45406.0,47824.0,45628.0
12,2023,Liability Insurance,General Liability,Commercial,Liability Insurance,Salalah,Bancassurance,Agent-007,41582.0,35312.0,34332.0,25423.0,20313.0,5110.0,6096.0,1202.0,3036.0,1637.0,2604.0,14264.0,42283.0,41582.0,42603.0
12,2023,Liability Insurance,Professional Indemnity,Corporate,Liability Insurance,Sur,Broker,Agent-014,26913.0,18840.0,16285.0,14668.0,13017.0,1651.0,3077.0,1259.0,1420.0,854.0,2280.0,4452.0,28184.0,26913.0,25106.0
12,2023,Liability Insurance,Professional Indemnity,Corporate,Liability Insurance,Sohar,Direct,Agent-004,35548.0,25298.0,24692.0,19646.0,17664.0,1983.0,4203.0,362.0,1432.0,986.0,5522.0,8986.0,37307.0,35548.0,35621.0
12,2023,Travel Insurance,Individual Travel,Standard,Travel Insurance,Nizwa,Broker,Agent-009,40077.0,33579.0,34743.0,17870.0,14888.0,2982.0,2615.0,1545.0,1225.0,1590.0,2985.0,6176.0,40549.0,40077.0,39278.0
12,2023,Travel Insurance,Group Travel,Corporate,Travel Insurance,Salalah,Bancassurance,Agent-002,39898.0,33335.0,33788.0,24564.0,17514.0,7051.0,4199.0,531.0,2286.0,1314.0,6531.0,14139.0,37501.0,39898.0,37227.0
12,2023,Travel Insurance,Group Travel,Corporate,Travel Insurance,Salalah,Direct,Agent-007,45289.0,37427.0,38706.0,23267.0,14632.0,8635.0,3632.0,1550.0,1938.0,1271.0,4571.0,14666.0,49275.0,45289.0,44204.0
12,2023,Life Insurance (Group),Group Life,Corporate,Life Insurance (Group),Salalah,Direct,Agent-010,60767.0,49584.0,48087.0,43479.0,35661.0,7819.0,4554.0,2084.0,3044.0,1985.0,11965.0,11155.0,60389.0,60767.0,57460.0
12,2023,Life Insurance (Group),Group Life,Corporate,Life Insurance (Group),Sur,Broker,Agent-009,44848.0,38529.0,33995.0,16766.0,12819.0,3947.0,4504.0,1831.0,2781.0,2069.0,7510.0,9407.0,46034.0,44848.0,46622.0
1,2024,Motor Insurance,Motor Third Party Cover,Individual Vehicle,Motor Insurance,Nizwa,Bancassurance,Agent-013,46674.0,41281.0,42437.0,33497.0,21940.0,11557.0,3286.0,1876.0,2873.0,2201.0,4531.0,16541.0,48389.0,46674.0,44399.0
1,2024,Motor Insurance,Motor Third Party Cover,Individual Vehicle,Motor Insurance,Muscat HQ,Direct,Agent-012,35109.0,29466.0,27085.0,16157.0,15258.0,899.0,4291.0,1444.0,2403.0,1317.0,6704.0,9660.0,35249.0,35109.0,33838.0
1,2024,Motor Insurance,Motor Third Party Cover,Fleet,Motor Insurance,Salalah,Bancassurance,Agent-014,28263.0,26515.0,24124.0,10992.0,9160.0,1833.0,1440.0,1172.0,1591.0,980.0,3827.0,7205.0,27267.0,28263.0,27275.0
1,2024,Motor Insurance,Motor Third Party Cover,Fleet,Motor Insurance,Salalah,Digital,Agent-009,46862.0,36608.0,31046.0,24408.0,15785.0,8623.0,5908.0,663.0,2965.0,1314.0,5662.0,7498.0,49020.0,46862.0,50223.0
1,2024,Motor Insurance,Motor Third Party Cover,Trade Plate,Motor Insurance,Sohar,Direct,Agent-001,51412.0,45006.0,38247.0,27141.0,16929.0,10212.0,6154.0,1371.0,3834.0,1451.0,9693.0,7317.0,52512.0,51412.0,49831.0
1,2024,Motor Insurance,Motor Comprehensive Cover,Individual Vehicle,Motor Insurance,Salalah,Digital,Agent-003,66532.0,56100.0,58616.0,31695.0,19404.0,12290.0,4277.0,983.0,3537.0,2817.0,6285.0,9564.0,68405.0,66532.0,64415.0
1,2024,Motor Insurance,Motor Comprehensive Cover,Individual Vehicle,Motor Insurance,Salalah,Digital,Agent-006,46341.0,41786.0,40655.0,30149.0,26242.0,3907.0,4819.0,1457.0,3056.0,1897.0,6975.0,9947.0,49386.0,46341.0,44385.0
1,2024,Motor Insurance,Motor Extended Warranty Cover,Standard,Motor Insurance,Salalah,Direct,Agent-002,47143.0,35723.0,34441.0,26178.0,17104.0,9074.0,3575.0,1455.0,3142.0,1506.0,4004.0,8888.0,43325.0,47143.0,43561.0
1,2024,Property Insurance,Fire & Perils,Commercial,Property Insurance,Muscat HQ,Digital,Agent-014,66716.0,57768.0,52512.0,40671.0,37712.0,2959.0,3999.0,1318.0,4871.0,2897.0,13286.0,12954.0,72653.0,66716.0,65048.0
1,2024,Property Insurance,Fire & Perils,Commercial,Property Insurance,Muscat HQ,Digital,Agent-002,47711.0,35851.0,33888.0,32803.0,20588.0,12215.0,6445.0,1132.0,2400.0,1441.0,8909.0,6643.0,48420.0,47711.0,45025.0
1,2024,Property Insurance,Fire & Perils,Residential,Property Insurance,Muscat HQ,Broker,Agent-004,51610.0,41050.0,37000.0,34937.0,27865.0,7072.0,4789.0,2001.0,2730.0,1231.0,3413.0,10208.0,52672.0,51610.0,48595.0
1,2024,Property Insurance,Property All Risks,Commercial,Property Insurance,Sur,Digital,Agent-010,38902.0,31793.0,25850.0,18759.0,11358.0,7401.0,3770.0,1583.0,1362.0,1636.0,5354.0,9779.0,39676.0,38902.0,37881.0
1,2024,Property Insurance,Property All Risks,Commercial,Property Insurance,Nizwa,Bancassurance,Agent-003,46934.0,40526.0,33921.0,25727.0,15460.0,10267.0,3255.0,1655.0,3460.0,1008.0,6279.0,13659.0,50992.0,46934.0,48099.0
1,2024,Marine Insurance,Marine Cargo,Import/Export,Marine Insurance,Nizwa,Digital,Agent-008,65585.0,61130.0,62975.0,47842.0,33610.0,14231.0,7981.0,2395.0,2084.0,1834.0,5313.0,13854.0,71528.0,65585.0,69212.0
1,2024,Marine Insurance,Marine Cargo,Import/Export,Marine Insurance,Nizwa,Direct,Agent-007,43610.0,31236.0,30007.0,26723.0,23876.0,2847.0,5981.0,715.0,2929.0,1048.0,4625.0,11106.0,39681.0,43610.0,41215.0
1,2024,Marine Insurance,Marine Hull,Commercial Vessels,Marine Insurance,Muscat HQ,Digital,Agent-015,55384.0,45708.0,47954.0,31938.0,23762.0,8175.0,7919.0,1047.0,2159.0,1997.0,6319.0,18781.0,50311.0,55384.0,56428.0
1,2024,Marine Insurance,Marine Hull,Commercial Vessels,Marine Insurance,Muscat HQ,Broker,Agent-003,46256.0,32819.0,26890.0,30722.0,24535.0,6187.0,4928.0,2091.0,1945.0,1148.0,6572.0,16871.0,44084.0,46256.0,47598.0
1,2024,Medical Insurance,Group Medical,Corporate,Medical Insurance,Sur,Direct,Agent-013,30582.0,21593.0,21458.0,15138.0,11184.0,3954.0,3975.0,526.0,1912.0,899.0,2007.0,9366.0,29473.0,30582.0,32375.0
1,2024,Medical Insurance,Group Medical,Corporate,Medical Insurance,Muscat HQ,Direct,Agent-001,54220.0,41161.0,42116.0,28800.0,24414.0,4386.0,7196.0,1144.0,1949.0,2101.0,7511.0,9817.0,55138.0,54220.0,56738.0
1,2024,Medical Insurance,Individual Medical,Standard,Medical Insurance,Muscat HQ,Bancassurance,Agent-009,51669.0,48495.0,40585.0,36463.0,31642.0,4821.0,6210.0,1164.0,1607.0,1820.0,4798.0,9659.0,56083.0,51669.0,48800.0
1,2024,Medical Insurance,Individual Medical,Standard,Medical Insurance,Sur,Broker,Agent-008,36650.0,31463.0,29549.0,26376.0,17481.0,8895.0,2582.0,1758.0,1279.0,1431.0,2165.0,4512.0,37362.0,36650.0,36951.0
1,2024,Engineering Insurance,Contractors All Risks,Construction Projects,Engineering Insurance,Nizwa,Direct,Agent-004,70421.0,54150.0,47699.0,33747.0,29264.0,4484.0,5972.0,2610.0,3683.0,2692.0,12278.0,17902.0,70071.0,70421.0,67796.0
1,2024,Engineering Insurance,Contractors All Risks,Construction Projects,Engineering Insurance,Muscat HQ,Digital,Agent-014,36588.0,29169.0,24277.0,16318.0,12844.0,3474.0,5182.0,806.0,1581.0,1178.0,7141.0,12936.0,34025.0,36588.0,37254.0
1,2024,Engineering Insurance,Machinery Breakdown,Industrial,Engineering Insurance,Sohar,Direct,Agent-002,41557.0,31183.0,25383.0,20687.0,12861.0,7826.0,3719.0,1793.0,3001.0,874.0,2511.0,12507.0,41557.0,41557.0,39225.0
1,2024,Liability Insurance,General Liability,Commercial,Liability Insurance,Salalah,Broker,Agent-007,31286.0,24985.0,24315.0,22355.0,13681.0,8675.0,3528.0,586.0,1680.0,1024.0,3394.0,4915.0,33179.0,31286.0,30683.0
1,2024,Liability Insurance,Professional Indemnity,Corporate,Liability Insurance,Salalah,Broker,Agent-013,38035.0,30291.0,29565.0,25280.0,19439.0,5841.0,3520.0,1259.0,2254.0,1246.0,6224.0,8365.0,37678.0,38035.0,38676.0
1,2024,Liability Insurance,Professional Indemnity,Corporate,Liability Insurance,Salalah,Digital,Agent-006,36838.0,32136.0,29317.0,18619.0,12502.0,6118.0,5125.0,1021.0,2224.0,861.0,2439.0,4428.0,35860.0,36838.0,36678.0
1,2024,Travel Insurance,Individual Travel,Standard,Travel Insurance,Muscat HQ,Direct,Agent-012,67426.0,49207.0,40945.0,23721.0,20014.0,3707.0,9651.0,2351.0,2347.0,3350.0,13238.0,16214.0,62138.0,67426.0,69807.0
1,2024,Travel Insurance,Group Travel,Corporate,Travel Insurance,Nizwa,Digital,Agent-015,60405.0,57052.0,46684.0,24755.0,22052.0,2704.0,3897.0,1530.0,2662.0,1649.0,3253.0,16302.0,59212.0,60405.0,60904.0
1,2024,Life Insurance (Group),Group Life,Corporate,Life Insurance (Group),Sohar,Bancassurance,Agent-012,31323.0,24667.0,19747.0,20751.0,18460.0,2291.0,1750.0,1097.0,1975.0,763.0,4162.0,5418.0,28293.0,31323.0,33161.0
2,2024,Motor Insurance,Motor Third Party Cover,Individual Vehicle,Motor Insurance,Nizwa,Broker,Agent-012,62651.0,50715.0,45993.0,28989.0,23736.0,5253.0,6178.0,2453.0,2996.0,1499.0,11237.0,21829.0,60784.0,62651.0,64559.0
2,2024,Motor Insurance,Motor Third Party Cover,Individual Vehicle,Motor Insurance,Salalah,Digital,Agent-010,46909.0,39118.0,31860.0,19700.0,17210.0,2490.0,4135.0,535.0,1800.0,1517.0,7397.0,9806.0,49209.0,46909.0,49596.0
2,2024,Motor Insurance,Motor Third Party Cover,Fleet,Motor Insurance,Sur,Digital,Agent-015,35216.0,25510.0,20743.0,13234.0,8426.0,4809.0,4704.0,1118.0,2725.0,1273.0,5082.0,5471.0,35501.0,35216.0,34569.0
2,2024,Motor Insurance,Motor Third Party Cover,Trade Plate,Motor Insurance,Salalah,Bancassurance,Agent-013,26264.0,22575.0,21235.0,10499.0,8702.0,1796.0,3412.0,625.0,1464.0,617.0,4980.0,3489.0,24732.0,26264.0,25417.0
2,2024,Motor Insurance,Motor Comprehensive Cover,Individual Vehicle,Motor Insurance,Sohar,Broker,Agent-007,38549.0,34214.0,30826.0,13897.0,13026.0,870.0,2510.0,1173.0,1635.0,1624.0,6419.0,8449.0,39771.0,38549.0,41073.0
2,2024,Motor Insurance,Motor Extended Warranty Cover,Standard,Motor Insurance,Salalah,Digital,Agent-003,46475.0,32932.0,26533.0,20092.0,17875.0,2217.0,3036.0,995.0,2856.0,1186.0,4437.0,11157.0,43948.0,46475.0,50137.0
2,2024,Property Insurance,Fire & Perils,Commercial,Property Insurance,Nizwa,Direct,Agent-011,44403.0,32397.0,29970.0,21820.0,14884.0,6936.0,6478.0,1267.0,3394.0,1107.0,3442.0,12380.0,42359.0,44403.0,42165.0
2,2024,Property Insurance,Fire & Perils,Residential,Property Insurance,Sur,Broker,Agent-006,50556.0,47755.0,40390.0,24862.0,18180.0,6683.0,5056.0,2266.0,3627.0,1026.0,5631.0,17613.0,45502.0,50556.0,50828.0
2,2024,Property Insurance,Fire & Perils,Residential,Property Insurance,Sohar,Bancassurance,Agent-009,42725.0,39435.0,36836.0,30399.0,25971.0,4427.0,3636.0,1271.0,2115.0,1917.0,3339.0,16275.0,43412.0,42725.0,43489.0
2,2024,Property Insurance,Property All Risks,Commercial,Property Insurance,Nizwa,Bancassurance,Agent-002,52295.0,39406.0,37263.0,25721.0,21168.0,4554.0,5480.0,899.0,3490.0,1763.0,6940.0,15782.0,53894.0,52295.0,54378.0
2,2024,Property Insurance,Property All Risks,Commercial,Property Insurance,Sohar,Direct,Agent-008,52408.0,39777.0,32961.0,21094.0,14966.0,6128.0,7818.0,854.0,2355.0,2496.0,10193.0,8839.0,56395.0,52408.0,49380.0
2,2024,Marine Insurance,Marine Cargo,Import/Export,Marine Insurance,Nizwa,Broker,Agent-003,8787.0,7697.0,6188.0,4709.0,3974.0,735.0,480.0,403.0,422.0,219.0,736.0,1772.0,8256.0,8787.0,8801.0
2,2024,Marine Insurance,Marine Hull,Commercial Vessels,Marine Insurance,Salalah,Direct,Agent-004,39382.0,30531.0,29178.0,27850.0,18869.0,8981.0,4410.0,1887.0,2225.0,1942.0,3801.0,10605.0,37894.0,39382.0,36255.0
2,2024,Medical Insurance,Group Medical,Corporate,Medical Insurance,Sohar,Bancassurance,Agent-013,49429.0,45770.0,47683.0,28527.0,27097.0,1429.0,6264.0,1530.0,3102.0,1277.0,2553.0,8751.0,48786.0,49429.0,47278.0
2,2024,Medical Insurance,Group Medical,Corporate,Medical Insurance,Nizwa,Direct,Agent-005,48923.0,46065.0,47109.0,29259.0,19663.0,9597.0,7062.0,831.0,1838.0,1445.0,6656.0,14894.0,44161.0,48923.0,51099.0
2,2024,Medical Insurance,Individual Medical,Standard,Medical Insurance,Salalah,Digital,Agent-007,53130.0,47291.0,38317.0,22772.0,13841.0,8931.0,6792.0,2622.0,3346.0,2003.0,9893.0,9377.0,48523.0,53130.0,53215.0
2,2024,Medical Insurance,Individual Medical,Standard,Medical Insurance,Nizwa,Digital,Agent-005,51816.0,40401.0,37233.0,26015.0,16638.0,9376.0,7082.0,1972.0,1661.0,1216.0,3341.0,6141.0,47246.0,51816.0,48973.0
2,2024,Engineering Insurance,Contractors All Risks,Construction Projects,Engineering Insurance,Salalah,Broker,Agent-015,184377.0,64965.0,63966.0,52048.0,44570.0,7478.0,9119.0,3110.0,4264.0,1946.0,4623.0,16647.0,67728.0,184377.0,69849.0
2,2024,Engineering Insurance,Contractors All Risks,Construction Projects,Engineering Insurance,Muscat HQ,Digital,Agent-007,45632.0,34690.0,31251.0,21471.0,17947.0,3524.0,5177.0,506.0,2536.0,962.0,6918.0,17374.0,49351.0,45632.0,43483.0
2,2024,Engineering Insurance,Machinery Breakdown,Industrial,Engineering Insurance,Muscat HQ,Direct,Agent-010,44240.0,35954.0,30755.0,15914.0,13219.0,2695.0,4121.0,881.0,3201.0,1543.0,8813.0,14954.0,47507.0,44240.0,46175.0
2,2024,Engineering Insurance,Machinery Breakdown,Industrial,Engineering Insurance,Sur,Digital,Agent-013,41770.0,33325.0,31741.0,18160.0,12328.0,5832.0,4036.0,1021.0,2666.0,929.0,5151.0,6361.0,42662.0,41770.0,39205.0
2,2024,Liability Insurance,General Liability,Commercial,Liability Insurance,Salalah,Direct,Agent-015,51467.0,39540.0,33955.0,24172.0,21956.0,2216.0,4617.0,1016.0,2925.0,1625.0,8674.0,20439.0,51740.0,51467.0,51070.0
2,2024,Liability Insurance,Professional Indemnity,Corporate,Liability Insurance,Sohar,Broker,Agent-006,55402.0,52206.0,54305.0,29047.0,20968.0,8079.0,6540.0,2391.0,3043.0,1658.0,5275.0,10968.0,51170.0,55402.0,57872.0
2,2024,Travel Insurance,Individual Travel,Standard,Travel Insurance,Sur,Digital,Agent-009,49677.0,38435.0,39859.0,19902.0,18104.0,1797.0,2792.0,1318.0,3059.0,1545.0,6468.0,8008.0,50363.0,49677.0,46773.0
2,2024,Travel Insurance,Group Travel,Corporate,Travel Insurance,Sohar,Broker,Agent-007,53526.0,44156.0,41546.0,24422.0,20445.0,3977.0,3087.0,982.0,3580.0,1307.0,4648.0,15804.0,55976.0,53526.0,49685.0
2,2024,Life Insurance (Group),Group Life,Corporate,Life Insurance (Group),Sohar,Digital,Agent-003,58209.0,50163.0,49611.0,42482.0,30692.0,11791.0,3860.0,1197.0,2178.0,1853.0,10529.0,11882.0,54121.0,58209.0,58420.0
3,2024,Motor Insurance,Motor Third Party Cover,Individual Vehicle,Motor Insurance,Nizwa,Direct,Agent-003,35842.0,28686.0,27392.0,18744.0,12967.0,5777.0,3319.0,495.0,2342.0,1608.0,3445.0,9675.0,33922.0,35842.0,33706.0
3,2024,Motor Insurance,Motor Third Party Cover,Fleet,Motor Insurance,Nizwa,Direct,Agent-009,40865.0,36967.0,32979.0,20332.0,17540.0,2792.0,4128.0,737.0,2964.0,1234.0,2673.0,9186.0,41469.0,40865.0,41583.0
3,2024,Motor Insurance,Motor Third Party Cover,Trade Plate,Motor Insurance,Salalah,Direct,Agent-004,43453.0,31513.0,31008.0,17050.0,13845.0,3205.0,4767.0,1800.0,1466.0,1134.0,8101.0,11805.0,43086.0,43453.0,45175.0
3,2024,Motor Insurance,Motor Third Party Cover,Trade Plate,Motor Insurance,Salalah,Digital,Agent-013,41337.0,30059.0,31394.0,17194.0,11918.0,5275.0,2466.0,1742.0,3274.0,1195.0,4086.0,7593.0,38483.0,41337.0,43238.0
3,2024,Motor Insurance,Motor Comprehensive Cover,Individual Vehicle,Motor Insurance,Sur,Digital,Agent-002,35511.0,29559.0,30984.0,24540.0,20866.0,3674.0,1855.0,452.0,2475.0,1111.0,5336.0,11426.0,34958.0,35511.0,33485.0
3,2024,Motor Insurance,Motor Comprehensive Cover,Individual Vehicle,Motor Insurance,Salalah,Digital,Agent-015,31335.0,29448.0,28569.0,17746.0,15797.0,1949.0,2855.0,1548.0,2284.0,890.0,3311.0,5726.0,32333.0,31335.0,32033.0
3,2024,Motor Insurance,Motor Extended Warranty Cover,Standard,Motor Insurance,Sohar,Direct,Agent-001,51588.0,44599.0,41457.0,18925.0,15710.0,3215.0,5894.0,774.0,3601.0,1755.0,5088.0,17911.0,49972.0,51588.0,52594.0
3,2024,Property Insurance,Fire & Perils,Commercial,Property Insurance,Sohar,Broker,Agent-015,27820.0,20862.0,20105.0,9864.0,9264.0,600.0,2491.0,611.0,2114.0,963.0,3955.0,8589.0,29886.0,27820.0,26171.0
3,2024,Property Insurance,Fire & Perils,Commercial,Property Insurance,Salalah,Digital,Agent-013,43029.0,37739.0,35956.0,24571.0,21500.0,3070.0,6422.0,511.0,2613.0,1786.0,4126.0,15829.0,42659.0,43029.0,40719.0
3,2024,Property Insurance,Fire & Perils,Residential,Property Insurance,Sur,Direct,Agent-015,44802.0,33770.0,27073.0,20351.0,18300.0,2051.0,2873.0,682.0,3000.0,1442.0,3238.0,7572.0,47442.0,44802.0,45686.0
3,2024,Property Insurance,Property All Risks,Commercial,Property Insurance,Sur,Digital,Agent-009,37102.0,28437.0,23952.0,18652.0,13367.0,5284.0,2543.0,1787.0,2009.0,1419.0,2529.0,10500.0,37512.0,37102.0,39666.0
3,2024,Marine Insurance,Marine Cargo,Import/Export,Marine Insurance,Muscat HQ,Direct,Agent-004,27176.0,25321.0,24214.0,17242.0,15632.0,1611.0,3874.0,498.0,1081.0,992.0,5417.0,6714.0,26257.0,27176.0,27338.0
3,2024,Marine Insurance,Marine Hull,Commercial Vessels,Marine Insurance,Salalah,Direct,Agent-010,42043.0,37021.0,32629.0,17549.0,13676.0,3873.0,3462.0,1081.0,1925.0,846.0,6443.0,5600.0,39681.0,42043.0,39959.0
3,2024,Medical Insurance,Group Medical,Corporate,Medical Insurance,Salalah,Digital,Agent-008,22001.0,15738.0,16015.0,10390.0,6580.0,3809.0,2247.0,329.0,1510.0,481.0,2633.0,8430.0,20501.0,22001.0,20950.0
3,2024,Medical Insurance,Individual Medical,Standard,Medical Insurance,Nizwa,Direct,Agent-002,51203.0,37792.0,36293.0,23096.0,18815.0,4281.0,3014.0,1587.0,2144.0,2071.0,8303.0,18149.0,56245.0,51203.0,50870.0
3,2024,Engineering Insurance,Contractors All Risks,Construction Projects,Engineering Insurance,Sur,Bancassurance,Agent-012,29209.0,23523.0,21373.0,19079.0,17013.0,2066.0,3820.0,889.0,1418.0,1413.0,4239.0,7685.0,29784.0,29209.0,29816.0
3,2024,Engineering Insurance,Contractors All Risks,Construction Projects,Engineering Insurance,Sur,Bancassurance,Agent-007,29256.0,23714.0,19970.0,16988.0,13883.0,3104.0,2994.0,1335.0,1014.0,837.0,5262.0,11170.0,28822.0,29256.0,27817.0
3,2024,Engineering Insurance,Machinery Breakdown,Industrial,Engineering Insurance,Sohar,Direct,Agent-007,47528.0,36984.0,35649.0,28456.0,23668.0,4788.0,4170.0,1115.0,2261.0,2307.0,5194.0,13395.0,47745.0,47528.0,50388.0
3,2024,Liability Insurance,General Liability,Commercial,Liability Insurance,Sur,Bancassurance,Agent-004,43490.0,36904.0,33213.0,32370.0,27595.0,4775.0,2220.0,1895.0,2834.0,1602.0,3715.0,6297.0,44607.0,43490.0,43072.0
3,2024,Liability Insurance,General Liability,Commercial,Liability Insurance,Sohar,Broker,Agent-002,42892.0,32693.0,31355.0,15842.0,11677.0,4165.0,2885.0,1469.0,1966.0,1851.0,2882.0,11446.0,43695.0,42892.0,39612.0
3,2024,Liability Insurance,Professional Indemnity,Corporate,Liability Insurance,Muscat HQ,Digital,Agent-002,60530.0,43745.0,42686.0,37957.0,31669.0,6289.0,6151.0,2946.0,3335.0,2733.0,5410.0,20695.0,66541.0,60530.0,64502.0
3,2024,Liability Insurance,Professional Indemnity,Corporate,Liability Insurance,Muscat HQ,Direct,Agent-008,40828.0,32072.0,30939.0,21022.0,12680.0,8342.0,2986.0,478.0,2097.0,1846.0,6561.0,13746.0,43337.0,40828.0,39991.0
3,2024,Travel Insurance,Individual Travel,Standard,Travel Insurance,Muscat HQ,Direct,Agent-009,18081.0,15912.0,15160.0,11724.0,7522.0,4202.0,2281.0,331.0,1335.0,494.0,2238.0,4451.0,17245.0,18081.0,17681.0
3,2024,Travel Insurance,Individual Travel,Standard,Travel Insurance,Salalah,Broker,Agent-006,48947.0,38137.0,35354.0,34006.0,25789.0,8217.0,6516.0,1363.0,2546.0,1210.0,3365.0,13874.0,52151.0,48947.0,46092.0
3,2024,Travel Insurance,Group Travel,Corporate,Travel Insurance,Sohar,Digital,Agent-008,48448.0,44769.0,41690.0,22320.0,14735.0,7585.0,3738.0,1997.0,2240.0,1978.0,3841.0,11799.0,47015.0,48448.0,48476.0
3,2024,Life Insurance (Group),Group Life,Corporate,Life Insurance (Group),Sohar,Bancassurance,Agent-009,38120.0,28149.0,28987.0,26952.0,24536.0,2416.0,3732.0,641.0,2581.0,1207.0,3876.0,8281.0,38570.0,38120.0,37105.0
3,2024,Life Insurance (Group),Group Life,Corporate,Life Insurance (Group),Sohar,Bancassurance,Agent-005,38333.0,35808.0,32332.0,20308.0,15426.0,4882.0,3316.0,1418.0,1177.0,1771.0,2506.0,15330.0,39314.0,38333.0,35672.0
4,2024,Motor Insurance,Motor Third Party Cover,Individual Vehicle,Motor Insurance,Sur,Bancassurance,Agent-012,45433.0,37562.0,34085.0,34000.0,28342.0,5658.0,4607.0,1178.0,2100.0,1870.0,6278.0,16104.0,45920.0,45433.0,46032.0
4,2024,Motor Insurance,Motor Third Party Cover,Fleet,Motor Insurance,Sohar,Direct,Agent-014,56229.0,43957.0,42777.0,39764.0,34562.0,5202.0,4738.0,2151.0,2269.0,1223.0,9486.0,19253.0,50864.0,56229.0,60257.0
4,2024,Motor Insurance,Motor Third Party Cover,Trade Plate,Motor Insurance,Nizwa,Digital,Agent-007,47348.0,43009.0,44880.0,28487.0,19358.0,9129.0,4212.0,1897.0,1792.0,2268.0,3825.0,17178.0,47194.0,47348.0,49929.0
4,2024,Motor Insurance,Motor Comprehensive Cover,Individual Vehicle,Motor Insurance,Nizwa,Direct,Agent-013,32501.0,29257.0,29403.0,15214.0,9257.0,5957.0,3027.0,546.0,2305.0,905.0,6226.0,12726.0,35158.0,32501.0,33019.0
4,2024,Motor Insurance,Motor Extended Warranty Cover,Standard,Motor Insurance,Nizwa,Direct,Agent-004,33189.0,26363.0,21477.0,24871.0,22219.0,2651.0,2395.0,1295.0,997.0,1219.0,3466.0,7116.0,31493.0,33189.0,31994.0
4,2024,Property Insurance,Fire & Perils,Commercial,Property Insurance,Sohar,Bancassurance,Agent-012,32411.0,28449.0,27576.0,14481.0,8887.0,5594.0,4319.0,1455.0,2559.0,1581.0,4702.0,11936.0,32074.0,32411.0,33901.0
4,2024,Property Insurance,Fire & Perils,Residential,Property Insurance,Sohar,Direct,Agent-006,45445.0,35124.0,31322.0,30822.0,26061.0,4761.0,3408.0,1748.0,2225.0,1669.0,4797.0,11656.0,47534.0,45445.0,47126.0
4,2024,Property Insurance,Fire & Perils,Residential,Property Insurance,Salalah,Broker,Agent-001,48453.0,36809.0,33840.0,28260.0,23746.0,4514.0,6842.0,1075.0,3501.0,1421.0,6434.0,16882.0,50615.0,48453.0,51266.0
4,2024,Property Insurance,Property All Risks,Commercial,Property Insurance,Sur,Direct,Agent-006,35862.0,28960.0,23510.0,16905.0,15091.0,1815.0,5203.0,1552.0,1787.0,778.0,4577.0,7636.0,33158.0,35862.0,33600.0
4,2024,Property Insurance,Property All Risks,Commercial,Property Insurance,Nizwa,Bancassurance,Agent-006,46023.0,37244.0,35366.0,33783.0,29215.0,4569.0,5273.0,1830.0,3036.0,1873.0,5728.0,12429.0,45669.0,46023.0,45250.0
4,2024,Marine Insurance,Marine Cargo,Import/Export,Marine Insurance,Sohar,Digital,Agent-010,59889.0,49406.0,40858.0,29105.0,21295.0,7810.0,7228.0,1396.0,1820.0,1349.0,7459.0,9375.0,59824.0,59889.0,60600.0
4,2024,Marine Insurance,Marine Cargo,Import/Export,Marine Insurance,Muscat HQ,Broker,Agent-003,47545.0,37807.0,37745.0,21596.0,19949.0,1647.0,4892.0,651.0,2001.0,2244.0,9448.0,17064.0,45840.0,47545.0,49590.0
4,2024,Marine Insurance,Marine Hull,Commercial Vessels,Marine Insurance,Salalah,Bancassurance,Agent-008,58173.0,47108.0,43526.0,25484.0,18887.0,6597.0,3275.0,2580.0,1813.0,2356.0,5293.0,14126.0,55631.0,58173.0,57243.0
4,2024,Marine Insurance,Marine Hull,Commercial Vessels,Marine Insurance,Sur,Broker,Agent-008,33044.0,27963.0,28674.0,15402.0,13904.0,1498.0,4816.0,1451.0,1933.0,1377.0,4037.0,9225.0,36180.0,33044.0,31728.0
4,2024,Medical Insurance,Group Medical,Corporate,Medical Insurance,Muscat HQ,Bancassurance,Agent-012,41757.0,37502.0,35334.0,28602.0,20824.0,7778.0,5903.0,1500.0,2930.0,1177.0,4882.0,15571.0,38006.0,41757.0,41116.0
4,2024,Medical Insurance,Individual Medical,Standard,Medical Insurance,Sur,Digital,Agent-010,68099.0,63794.0,58981.0,40840.0,36621.0,4219.0,8183.0,959.0,3293.0,2491.0,11114.0,17915.0,71879.0,68099.0,71778.0
4,2024,Medical Insurance,Individual Medical,Standard,Medical Insurance,Salalah,Broker,Agent-013,40370.0,30553.0,28185.0,22988.0,20369.0,2619.0,3880.0,534.0,2195.0,1822.0,5478.0,7899.0,43769.0,40370.0,38146.0
4,2024,Engineering Insurance,Contractors All Risks,Construction Projects,Engineering Insurance,Sohar,Bancassurance,Agent-003,35437.0,25325.0,25274.0,22616.0,20652.0,1965.0,4963.0,1456.0,1400.0,1042.0,6749.0,9903.0,35712.0,35437.0,37794.0
4,2024,Engineering Insurance,Contractors All Risks,Construction Projects,Engineering Insurance,Sur,Digital,Agent-001,55696.0,49535.0,51586.0,20585.0,13958.0,6627.0,7207.0,1716.0,1912.0,1562.0,5492.0,10934.0,59903.0,55696.0,57140.0
4,2024,Engineering Insurance,Machinery Breakdown,Industrial,Engineering Insurance,Sohar,Broker,Agent-007,61999.0,56604.0,58781.0,32198.0,30285.0,1914.0,3189.0,1428.0,4262.0,1910.0,11665.0,10263.0,65665.0,61999.0,59040.0
4,2024,Liability Insurance,General Liability,Commercial,Liability Insurance,Sur,Direct,Agent-004,29790.0,25583.0,20528.0,11101.0,6921.0,4180.0,3931.0,580.0,1384.0,1141.0,4099.0,6648.0,26837.0,29790.0,29550.0
4,2024,Liability Insurance,General Liability,Commercial,Liability Insurance,Sur,Digital,Agent-004,67864.0,47762.0,49051.0,49542.0,29768.0,19774.0,6500.0,1802.0,4893.0,2458.0,9617.0,10909.0,62123.0,67864.0,69952.0
4,2024,Liability Insurance,Professional Indemnity,Corporate,Liability Insurance,Nizwa,Bancassurance,Agent-004,44278.0,36954.0,38007.0,29689.0,26983.0,2706.0,6623.0,1157.0,2916.0,1800.0,3371.0,12883.0,43641.0,44278.0,43928.0
4,2024,Liability Insurance,Professional Indemnity,Corporate,Liability Insurance,Nizwa,Digital,Agent-002,49240.0,36397.0,34185.0,19206.0,13805.0,5401.0,4295.0,2232.0,2500.0,1869.0,8923.0,11213.0,53018.0,49240.0,46375.0
4,2024,Travel Insurance,Individual Travel,Standard,Travel Insurance,Sohar,Digital,Agent-015,36640.0,31666.0,30289.0,16901.0,15648.0,1253.0,3560.0,758.0,2909.0,1198.0,3874.0,4048.0,34283.0,36640.0,38453.0
4,2024,Travel Insurance,Group Travel,Corporate,Travel Insurance,Muscat HQ,Broker,Agent-004,14269.0,12557.0,11995.0,8019.0,6434.0,1584.0,1697.0,635.0,668.0,482.0,2075.0,2772.0,13352.0,14269.0,15333.0
4,2024,Life Insurance (Group),Group Life,Corporate,Life Insurance (Group),Nizwa,Bancassurance,Agent-001,29954.0,21223.0,17318.0,11961.0,8973.0,2988.0,3982.0,709.0,1539.0,1138.0,2855.0,6882.0,29273.0,29954.0,29196.0
5,2024,Motor Insurance,Motor Third Party Cover,Individual Vehicle,Motor Insurance,Sur,Direct,Agent-015,57843.0,52962.0,42446.0,37618.0,30117.0,7502.0,3437.0,2737.0,3980.0,1409.0,11257.0,7974.0,57319.0,57843.0,54687.0
5,2024,Motor Insurance,Motor Third Party Cover,Fleet,Motor Insurance,Sohar,Direct,Agent-014,43689.0,39063.0,39797.0,31327.0,29026.0,2301.0,6141.0,1553.0,2059.0,2087.0,2987.0,6581.0,43111.0,43689.0,42177.0
5,2024,Motor Insurance,Motor Third Party Cover,Trade Plate,Motor Insurance,Sohar,Bancassurance,Agent-012,32531.0,26213.0,25607.0,12696.0,7834.0,4863.0,3713.0,1021.0,1639.0,977.0,1879.0,9895.0,32020.0,32531.0,32246.0
5,2024,Motor Insurance,Motor Comprehensive Cover,Individual Vehicle,Motor Insurance,Salalah,Direct,Agent-006,49409.0,36220.0,30733.0,31407.0,20228.0,11179.0,3855.0,2269.0,3306.0,2366.0,9006.0,9574.0,50717.0,49409.0,48450.0
5,2024,Motor Insurance,Motor Comprehensive Cover,Individual Vehicle,Motor Insurance,Sur,Broker,Agent-011,45280.0,32759.0,32522.0,17369.0,14066.0,3304.0,6148.0,1795.0,2294.0,1189.0,8530.0,12222.0,44423.0,45280.0,48482.0
5,2024,Motor Insurance,Motor Extended Warranty Cover,Standard,Motor Insurance,Sur,Direct,Agent-004,57255.0,44930.0,43690.0,38480.0,34907.0,3573.0,3119.0,2345.0,2139.0,2344.0,6055.0,17883.0,53978.0,57255.0,58584.0
5,2024,Property Insurance,Fire & Perils,Commercial,Property Insurance,Salalah,Broker,Agent-013,24079.0,21092.0,20486.0,14415.0,12335.0,2080.0,3116.0,1119.0,819.0,894.0,3908.0,3975.0,22940.0,24079.0,23181.0
5,2024,Property Insurance,Fire & Perils,Commercial,Property Insurance,Nizwa,Direct,Agent-012,58762.0,50786.0,43833.0,38603.0,32134.0,6469.0,3706.0,1058.0,2647.0,2825.0,5815.0,6227.0,54550.0,58762.0,54363.0
5,2024,Property Insurance,Fire & Perils,Residential,Property Insurance,Sohar,Direct,Agent-011,52044.0,37049.0,33990.0,34601.0,28931.0,5669.0,7041.0,1091.0,2865.0,2098.0,3918.0,17942.0,50082.0,52044.0,48658.0
5,2024,Property Insurance,Fire & Perils,Residential,Property Insurance,Nizwa,Digital,Agent-007,43107.0,39788.0,34601.0,26146.0,24831.0,1315.0,3206.0,1246.0,3255.0,995.0,8157.0,10624.0,46495.0,43107.0,43944.0
5,2024,Property Insurance,Property All Risks,Commercial,Property Insurance,Sohar,Direct,Agent-008,45256.0,42132.0,43777.0,33368.0,27564.0,5805.0,5129.0,1453.0,2732.0,1736.0,2551.0,5732.0,46337.0,45256.0,43910.0
5,2024,Marine Insurance,Marine Cargo,Import/Export,Marine Insurance,Sohar,Digital,Agent-013,37196.0,31875.0,33034.0,26170.0,17698.0,8472.0,2431.0,687.0,1295.0,1394.0,3437.0,13907.0,38040.0,37196.0,36361.0
5,2024,Marine Insurance,Marine Cargo,Import/Export,Marine Insurance,Nizwa,Bancassurance,Agent-010,41018.0,38734.0,36802.0,28795.0,17930.0,10865.0,4324.0,1235.0,1308.0,927.0,2185.0,7720.0,37355.0,41018.0,40513.0
5,2024,Marine Insurance,Marine Hull,Commercial Vessels,Marine Insurance,Nizwa,Direct,Agent-015,49157.0,44727.0,37416.0,23156.0,18082.0,5074.0,7029.0,2454.0,3398.0,2059.0,6349.0,14732.0,45661.0,49157.0,47342.0
5,2024,Marine Insurance,Marine Hull,Commercial Vessels,Marine Insurance,Sohar,Broker,Agent-005,55519.0,42209.0,36189.0,30199.0,20485.0,9715.0,6376.0,721.0,1953.0,1572.0,9250.0,10937.0,55195.0,55519.0,56910.0
5,2024,Medical Insurance,Group Medical,Corporate,Medical Insurance,Sur,Digital,Agent-006,41052.0,35351.0,32265.0,29584.0,27920.0,1665.0,5231.0,1914.0,1512.0,1627.0,3274.0,7516.0,41240.0,41052.0,42642.0
5,2024,Medical Insurance,Group Medical,Corporate,Medical Insurance,Sohar,Bancassurance,Agent-011,31531.0,29071.0,29427.0,13931.0,10950.0,2981.0,3898.0,1546.0,964.0,940.0,3196.0,5882.0,33533.0,31531.0,29236.0
5,2024,Medical Insurance,Individual Medical,Standard,Medical Insurance,Sohar,Bancassurance,Agent-013,49665.0,42350.0,39413.0,36888.0,31797.0,5091.0,7381.0,867.0,3381.0,1815.0,7791.0,11933.0,46808.0,49665.0,46056.0
5,2024,Medical Insurance,Individual Medical,Standard,Medical Insurance,Salalah,Digital,Agent-015,38812.0,33428.0,32908.0,22241.0,15814.0,6427.0,5360.0,1385.0,2562.0,1536.0,6140.0,5570.0,42092.0,38812.0,37482.0
5,2024,Engineering Insurance,Contractors All Risks,Construction Projects,Engineering Insurance,Muscat HQ,Direct,Agent-010,34240.0,24902.0,22637.0,20361.0,12800.0,7561.0,2094.0,1703.0,1596.0,1044.0,3004.0,10060.0,34056.0,34240.0,35832.0
5,2024,Engineering Insurance,Contractors All Risks,Construction Projects,Engineering Insurance,Sohar,Bancassurance,Agent-013,43484.0,39427.0,32662.0,18993.0,14453.0,4540.0,3023.0,1373.0,2306.0,2112.0,2751.0,11872.0,45401.0,43484.0,40893.0
5,2024,Engineering Insurance,Machinery Breakdown,Industrial,Engineering Insurance,Nizwa,Direct,Agent-003,61718.0,54320.0,48807.0,44324.0,30091.0,14234.0,6688.0,2507.0,4543.0,2931.0,3873.0,19615.0,58065.0,61718.0,64474.0
5,2024,Liability Insurance,General Liability,Commercial,Liability Insurance,Sur,Broker,Agent-014,31695.0,26496.0,27632.0,19418.0,15651.0,3767.0,1638.0,570.0,993.0,951.0,3223.0,8212.0,32898.0,31695.0,30069.0
5,2024,Liability Insurance,General Liability,Commercial,Liability Insurance,Sohar,Direct,Agent-012,36311.0,31401.0,25479.0,20423.0,17555.0,2869.0,1939.0,848.0,2683.0,972.0,5753.0,10300.0,33869.0,36311.0,37715.0
5,2024,Liability Insurance,Professional Indemnity,Corporate,Liability Insurance,Salalah,Bancassurance,Agent-010,11555.0,10241.0,8750.0,4678.0,4021.0,658.0,1356.0,242.0,778.0,406.0,1182.0,3883.0,11825.0,11555.0,11569.0
5,2024,Liability Insurance,Professional Indemnity,Corporate,Liability Insurance,Sur,Direct,Agent-007,51230.0,40449.0,37060.0,37548.0,34294.0,3255.0,3541.0,1074.0,2470.0,2377.0,9688.0,17454.0,48932.0,51230.0,54403.0
5,2024,Travel Insurance,Individual Travel,Standard,Travel Insurance,Salalah,Broker,Agent-012,44272.0,33485.0,28500.0,29725.0,18628.0,11097.0,4397.0,782.0,2036.0,1254.0,6919.0,10484.0,42496.0,44272.0,46619.0
5,2024,Travel Insurance,Individual Travel,Standard,Travel Insurance,Sur,Digital,Agent-007,44487.0,37332.0,35673.0,25843.0,22878.0,2965.0,2723.0,1184.0,3256.0,2076.0,5550.0,11895.0,46835.0,44487.0,46477.0
5,2024,Travel Insurance,Group Travel,Corporate,Travel Insurance,Salalah,Direct,Agent-013,46603.0,38252.0,31730.0,31628.0,25638.0,5990.0,2600.0,1728.0,2058.0,1029.0,6570.0,14897.0,46764.0,46603.0,42917.0
5,2024,Life Insurance (Group),Group Life,Corporate,Life Insurance (Group),Salalah,Digital,Agent-013,44057.0,40434.0,32469.0,17133.0,12987.0,4146.0,5545.0,2102.0,2470.0,1351.0,2497.0,12121.0,43000.0,44057.0,46942.0
5,2024,Life Insurance (Group),Group Life,Corporate,Life Insurance (Group),Sur,Broker,Agent-007,51729.0,41911.0,42893.0,26888.0,21451.0,5437.0,7103.0,999.0,3866.0,1651.0,7188.0,10264.0,52009.0,51729.0,47999.0
6,2024,Motor Insurance,Motor Third Party Cover,Individual Vehicle,Motor Insurance,Salalah,Direct,Agent-004,54811.0,38887.0,32740.0,23779.0,17934.0,5846.0,4093.0,850.0,3282.0,2319.0,8375.0,10022.0,58697.0,54811.0,55792.0
6,2024,Motor Insurance,Motor Third Party Cover,Individual Vehicle,Motor Insurance,Sohar,Digital,Agent-015,29837.0,24427.0,20994.0,18655.0,13208.0,5447.0,1945.0,479.0,1085.0,990.0,1505.0,7839.0,28633.0,29837.0,30087.0
6,2024,Motor Insurance,Motor Third Party Cover,Fleet,Motor Insurance,Sohar,Digital,Agent-009,33812.0,29571.0,30482.0,18455.0,11714.0,6741.0,4281.0,352.0,2307.0,762.0,2231.0,11310.0,35093.0,33812.0,34147.0
6,2024,Motor Insurance,Motor Third Party Cover,Fleet,Motor Insurance,Sohar,Digital,Agent-006,72898.0,57545.0,48503.0,50182.0,37408.0,12774.0,10020.0,907.0,2592.0,1546.0,10228.0,25482.0,71478.0,72898.0,68124.0
6,2024,Motor Insurance,Motor Third Party Cover,Trade Plate,Motor Insurance,Nizwa,Digital,Agent-008,46826.0,33984.0,30757.0,28424.0,19630.0,8794.0,4248.0,1618.0,2348.0,980.0,3905.0,15585.0,44471.0,46826.0,49207.0
6,2024,Motor Insurance,Motor Third Party Cover,Trade Plate,Motor Insurance,Sohar,Direct,Agent-002,40644.0,32345.0,27805.0,15933.0,13307.0,2626.0,3942.0,1722.0,2149.0,1319.0,3854.0,6496.0,43330.0,40644.0,38011.0
6,2024,Motor Insurance,Motor Comprehensive Cover,Individual Vehicle,Motor Insurance,Sohar,Bancassurance,Agent-002,39955.0,35756.0,30495.0,23029.0,21204.0,1825.0,4592.0,685.0,2790.0,1328.0,2077.0,9830.0,42452.0,39955.0,39507.0
6,2024,Motor Insurance,Motor Comprehensive Cover,Individual Vehicle,Motor Insurance,Sohar,Direct,Agent-006,35520.0,31316.0,27941.0,14849.0,10577.0,4272.0,4891.0,758.0,1483.0,853.0,2070.0,13960.0,35781.0,35520.0,36825.0
6,2024,Motor Insurance,Motor Extended Warranty Cover,Standard,Motor Insurance,Nizwa,Digital,Agent-010,57188.0,50636.0,49519.0,29903.0,26747.0,3156.0,3367.0,2287.0,2751.0,2115.0,10519.0,16099.0,51762.0,57188.0,59225.0
6,2024,Motor Insurance,Motor Extended Warranty Cover,Standard,Motor Insurance,Sur,Broker,Agent-012,56804.0,51483.0,52272.0,27700.0,21217.0,6483.0,7657.0,2637.0,2121.0,1445.0,5795.0,18807.0,61064.0,56804.0,57533.0
6,2024,Property Insurance,Fire & Perils,Commercial,Property Insurance,Sur,Broker,Agent-015,62141.0,45096.0,39482.0,41801.0,32301.0,9501.0,4173.0,1399.0,4827.0,2048.0,7223.0,9068.0,59712.0,62141.0,65270.0
6,2024,Property Insurance,Fire & Perils,Commercial,Property Insurance,Sur,Broker,Agent-014,43575.0,39918.0,32250.0,21303.0,19158.0,2146.0,6106.0,1754.0,2767.0,1938.0,6804.0,7681.0,43281.0,43575.0,44695.0
6,2024,Property Insurance,Fire & Perils,Residential,Property Insurance,Sohar,Broker,Agent-002,33107.0,24951.0,25238.0,11703.0,10582.0,1121.0,1839.0,850.0,2318.0,1067.0,5739.0,4307.0,33184.0,33107.0,33544.0
6,2024,Property Insurance,Fire & Perils,Residential,Property Insurance,Sohar,Digital,Agent-011,39379.0,34057.0,35589.0,27145.0,24329.0,2816.0,4006.0,1283.0,2872.0,1815.0,6708.0,13608.0,42369.0,39379.0,36946.0
6,2024,Property Insurance,Property All Risks,Commercial,Property Insurance,Nizwa,Bancassurance,Agent-012,57068.0,47125.0,45308.0,38880.0,34380.0,4500.0,3134.0,1606.0,1771.0,2662.0,4342.0,16405.0,57874.0,57068.0,58215.0
6,2024,Property Insurance,Property All Risks,Commercial,Property Insurance,Nizwa,Bancassurance,Agent-012,31808.0,25182.0,23587.0,15270.0,13226.0,2044.0,2602.0,1372.0,1188.0,1370.0,2466.0,8219.0,30666.0,31808.0,32507.0
6,2024,Marine Insurance,Marine Cargo,Import/Export,Marine Insurance,Sohar,Digital,Agent-013,73861.0,64846.0,61724.0,50349.0,34080.0,16268.0,8367.0,1892.0,4963.0,1531.0,8432.0,21827.0,73280.0,73861.0,70765.0
6,2024,Marine Insurance,Marine Cargo,Import/Export,Marine Insurance,Sohar,Broker,Agent-009,32724.0,25910.0,27143.0,23402.0,14319.0,9082.0,3372.0,413.0,2493.0,1088.0,3690.0,5952.0,33174.0,32724.0,30865.0
6,2024,Marine Insurance,Marine Hull,Commercial Vessels,Marine Insurance,Nizwa,Bancassurance,Agent-010,53532.0,39950.0,33710.0,27747.0,24282.0,3464.0,2990.0,2238.0,2946.0,1973.0,7209.0,6255.0,50853.0,53532.0,55719.0
6,2024,Marine Insurance,Marine Hull,Commercial Vessels,Marine Insurance,Sur,Direct,Agent-005,56503.0,45904.0,40869.0,22182.0,20691.0,1491.0,8258.0,1269.0,4370.0,1190.0,11139.0,19820.0,53275.0,56503.0,57403.0
6,2024,Medical Insurance,Group Medical,Corporate,Medical Insurance,Salalah,Bancassurance,Agent-006,44293.0,32634.0,27071.0,19928.0,17127.0,2801.0,3838.0,1342.0,1762.0,1144.0,6536.0,5869.0,45780.0,44293.0,43589.0
6,2024,Medical Insurance,Group Medical,Corporate,Medical Insurance,Sur,Digital,Agent-011,30717.0,21929.0,22440.0,14052.0,8640.0,5412.0,3263.0,583.0,1627.0,1354.0,5183.0,8604.0,33653.0,30717.0,30539.0
6,2024,Medical Insurance,Individual Medical,Standard,Medical Insurance,Nizwa,Digital,Agent-004,41259.0,29604.0,26110.0,19824.0,13995.0,5829.0,4510.0,1653.0,3172.0,942.0,2994.0,11427.0,37943.0,41259.0,40406.0
6,2024,Engineering Insurance,Contractors All Risks,Construction Projects,Engineering Insurance,Sohar,Bancassurance,Agent-003,8012.0,34510.0,35025.0,19048.0,16430.0,2619.0,5015.0,784.0,2446.0,1613.0,3652.0,9436.0,39545.0,8012.0,41813.0
6,2024,Engineering Insurance,Machinery Breakdown,Industrial,Engineering Insurance,Nizwa,Bancassurance,Agent-011,53451.0,44112.0,41268.0,25444.0,18057.0,7387.0,6655.0,816.0,3665.0,2119.0,9764.0,9517.0,53517.0,53451.0,49509.0
6,2024,Liability Insurance,General Liability,Commercial,Liability Insurance,Nizwa,Digital,Agent-014,37756.0,29113.0,27686.0,25311.0,15986.0,9324.0,5508.0,1725.0,2951.0,1671.0,3555.0,10363.0,34888.0,37756.0,39292.0
6,2024,Liability Insurance,Professional Indemnity,Corporate,Liability Insurance,Salalah,Digital,Agent-001,54839.0,39359.0,38487.0,23278.0,15577.0,7701.0,3673.0,1219.0,4226.0,1897.0,4888.0,8287.0,49562.0,54839.0,53654.0
6,2024,Liability Insurance,Professional Indemnity,Corporate,Liability Insurance,Salalah,Digital,Agent-006,32413.0,25270.0,24960.0,12213.0,10229.0,1984.0,3632.0,1468.0,1271.0,1421.0,5826.0,12737.0,34413.0,32413.0,30462.0
6,2024,Travel Insurance,Individual Travel,Standard,Travel Insurance,Muscat HQ,Digital,Agent-006,57148.0,53382.0,44783.0,37765.0,28016.0,9750.0,6994.0,781.0,3786.0,2021.0,10576.0,8945.0,52683.0,57148.0,54370.0
6,2024,Travel Insurance,Group Travel,Corporate,Travel Insurance,Nizwa,Bancassurance,Agent-008,52872.0,47713.0,41114.0,23207.0,19385.0,3822.0,4752.0,2296.0,3274.0,1515.0,7386.0,19031.0,51439.0,52872.0,54873.0
6,2024,Life Insurance (Group),Group Life,Corporate,Life Insurance (Group),Sohar,Bancassurance,Agent-007,50830.0,41362.0,34074.0,32531.0,26439.0,6092.0,4203.0,663.0,3878.0,1497.0,4641.0,6623.0,51616.0,50830.0,48924.0
6,2024,Life Insurance (Group),Group Life,Corporate,Life Insurance (Group),Muscat HQ,Direct,Agent-007,38089.0,28870.0,23207.0,22768.0,15294.0,7474.0,5331.0,1254.0,1541.0,1881.0,5027.0,5700.0,38221.0,38089.0,40889.0
7,2024,Motor Insurance,Motor Third Party Cover,Individual Vehicle,Motor Insurance,Sohar,Direct,Agent-014,40738.0,30164.0,28497.0,28830.0,24722.0,4108.0,2429.0,1061.0,1233.0,1191.0,6127.0,7621.0,43513.0,40738.0,40591.0
7,2024,Motor Insurance,Motor Third Party Cover,Fleet,Motor Insurance,Nizwa,Bancassurance,Agent-014,44062.0,39745.0,37430.0,20660.0,14552.0,6108.0,6060.0,536.0,3396.0,1314.0,7087.0,8769.0,48057.0,44062.0,40794.0
7,2024,Motor Insurance,Motor Third Party Cover,Trade Plate,Motor Insurance,Salalah,Broker,Agent-014,48331.0,44691.0,45033.0,18961.0,15227.0,3734.0,3496.0,899.0,2937.0,1146.0,5822.0,8542.0,51752.0,48331.0,48752.0
7,2024,Motor Insurance,Motor Third Party Cover,Trade Plate,Motor Insurance,Muscat HQ,Digital,Agent-011,28639.0,21946.0,22830.0,13091.0,9195.0,3895.0,2537.0,475.0,1843.0,1052.0,5274.0,4933.0,26750.0,28639.0,27991.0
7,2024,Motor Insurance,Motor Comprehensive Cover,Individual Vehicle,Motor Insurance,Muscat HQ,Digital,Agent-007,53438.0,47400.0,40797.0,21710.0,16289.0,5421.0,7102.0,1241.0,1629.0,2127.0,4276.0,14046.0,48253.0,53438.0,53514.0
7,2024,Motor Insurance,Motor Comprehensive Cover,Individual Vehicle,Motor Insurance,Nizwa,Direct,Agent-011,48356.0,43394.0,43299.0,29757.0,27533.0,2224.0,6302.0,907.0,2373.0,1475.0,6080.0,18671.0,49474.0,48356.0,46909.0
7,2024,Motor Insurance,Motor Extended Warranty Cover,Standard,Motor Insurance,Salalah,Bancassurance,Agent-006,39893.0,31358.0,29133.0,21609.0,19951.0,1658.0,3054.0,931.0,2514.0,1859.0,2682.0,6501.0,43467.0,39893.0,41663.0
7,2024,Property Insurance,Fire & Perils,Commercial,Property Insurance,Sohar,Direct,Agent-008,38311.0,32191.0,31999.0,14239.0,12625.0,1614.0,2138.0,1733.0,1232.0,913.0,2951.0,6395.0,37558.0,38311.0,39264.0
7,2024,Property Insurance,Fire & Perils,Commercial,Property Insurance,Salalah,Digital,Agent-006,39667.0,30933.0,30938.0,15636.0,11030.0,4607.0,2368.0,737.0,2353.0,943.0,2582.0,13795.0,36639.0,39667.0,40353.0
7,2024,Property Insurance,Fire & Perils,Residential,Property Insurance,Sur,Digital,Agent-007,53682.0,49595.0,44808.0,25193.0,21048.0,4145.0,6538.0,1188.0,2554.0,1325.0,7463.0,20779.0,52787.0,53682.0,57944.0
7,2024,Property Insurance,Fire & Perils,Residential,Property Insurance,Sur,Bancassurance,Agent-010,52830.0,38425.0,33877.0,20301.0,16456.0,3845.0,7915.0,1320.0,2015.0,1482.0,7165.0,14301.0,49976.0,52830.0,54950.0
7,2024,Property Insurance,Property All Risks,Commercial,Property Insurance,Sohar,Bancassurance,Agent-001,44536.0,38238.0,37025.0,23426.0,20599.0,2828.0,4495.0,954.0,3460.0,2152.0,2866.0,17094.0,46990.0,44536.0,41733.0
7,2024,Property Insurance,Property All Risks,Commercial,Property Insurance,Sohar,Bancassurance,Agent-013,57981.0,54114.0,48272.0,32090.0,21810.0,10280.0,6036.0,2441.0,2363.0,2122.0,5983.0,18807.0,60324.0,57981.0,59826.0
7,2024,Marine Insurance,Marine Cargo,Import/Export,Marine Insurance,Nizwa,Broker,Agent-006,38032.0,32092.0,32628.0,17096.0,10592.0,6505.0,5562.0,473.0,2858.0,1459.0,7143.0,10249.0,40474.0,38032.0,39379.0
7,2024,Marine Insurance,Marine Cargo,Import/Export,Marine Insurance,Muscat HQ,Direct,Agent-013,45178.0,42374.0,36817.0,29399.0,22872.0,6527.0,3653.0,2243.0,1461.0,1692.0,5386.0,5555.0,42594.0,45178.0,46582.0
7,2024,Marine Insurance,Marine Hull,Commercial Vessels,Marine Insurance,Nizwa,Broker,Agent-005,29202.0,22536.0,18801.0,19538.0,15367.0,4171.0,1468.0,926.0,1581.0,1147.0,1613.0,3231.0,28323.0,29202.0,30083.0
7,2024,Medical Insurance,Group Medical,Corporate,Medical Insurance,Salalah,Digital,Agent-015,35171.0,24858.0,23347.0,18276.0,12495.0,5781.0,3588.0,657.0,2048.0,861.0,3899.0,8903.0,31877.0,35171.0,35794.0
7,2024,Medical Insurance,Group Medical,Corporate,Medical Insurance,Sohar,Bancassurance,Agent-006,58846.0,44262.0,38783.0,41563.0,30856.0,10707.0,4718.0,2333.0,1877.0,2146.0,6916.0,16916.0,61566.0,58846.0,57198.0
7,2024,Medical Insurance,Individual Medical,Standard,Medical Insurance,Salalah,Digital,Agent-005,46378.0,41214.0,42467.0,29597.0,20294.0,9303.0,4316.0,1181.0,1474.0,1499.0,4723.0,4692.0,49598.0,46378.0,43736.0
7,2024,Engineering Insurance,Contractors All Risks,Construction Projects,Engineering Insurance,Salalah,Bancassurance,Agent-003,39963.0,34150.0,33788.0,27651.0,19674.0,7976.0,2134.0,1371.0,1650.0,1735.0,6074.0,13266.0,43700.0,39963.0,40503.0
7,2024,Engineering Insurance,Contractors All Risks,Construction Projects,Engineering Insurance,Muscat HQ,Digital,Agent-011,40866.0,35694.0,37281.0,18282.0,13101.0,5181.0,5400.0,511.0,2520.0,1474.0,3078.0,6111.0,43402.0,40866.0,37698.0
7,2024,Engineering Insurance,Machinery Breakdown,Industrial,Engineering Insurance,Nizwa,Bancassurance,Agent-012,53041.0,37504.0,37521.0,21232.0,14825.0,6406.0,7674.0,1171.0,2268.0,2610.0,3336.0,7861.0,52387.0,53041.0,55483.0
7,2024,Liability Insurance,General Liability,Commercial,Liability Insurance,Sur,Direct,Agent-007,45824.0,39174.0,32478.0,32725.0,30348.0,2377.0,3680.0,1975.0,2819.0,1055.0,6434.0,18000.0,44065.0,45824.0,42166.0
7,2024,Liability Insurance,General Liability,Commercial,Liability Insurance,Nizwa,Broker,Agent-008,51652.0,45359.0,43140.0,24318.0,15442.0,8876.0,6856.0,1515.0,3286.0,2366.0,2720.0,18482.0,54253.0,51652.0,55345.0
7,2024,Liability Insurance,Professional Indemnity,Corporate,Liability Insurance,Nizwa,Digital,Agent-014,31235.0,29616.0,26779.0,17670.0,11656.0,6013.0,3729.0,1359.0,2184.0,949.0,6075.0,4251.0,31198.0,31235.0,31508.0
7,2024,Liability Insurance,Professional Indemnity,Corporate,Liability Insurance,Nizwa,Broker,Agent-011,35674.0,26576.0,24797.0,22397.0,17469.0,4928.0,3052.0,430.0,2472.0,1246.0,4667.0,8586.0,34000.0,35674.0,34398.0
7,2024,Travel Insurance,Individual Travel,Standard,Travel Insurance,Salalah,Broker,Agent-007,37163.0,35244.0,31595.0,20599.0,15145.0,5453.0,2937.0,380.0,2703.0,1271.0,5871.0,14404.0,33468.0,37163.0,38204.0
7,2024,Travel Insurance,Individual Travel,Standard,Travel Insurance,Salalah,Digital,Agent-001,55992.0,40195.0,42101.0,32606.0,24071.0,8535.0,2909.0,1874.0,3065.0,1482.0,6919.0,5814.0,61585.0,55992.0,54488.0
7,2024,Travel Insurance,Group Travel,Corporate,Travel Insurance,Sur,Digital,Agent-011,47332.0,44271.0,37511.0,23958.0,20134.0,3824.0,2580.0,1831.0,1432.0,2245.0,7465.0,12763.0,46659.0,47332.0,51028.0
7,2024,Travel Insurance,Group Travel,Corporate,Travel Insurance,Sur,Bancassurance,Agent-005,49573.0,35379.0,30058.0,30343.0,24832.0,5511.0,4091.0,2425.0,1718.0,2147.0,6054.0,11186.0,44869.0,49573.0,51380.0
7,2024,Life Insurance (Group),Group Life,Corporate,Life Insurance (Group),Sohar,Direct,Agent-014,55334.0,43819.0,41799.0,28976.0,26290.0,2685.0,6743.0,798.0,3872.0,1667.0,10532.0,15549.0,50106.0,55334.0,57409.0
8,2024,Motor Insurance,Motor Third Party Cover,Individual Vehicle,Motor Insurance,Sur,Bancassurance,Agent-007,55539.0,46276.0,43986.0,28966.0,18227.0,10739.0,7936.0,1287.0,2535.0,1430.0,11045.0,21259.0,53866.0,55539.0,53406.0
8,2024,Motor Insurance,Motor Third Party Cover,Individual Vehicle,Motor Insurance,Nizwa,Broker,Agent-002,66208.0,61262.0,60641.0,25554.0,21612.0,3942.0,9847.0,1651.0,4905.0,2135.0,12957.0,19603.0,60865.0,66208.0,65986.0
8,2024,Motor Insurance,Motor Third Party Cover,Fleet,Motor Insurance,Sohar,Bancassurance,Agent-005,61222.0,57404.0,47357.0,37708.0,35370.0,2338.0,7066.0,2814.0,4870.0,2403.0,10245.0,6710.0,60332.0,61222.0,59148.0
8,2024,Motor Insurance,Motor Third Party Cover,Fleet,Motor Insurance,Nizwa,Direct,Agent-003,50131.0,36206.0,37598.0,19567.0,14116.0,5450.0,5666.0,1186.0,3215.0,2169.0,8737.0,7710.0,46944.0,50131.0,46540.0
8,2024,Motor Insurance,Motor Third Party Cover,Trade Plate,Motor Insurance,Salalah,Broker,Agent-013,29901.0,28022.0,28177.0,10473.0,8366.0,2107.0,1993.0,748.0,1537.0,1444.0,4337.0,5391.0,30755.0,29901.0,32063.0
8,2024,Motor Insurance,Motor Third Party Cover,Trade Plate,Motor Insurance,Sohar,Broker,Agent-008,22336.0,16490.0,16897.0,7834.0,6732.0,1102.0,1312.0,775.0,1363.0,1025.0,3873.0,6825.0,21802.0,22336.0,21143.0
8,2024,Motor Insurance,Motor Comprehensive Cover,Individual Vehicle,Motor Insurance,Salalah,Broker,Agent-004,5246.0,20425.0,16351.0,18643.0,14951.0,3692.0,3235.0,423.0,1318.0,1032.0,2299.0,8144.0,24835.0,5246.0,25011.0
8,2024,Motor Insurance,Motor Extended Warranty Cover,Standard,Motor Insurance,Nizwa,Bancassurance,Agent-006,34497.0,25682.0,24193.0,15185.0,11372.0,3813.0,4789.0,1337.0,2158.0,981.0,2370.0,11242.0,34966.0,34497.0,35175.0
8,2024,Property Insurance,Fire & Perils,Commercial,Property Insurance,Sur,Bancassurance,Agent-001,41034.0,31137.0,25322.0,24473.0,17233.0,7240.0,4906.0,1560.0,2166.0,1481.0,5908.0,9872.0,44131.0,41034.0,38250.0
8,2024,Property Insurance,Fire & Perils,Residential,Property Insurance,Salalah,Bancassurance,Agent-015,50285.0,36268.0,31391.0,20697.0,17660.0,3037.0,5425.0,633.0,2665.0,1320.0,9813.0,6656.0,51271.0,50285.0,50139.0
8,2024,Property Insurance,Fire & Perils,Residential,Property Insurance,Sohar,Broker,Agent-010,60902.0,54032.0,49270.0,37413.0,27236.0,10177.0,4428.0,813.0,2137.0,2971.0,10248.0,10566.0,61257.0,60902.0,62990.0
8,2024,Property Insurance,Property All Risks,Commercial,Property Insurance,Salalah,Digital,Agent-012,28952.0,24076.0,20526.0,10169.0,8558.0,1611.0,3495.0,1443.0,1131.0,1221.0,5564.0,8494.0,31634.0,28952.0,31243.0
8,2024,Property Insurance,Property All Risks,Commercial,Property Insurance,Nizwa,Direct,Agent-012,37594.0,34125.0,28240.0,17710.0,12242.0,5468.0,5095.0,727.0,1699.0,1337.0,2309.0,14600.0,37527.0,37594.0,35732.0
8,2024,Marine Insurance,Marine Cargo,Import/Export,Marine Insurance,Nizwa,Bancassurance,Agent-008,41486.0,32480.0,33297.0,27340.0,23276.0,4064.0,3925.0,2043.0,2717.0,1357.0,8052.0,15297.0,43477.0,41486.0,43258.0
8,2024,Marine Insurance,Marine Cargo,Import/Export,Marine Insurance,Sur,Broker,Agent-002,35707.0,30310.0,27051.0,17460.0,16271.0,1189.0,2374.0,1543.0,1574.0,745.0,2002.0,8168.0,35382.0,35707.0,34680.0
8,2024,Marine Insurance,Marine Hull,Commercial Vessels,Marine Insurance,Sur,Digital,Agent-001,60034.0,43554.0,35529.0,26014.0,21987.0,4027.0,7180.0,2669.0,4072.0,2165.0,5817.0,6108.0,61801.0,60034.0,58014.0
8,2024,Medical Insurance,Group Medical,Corporate,Medical Insurance,Muscat HQ,Bancassurance,Agent-009,52280.0,49004.0,42952.0,26525.0,16666.0,9859.0,4726.0,2556.0,3383.0,1789.0,5025.0,10969.0,53443.0,52280.0,50226.0
8,2024,Medical Insurance,Individual Medical,Standard,Medical Insurance,Muscat HQ,Direct,Agent-010,9751.0,44386.0,41397.0,32449.0,29991.0,2459.0,2552.0,1291.0,1960.0,2433.0,9236.0,16609.0,46767.0,9751.0,52284.0
8,2024,Medical Insurance,Individual Medical,Standard,Medical Insurance,Salalah,Digital,Agent-014,55525.0,51133.0,44748.0,28113.0,21343.0,6770.0,2926.0,2474.0,2604.0,1442.0,6184.0,17389.0,59644.0,55525.0,52996.0
8,2024,Engineering Insurance,Contractors All Risks,Construction Projects,Engineering Insurance,Muscat HQ,Digital,Agent-010,54912.0,41175.0,43185.0,35016.0,23680.0,11336.0,3247.0,987.0,2328.0,1281.0,4637.0,7415.0,53569.0,54912.0,54791.0
8,2024,Engineering Insurance,Contractors All Risks,Construction Projects,Engineering Insurance,Salalah,Digital,Agent-002,43170.0,40020.0,41619.0,18235.0,12509.0,5725.0,4852.0,675.0,1480.0,959.0,6084.0,14738.0,41088.0,43170.0,46164.0
8,2024,Engineering Insurance,Machinery Breakdown,Industrial,Engineering Insurance,Sohar,Bancassurance,Agent-012,57317.0,53236.0,52474.0,35801.0,30035.0,5766.0,4500.0,2713.0,4364.0,2418.0,6897.0,6542.0,51910.0,57317.0,53998.0
8,2024,Engineering Insurance,Machinery Breakdown,Industrial,Engineering Insurance,Nizwa,Broker,Agent-009,33294.0,24766.0,21518.0,12374.0,11707.0,666.0,4265.0,973.0,1957.0,1227.0,2935.0,5181.0,31942.0,33294.0,31947.0
8,2024,Liability Insurance,General Liability,Commercial,Liability Insurance,Nizwa,Bancassurance,Agent-009,27826.0,23181.0,24058.0,13328.0,10960.0,2368.0,1391.0,1098.0,1534.0,730.0,1398.0,8684.0,28732.0,27826.0,28563.0
8,2024,Liability Insurance,General Liability,Commercial,Liability Insurance,Sohar,Direct,Agent-015,50570.0,41958.0,38964.0,34360.0,25829.0,8531.0,4734.0,2497.0,3779.0,1379.0,9434.0,7150.0,54144.0,50570.0,48008.0
8,2024,Liability Insurance,Professional Indemnity,Corporate,Liability Insurance,Muscat HQ,Digital,Agent-003,29557.0,24345.0,20152.0,21606.0,17117.0,4489.0,4081.0,1323.0,908.0,826.0,2972.0,7698.0,27026.0,29557.0,29032.0
8,2024,Liability Insurance,Professional Indemnity,Corporate,Liability Insurance,Sur,Broker,Agent-006,30757.0,25069.0,20499.0,12947.0,8407.0,4540.0,3444.0,415.0,2188.0,1359.0,1907.0,11271.0,33581.0,30757.0,28510.0
8,2024,Travel Insurance,Individual Travel,Standard,Travel Insurance,Sohar,Digital,Agent-006,37462.0,33879.0,34234.0,27772.0,26311.0,1461.0,2157.0,1361.0,1635.0,890.0,2709.0,14270.0,38838.0,37462.0,34767.0
8,2024,Travel Insurance,Individual Travel,Standard,Travel Insurance,Salalah,Digital,Agent-015,33472.0,29510.0,28595.0,17915.0,13962.0,3953.0,1818.0,1005.0,1574.0,956.0,3027.0,9864.0,32998.0,33472.0,33074.0
8,2024,Travel Insurance,Group Travel,Corporate,Travel Insurance,Salalah,Bancassurance,Agent-015,43544.0,32552.0,31763.0,22837.0,17008.0,5828.0,5988.0,1758.0,2438.0,1483.0,8447.0,16849.0,45328.0,43544.0,45357.0
8,2024,Life Insurance (Group),Group Life,Corporate,Life Insurance (Group),Muscat HQ,Direct,Agent-002,15285.0,13386.0,12693.0,7876.0,5653.0,2223.0,1994.0,553.0,612.0,585.0,1088.0,3807.0,15541.0,15285.0,15617.0
9,2024,Motor Insurance,Motor Third Party Cover,Individual Vehicle,Motor Insurance,Salalah,Broker,Agent-001,67262.0,62751.0,62423.0,43605.0,31203.0,12402.0,4114.0,3072.0,3702.0,1548.0,8761.0,20355.0,64840.0,67262.0,61981.0
9,2024,Motor Insurance,Motor Third Party Cover,Fleet,Motor Insurance,Sohar,Digital,Agent-005,39382.0,37402.0,33384.0,14101.0,10893.0,3208.0,3057.0,1800.0,2582.0,1265.0,6471.0,7969.0,39553.0,39382.0,42046.0
9,2024,Motor Insurance,Motor Third Party Cover,Trade Plate,Motor Insurance,Sur,Broker,Agent-005,31911.0,24874.0,20131.0,16516.0,12804.0,3713.0,2892.0,673.0,1546.0,1253.0,5862.0,9411.0,32844.0,31911.0,33529.0
9,2024,Motor Insurance,Motor Comprehensive Cover,Individual Vehicle,Motor Insurance,Muscat HQ,Digital,Agent-015,32175.0,30557.0,26961.0,22326.0,14066.0,8260.0,3088.0,774.0,1290.0,1003.0,4752.0,7950.0,34391.0,32175.0,34259.0
9,2024,Motor Insurance,Motor Extended Warranty Cover,Standard,Motor Insurance,Muscat HQ,Direct,Agent-008,40821.0,32827.0,31044.0,23202.0,18533.0,4668.0,5700.0,861.0,2892.0,1500.0,5044.0,7749.0,39221.0,40821.0,40093.0
9,2024,Property Insurance,Fire & Perils,Commercial,Property Insurance,Muscat HQ,Bancassurance,Agent-002,45675.0,39548.0,41023.0,25659.0,21272.0,4386.0,4473.0,1701.0,2366.0,1102.0,9044.0,14438.0,46668.0,45675.0,45540.0
9,2024,Property Insurance,Fire & Perils,Residential,Property Insurance,Salalah,Direct,Agent-004,69250.0,48845.0,48306.0,30534.0,27212.0,3322.0,9726.0,1159.0,4532.0,2341.0,13008.0,16989.0,67573.0,69250.0,66974.0
9,2024,Property Insurance,Fire & Perils,Residential,Property Insurance,Nizwa,Digital,Agent-004,55053.0,41210.0,39597.0,29202.0,18590.0,10612.0,3446.0,1170.0,3762.0,2305.0,4447.0,13370.0,50616.0,55053.0,56956.0
9,2024,Property Insurance,Property All Risks,Commercial,Property Insurance,Muscat HQ,Digital,Agent-013,36672.0,28004.0,28680.0,14977.0,9297.0,5680.0,2986.0,1482.0,2373.0,1819.0,3811.0,6702.0,35779.0,36672.0,38328.0
9,2024,Property Insurance,Property All Risks,Commercial,Property Insurance,Sohar,Broker,Agent-006,43701.0,39628.0,36446.0,28255.0,20559.0,7695.0,5729.0,1877.0,2548.0,1160.0,8545.0,16785.0,44748.0,43701.0,47084.0
9,2024,Marine Insurance,Marine Cargo,Import/Export,Marine Insurance,Sohar,Digital,Agent-012,40336.0,33773.0,32643.0,15885.0,10952.0,4933.0,4926.0,1684.0,3198.0,1113.0,7108.0,6116.0,37358.0,40336.0,41815.0
9,2024,Marine Insurance,Marine Hull,Commercial Vessels,Marine Insurance,Salalah,Broker,Agent-003,53763.0,45011.0,37306.0,24812.0,16331.0,8481.0,4409.0,2184.0,1937.0,2062.0,7404.0,14056.0,53594.0,53763.0,55173.0
9,2024,Marine Insurance,Marine Hull,Commercial Vessels,Marine Insurance,Sur,Broker,Agent-010,59940.0,42879.0,39472.0,33242.0,22244.0,10998.0,3535.0,779.0,1910.0,2230.0,4395.0,20536.0,64723.0,59940.0,57949.0
9,2024,Medical Insurance,Group Medical,Corporate,Medical Insurance,Salalah,Digital,Agent-008,39702.0,28867.0,30200.0,21831.0,15715.0,6116.0,5533.0,1870.0,2177.0,1159.0,4859.0,6582.0,39530.0,39702.0,37984.0
9,2024,Medical Insurance,Group Medical,Corporate,Medical Insurance,Sur,Digital,Agent-014,28595.0,20632.0,17597.0,16089.0,11104.0,4985.0,1471.0,1149.0,1369.0,629.0,3612.0,11242.0,29616.0,28595.0,27033.0
9,2024,Medical Insurance,Individual Medical,Standard,Medical Insurance,Muscat HQ,Broker,Agent-015,47642.0,41940.0,40934.0,19536.0,17926.0,1611.0,3917.0,575.0,1627.0,1607.0,2668.0,15906.0,51128.0,47642.0,43933.0
9,2024,Medical Insurance,Individual Medical,Standard,Medical Insurance,Sohar,Bancassurance,Agent-010,40779.0,35936.0,37725.0,27275.0,21189.0,6086.0,5647.0,1563.0,1820.0,1090.0,5174.0,8641.0,39388.0,40779.0,38677.0
9,2024,Engineering Insurance,Contractors All Risks,Construction Projects,Engineering Insurance,Salalah,Digital,Agent-006,60371.0,44194.0,36598.0,36234.0,23121.0,13114.0,8815.0,1278.0,1889.0,2757.0,6347.0,12249.0,55766.0,60371.0,61921.0
9,2024,Engineering Insurance,Machinery Breakdown,Industrial,Engineering Insurance,Muscat HQ,Broker,Agent-001,110593.0,37851.0,37655.0,27808.0,21187.0,6621.0,5258.0,1617.0,1342.0,1812.0,3951.0,11614.0,40798.0,110593.0,40861.0
9,2024,Engineering Insurance,Machinery Breakdown,Industrial,Engineering Insurance,Sur,Broker,Agent-013,45933.0,38574.0,34719.0,34096.0,30108.0,3988.0,2971.0,1225.0,2368.0,1418.0,5711.0,13824.0,47227.0,45933.0,44883.0
9,2024,Liability Insurance,General Liability,Commercial,Liability Insurance,Nizwa,Bancassurance,Agent-003,38193.0,29549.0,29436.0,25794.0,19907.0,5887.0,2245.0,1583.0,1924.0,1002.0,5500.0,8826.0,35043.0,38193.0,41149.0
9,2024,Liability Insurance,General Liability,Commercial,Liability Insurance,Nizwa,Digital,Agent-006,59367.0,52531.0,50539.0,32504.0,25513.0,6991.0,8637.0,2757.0,2113.0,1844.0,7570.0,22322.0,63126.0,59367.0,58289.0
9,2024,Liability Insurance,Professional Indemnity,Corporate,Liability Insurance,Salalah,Digital,Agent-007,32744.0,25834.0,24687.0,16826.0,14782.0,2044.0,4762.0,681.0,1817.0,1367.0,2416.0,11093.0,33287.0,32744.0,30909.0
9,2024,Travel Insurance,Individual Travel,Standard,Travel Insurance,Muscat HQ,Digital,Agent-008,34115.0,30580.0,31617.0,17102.0,10733.0,6369.0,2050.0,1234.0,1656.0,1118.0,3430.0,8176.0,35094.0,34115.0,34339.0
9,2024,Travel Insurance,Individual Travel,Standard,Travel Insurance,Nizwa,Digital,Agent-015,32381.0,27085.0,22417.0,13322.0,10466.0,2856.0,2511.0,1139.0,1575.0,862.0,4807.0,7065.0,30164.0,32381.0,33981.0
9,2024,Travel Insurance,Group Travel,Corporate,Travel Insurance,Salalah,Digital,Agent-010,45264.0,40917.0,33797.0,25469.0,21108.0,4361.0,4506.0,1159.0,3494.0,1857.0,8821.0,16017.0,48135.0,45264.0,46898.0
9,2024,Life Insurance (Group),Group Life,Corporate,Life Insurance (Group),Sur,Broker,Agent-014,36398.0,30780.0,25415.0,26560.0,21948.0,4613.0,3842.0,652.0,2031.0,1102.0,5507.0,10240.0,36393.0,36398.0,34958.0
9,2024,Life Insurance (Group),Group Life,Corporate,Life Insurance (Group),Sur,Broker,Agent-008,47613.0,42367.0,37279.0,17390.0,16066.0,1324.0,7104.0,718.0,3061.0,1560.0,3441.0,19018.0,51739.0,47613.0,51290.0
10,2024,Motor Insurance,Motor Third Party Cover,Individual Vehicle,Motor Insurance,Sur,Broker,Agent-010,40795.0,32989.0,30652.0,14908.0,12136.0,2772.0,5547.0,413.0,1550.0,1450.0,5472.0,8282.0,36943.0,40795.0,42385.0
10,2024,Motor Insurance,Motor Third Party Cover,Fleet,Motor Insurance,Sohar,Broker,Agent-010,51971.0,44049.0,42893.0,30086.0,23922.0,6164.0,4865.0,1414.0,2835.0,1744.0,6021.0,8477.0,54308.0,51971.0,48918.0
10,2024,Motor Insurance,Motor Third Party Cover,Fleet,Motor Insurance,Nizwa,Digital,Agent-015,52176.0,45119.0,40173.0,37666.0,34940.0,2726.0,7022.0,1707.0,3963.0,2061.0,9458.0,7723.0,56393.0,52176.0,53525.0
10,2024,Motor Insurance,Motor Third Party Cover,Trade Plate,Motor Insurance,Muscat HQ,Broker,Agent-010,39630.0,27796.0,26075.0,25166.0,15220.0,9945.0,5004.0,1429.0,1733.0,1612.0,2760.0,13760.0,42533.0,39630.0,39538.0
10,2024,Motor Insurance,Motor Third Party Cover,Trade Plate,Motor Insurance,Salalah,Direct,Agent-010,58707.0,45569.0,41045.0,27590.0,22896.0,4694.0,7715.0,973.0,2509.0,1357.0,4346.0,13037.0,61946.0,58707.0,59097.0
10,2024,Motor Insurance,Motor Comprehensive Cover,Individual Vehicle,Motor Insurance,Nizwa,Bancassurance,Agent-010,42979.0,32718.0,32423.0,15453.0,13683.0,1770.0,5606.0,1956.0,1482.0,999.0,7775.0,10426.0,42053.0,42979.0,43483.0
10,2024,Motor Insurance,Motor Comprehensive Cover,Individual Vehicle,Motor Insurance,Sohar,Bancassurance,Agent-014,33149.0,28804.0,26389.0,24343.0,20472.0,3871.0,1846.0,1220.0,1093.0,969.0,4719.0,5459.0,30087.0,33149.0,33775.0
10,2024,Motor Insurance,Motor Extended Warranty Cover,Standard,Motor Insurance,Muscat HQ,Direct,Agent-008,34019.0,31431.0,25825.0,22607.0,14799.0,7808.0,2822.0,826.0,1372.0,757.0,5622.0,11502.0,37400.0,34019.0,36385.0
10,2024,Property Insurance,Fire & Perils,Commercial,Property Insurance,Muscat HQ,Broker,Agent-013,47726.0,43676.0,37866.0,20502.0,15451.0,5051.0,6651.0,1340.0,3156.0,1617.0,5056.0,11086.0,50288.0,47726.0,49669.0
10,2024,Property Insurance,Fire & Perils,Residential,Property Insurance,Salalah,Broker,Agent-002,45239.0,32948.0,27715.0,28318.0,25098.0,3221.0,5596.0,1761.0,3606.0,2211.0,4086.0,6493.0,42102.0,45239.0,48102.0
10,2024,Property Insurance,Property All Risks,Commercial,Property Insurance,Muscat HQ,Direct,Agent-003,54613.0,46363.0,46205.0,31603.0,28375.0,3228.0,3193.0,2423.0,3249.0,1458.0,10740.0,20858.0,58389.0,54613.0,58209.0
10,2024,Property Insurance,Property All Risks,Commercial,Property Insurance,Muscat HQ,Bancassurance,Agent-009,67509.0,61208.0,63976.0,46534.0,38220.0,8314.0,4336.0,1120.0,3624.0,2905.0,5130.0,25293.0,69991.0,67509.0,65482.0
10,2024,Marine Insurance,Marine Cargo,Import/Export,Marine Insurance,Nizwa,Digital,Agent-013,47798.0,38161.0,30649.0,27013.0,23401.0,3612.0,7021.0,2184.0,1642.0,2362.0,3462.0,5369.0,50177.0,47798.0,50902.0
10,2024,Marine Insurance,Marine Hull,Commercial Vessels,Marine Insurance,Muscat HQ,Digital,Agent-013,125078.0,35759.0,33810.0,27261.0,17400.0,9862.0,4827.0,1636.0,3309.0,1622.0,4891.0,14995.0,51875.0,125078.0,48193.0
10,2024,Medical Insurance,Group Medical,Corporate,Medical Insurance,Sur,Digital,Agent-001,31278.0,26318.0,24969.0,12524.0,8354.0,4169.0,4556.0,948.0,1238.0,1374.0,3772.0,9118.0,30011.0,31278.0,29066.0
10,2024,Medical Insurance,Group Medical,Corporate,Medical Insurance,Nizwa,Direct,Agent-009,56114.0,39582.0,39240.0,30525.0,25423.0,5102.0,4816.0,1955.0,1783.0,1199.0,9530.0,7707.0,50660.0,56114.0,59818.0
10,2024,Medical Insurance,Individual Medical,Standard,Medical Insurance,Sur,Broker,Agent-015,51151.0,42979.0,40204.0,25065.0,21650.0,3415.0,7488.0,813.0,1906.0,2150.0,6044.0,17318.0,47479.0,51151.0,47385.0
10,2024,Medical Insurance,Individual Medical,Standard,Medical Insurance,Nizwa,Digital,Agent-012,27607.0,25291.0,22668.0,9848.0,7667.0,2181.0,2150.0,1042.0,1226.0,951.0,2211.0,9619.0,29956.0,27607.0,27180.0
10,2024,Engineering Insurance,Contractors All Risks,Construction Projects,Engineering Insurance,Sur,Direct,Agent-015,57716.0,48587.0,49567.0,26952.0,18965.0,7987.0,4766.0,616.0,2222.0,2876.0,5041.0,6116.0,55160.0,57716.0,56870.0
10,2024,Engineering Insurance,Machinery Breakdown,Industrial,Engineering Insurance,Muscat HQ,Bancassurance,Agent-015,30902.0,23278.0,23269.0,15283.0,11433.0,3850.0,4439.0,1411.0,1507.0,1071.0,2873.0,7868.0,32026.0,30902.0,28888.0
10,2024,Engineering Insurance,Machinery Breakdown,Industrial,Engineering Insurance,Sur,Broker,Agent-007,39701.0,14069.0,12356.0,8870.0,7993.0,878.0,2331.0,337.0,993.0,727.0,3148.0,1925.0,15892.0,39701.0,16830.0
10,2024,Liability Insurance,General Liability,Commercial,Liability Insurance,Salalah,Broker,Agent-003,39895.0,35235.0,28765.0,26497.0,18524.0,7973.0,5283.0,1068.0,1282.0,1952.0,6666.0,8152.0,38060.0,39895.0,40463.0
10,2024,Liability Insurance,General Liability,Commercial,Liability Insurance,Sur,Digital,Agent-014,62534.0,54782.0,49053.0,24014.0,22277.0,1737.0,4152.0,2988.0,2199.0,1751.0,11765.0,18608.0,58651.0,62534.0,63456.0
10,2024,Liability Insurance,Professional Indemnity,Corporate,Liability Insurance,Muscat HQ,Broker,Agent-009,49745.0,35611.0,34676.0,36031.0,32099.0,3932.0,4336.0,969.0,1793.0,2299.0,3092.0,14359.0,48424.0,49745.0,53691.0
10,2024,Liability Insurance,Professional Indemnity,Corporate,Liability Insurance,Sohar,Bancassurance,Agent-008,38397.0,36185.0,34228.0,25667.0,21103.0,4564.0,3561.0,472.0,2530.0,1575.0,2592.0,6490.0,40179.0,38397.0,36245.0
10,2024,Travel Insurance,Individual Travel,Standard,Travel Insurance,Nizwa,Digital,Agent-007,44736.0,35488.0,31577.0,26520.0,22816.0,3704.0,6092.0,501.0,2967.0,1316.0,7864.0,5490.0,45194.0,44736.0,45085.0
10,2024,Travel Insurance,Group Travel,Corporate,Travel Insurance,Sohar,Direct,Agent-005,45966.0,39579.0,36752.0,20951.0,14801.0,6149.0,3020.0,2055.0,2688.0,1257.0,5011.0,17099.0,49522.0,45966.0,42797.0
10,2024,Life Insurance (Group),Group Life,Corporate,Life Insurance (Group),Salalah,Broker,Agent-012,28758.0,26567.0,21803.0,20118.0,17201.0,2918.0,3669.0,1198.0,1592.0,1392.0,2302.0,7232.0,27714.0,28758.0,30242.0
11,2024,Motor Insurance,Motor Third Party Cover,Individual Vehicle,Motor Insurance,Nizwa,Direct,Agent-011,40884.0,31077.0,26901.0,25979.0,18195.0,7784.0,3691.0,1301.0,3150.0,1792.0,3180.0,14920.0,43703.0,40884.0,42488.0
11,2024,Motor Insurance,Motor Third Party Cover,Individual Vehicle,Motor Insurance,Nizwa,Direct,Agent-014,43548.0,33856.0,27169.0,19267.0,15644.0,3622.0,2666.0,1577.0,3091.0,1287.0,2713.0,6180.0,42311.0,43548.0,45732.0
11,2024,Motor Insurance,Motor Third Party Cover,Fleet,Motor Insurance,Salalah,Broker,Agent-002,5143.0,22469.0,20596.0,14077.0,10051.0,4027.0,2167.0,953.0,1570.0,760.0,1743.0,7033.0,26948.0,5143.0,25958.0
11,2024,Motor Insurance,Motor Third Party Cover,Trade Plate,Motor Insurance,Sur,Bancassurance,Agent-003,106428.0,34805.0,31649.0,26007.0,16742.0,9265.0,4774.0,2038.0,2068.0,1282.0,2309.0,4990.0,46246.0,106428.0,45810.0
11,2024,Motor Insurance,Motor Third Party Cover,Trade Plate,Motor Insurance,Salalah,Digital,Agent-006,79929.0,27801.0,24736.0,17955.0,14717.0,3238.0,2219.0,1591.0,1285.0,649.0,6127.0,7313.0,31324.0,79929.0,30824.0
11,2024,Motor Insurance,Motor Comprehensive Cover,Individual Vehicle,Motor Insurance,Sohar,Direct,Agent-004,58337.0,53656.0,55150.0,27819.0,26034.0,1785.0,7963.0,2748.0,3810.0,1514.0,4625.0,21736.0,58420.0,58337.0,61982.0
11,2024,Motor Insurance,Motor Extended Warranty Cover,Standard,Motor Insurance,Salalah,Broker,Agent-013,69871.0,49251.0,48200.0,51810.0,32974.0,18835.0,5394.0,2228.0,5044.0,2459.0,4118.0,9653.0,68137.0,69871.0,67887.0
11,2024,Motor Insurance,Motor Extended Warranty Cover,Standard,Motor Insurance,Sohar,Direct,Agent-013,48616.0,44111.0,45453.0,29269.0,23967.0,5301.0,3155.0,1591.0,2370.0,1306.0,6685.0,4879.0,46442.0,48616.0,49829.0
11,2024,Property Insurance,Fire & Perils,Commercial,Property Insurance,Sohar,Digital,Agent-002,48903.0,40945.0,38227.0,19680.0,16035.0,3645.0,7330.0,1633.0,2757.0,1892.0,8898.0,18769.0,44414.0,48903.0,46595.0
11,2024,Property Insurance,Fire & Perils,Residential,Property Insurance,Sur,Digital,Agent-004,50424.0,35556.0,33801.0,23207.0,17746.0,5461.0,4749.0,2015.0,2765.0,1646.0,8045.0,19047.0,53388.0,50424.0,52334.0
11,2024,Property Insurance,Property All Risks,Commercial,Property Insurance,Nizwa,Direct,Agent-008,37280.0,33579.0,28125.0,13749.0,11814.0,1934.0,4421.0,1271.0,2938.0,1356.0,3809.0,10047.0,33764.0,37280.0,37753.0
11,2024,Marine Insurance,Marine Cargo,Import/Export,Marine Insurance,Sohar,Direct,Agent-010,33857.0,24598.0,24886.0,22190.0,17128.0,5062.0,2523.0,729.0,2052.0,927.0,3345.0,12840.0,35409.0,33857.0,35135.0
11,2024,Marine Insurance,Marine Cargo,Import/Export,Marine Insurance,Salalah,Bancassurance,Agent-011,109038.0,35309.0,29243.0,28895.0,17813.0,11082.0,4553.0,1417.0,2695.0,1285.0,2335.0,15993.0,47359.0,109038.0,43489.0
11,2024,Marine Insurance,Marine Hull,Commercial Vessels,Marine Insurance,Sur,Digital,Agent-010,41353.0,30694.0,25931.0,19946.0,13927.0,6019.0,5527.0,1233.0,2125.0,1008.0,7501.0,4815.0,39199.0,41353.0,42157.0
11,2024,Medical Insurance,Group Medical,Corporate,Medical Insurance,Sur,Digital,Agent-006,16363.0,12635.0,11902.0,8009.0,5725.0,2284.0,846.0,784.0,540.0,460.0,3080.0,5246.0,16619.0,16363.0,16784.0
11,2024,Medical Insurance,Individual Medical,Standard,Medical Insurance,Nizwa,Bancassurance,Agent-001,40719.0,30858.0,29511.0,23133.0,15039.0,8095.0,3514.0,1680.0,1654.0,1991.0,3841.0,11728.0,41687.0,40719.0,40528.0
11,2024,Engineering Insurance,Contractors All Risks,Construction Projects,Engineering Insurance,Salalah,Digital,Agent-004,35522.0,30253.0,27242.0,13440.0,8815.0,4625.0,3931.0,1673.0,1111.0,1290.0,3119.0,9538.0,37296.0,35522.0,36860.0
11,2024,Engineering Insurance,Contractors All Risks,Construction Projects,Engineering Insurance,Muscat HQ,Direct,Agent-012,47344.0,36239.0,37338.0,31396.0,20020.0,11377.0,3519.0,1336.0,3700.0,1103.0,6401.0,9582.0,48730.0,47344.0,48470.0
11,2024,Engineering Insurance,Machinery Breakdown,Industrial,Engineering Insurance,Muscat HQ,Bancassurance,Agent-014,36851.0,27748.0,26289.0,18017.0,14656.0,3362.0,2828.0,1207.0,1121.0,1151.0,6411.0,8804.0,36845.0,36851.0,37568.0
11,2024,Engineering Insurance,Machinery Breakdown,Industrial,Engineering Insurance,Muscat HQ,Digital,Agent-013,47214.0,44175.0,45025.0,24478.0,17820.0,6657.0,5555.0,1899.0,1855.0,1286.0,3396.0,15496.0,49239.0,47214.0,44865.0
11,2024,Liability Insurance,General Liability,Commercial,Liability Insurance,Nizwa,Direct,Agent-012,48789.0,37864.0,33589.0,29273.0,18961.0,10311.0,3383.0,2011.0,2786.0,1211.0,5282.0,6847.0,47449.0,48789.0,48010.0
11,2024,Liability Insurance,General Liability,Commercial,Liability Insurance,Sur,Direct,Agent-003,48286.0,33831.0,32488.0,18709.0,16531.0,2179.0,6661.0,1674.0,2929.0,1504.0,4221.0,12061.0,44748.0,48286.0,49616.0
11,2024,Liability Insurance,Professional Indemnity,Corporate,Liability Insurance,Sohar,Digital,Agent-002,39883.0,33789.0,31505.0,27483.0,16593.0,10890.0,4454.0,1052.0,1582.0,1970.0,4410.0,8000.0,37243.0,39883.0,43059.0
11,2024,Liability Insurance,Professional Indemnity,Corporate,Liability Insurance,Salalah,Direct,Agent-003,59035.0,43500.0,42584.0,32094.0,20496.0,11597.0,6240.0,2741.0,2778.0,1271.0,11322.0,8415.0,58741.0,59035.0,59457.0
11,2024,Travel Insurance,Individual Travel,Standard,Travel Insurance,Nizwa,Digital,Agent-001,27747.0,22948.0,23189.0,11118.0,9397.0,1721.0,2532.0,317.0,1576.0,765.0,3906.0,5683.0,28671.0,27747.0,29605.0
11,2024,Travel Insurance,Group Travel,Corporate,Travel Insurance,Salalah,Digital,Agent-003,20200.0,15113.0,15170.0,12545.0,11790.0,755.0,2444.0,535.0,1507.0,985.0,3409.0,5393.0,21516.0,20200.0,19163.0
11,2024,Life Insurance (Group),Group Life,Corporate,Life Insurance (Group),Muscat HQ,Direct,Agent-012,56199.0,41369.0,43017.0,39257.0,33841.0,5416.0,8144.0,1694.0,4180.0,1398.0,4351.0,14258.0,54317.0,56199.0,55592.0
11,2024,Life Insurance (Group),Group Life,Corporate,Life Insurance (Group),Nizwa,Direct,Agent-006,31416.0,28647.0,24364.0,20231.0,16330.0,3901.0,2782.0,650.0,1033.0,961.0,2516.0,4423.0,32914.0,31416.0,29971.0
12,2024,Motor Insurance,Motor Third Party Cover,Individual Vehicle,Motor Insurance,Sohar,Digital,Agent-007,41763.0,36172.0,34260.0,22663.0,16723.0,5941.0,3198.0,1604.0,1916.0,1900.0,5760.0,12119.0,41836.0,41763.0,44626.0
12,2024,Motor Insurance,Motor Third Party Cover,Individual Vehicle,Motor Insurance,Muscat HQ,Digital,Agent-013,41651.0,35454.0,32345.0,18945.0,12992.0,5953.0,5421.0,882.0,1261.0,857.0,8195.0,11160.0,41560.0,41651.0,44436.0
12,2024,Motor Insurance,Motor Third Party Cover,Fleet,Motor Insurance,Sur,Bancassurance,Agent-005,40007.0,35753.0,37234.0,17213.0,10433.0,6780.0,5287.0,1046.0,2289.0,1067.0,7052.0,12657.0,43635.0,40007.0,39849.0
12,2024,Motor Insurance,Motor Third Party Cover,Fleet,Motor Insurance,Nizwa,Direct,Agent-007,33402.0,27471.0,25842.0,14674.0,10666.0,4009.0,4015.0,386.0,2172.0,972.0,3032.0,10289.0,31498.0,33402.0,35869.0
12,2024,Motor Insurance,Motor Third Party Cover,Trade Plate,Motor Insurance,Sohar,Direct,Agent-010,33504.0,29972.0,25197.0,24231.0,22940.0,1291.0,2085.0,1250.0,1786.0,1214.0,2578.0,10623.0,31270.0,33504.0,35570.0
12,2024,Motor Insurance,Motor Comprehensive Cover,Individual Vehicle,Motor Insurance,Sur,Direct,Agent-008,53716.0,44865.0,40408.0,28730.0,20674.0,8056.0,7768.0,1080.0,2711.0,2328.0,5621.0,19659.0,50956.0,53716.0,49688.0
12,2024,Motor Insurance,Motor Comprehensive Cover,Individual Vehicle,Motor Insurance,Salalah,Bancassurance,Agent-004,51672.0,41637.0,34721.0,24901.0,18367.0,6533.0,5597.0,1084.0,2972.0,2441.0,5868.0,15268.0,48871.0,51672.0,54164.0
12,2024,Motor Insurance,Motor Extended Warranty Cover,Standard,Motor Insurance,Sohar,Broker,Agent-009,19695.0,15360.0,13103.0,13926.0,9653.0,4273.0,2904.0,585.0,809.0,625.0,1527.0,6895.0,18198.0,19695.0,20872.0
12,2024,Property Insurance,Fire & Perils,Commercial,Property Insurance,Muscat HQ,Direct,Agent-011,37673.0,31197.0,32283.0,18704.0,11489.0,7215.0,4753.0,1250.0,2689.0,1235.0,6055.0,5701.0,41437.0,37673.0,35706.0
12,2024,Property Insurance,Fire & Perils,Residential,Property Insurance,Muscat HQ,Bancassurance,Agent-006,28312.0,26023.0,23913.0,14765.0,13168.0,1597.0,3056.0,987.0,1184.0,945.0,2985.0,8482.0,26593.0,28312.0,27885.0
12,2024,Property Insurance,Fire & Perils,Residential,Property Insurance,Sur,Direct,Agent-002,15125.0,12251.0,11333.0,7717.0,6479.0,1238.0,981.0,465.0,559.0,588.0,2640.0,1603.0,14995.0,15125.0,15107.0
12,2024,Property Insurance,Property All Risks,Commercial,Property Insurance,Sohar,Direct,Agent-011,41528.0,34594.0,34161.0,20582.0,18977.0,1605.0,2398.0,567.0,2343.0,1417.0,6054.0,7007.0,39253.0,41528.0,43183.0
12,2024,Marine Insurance,Marine Cargo,Import/Export,Marine Insurance,Nizwa,Bancassurance,Agent-006,22145.0,19438.0,19825.0,14984.0,9037.0,5947.0,2302.0,1030.0,1327.0,636.0,1753.0,6765.0,23346.0,22145.0,23606.0
12,2024,Marine Insurance,Marine Hull,Commercial Vessels,Marine Insurance,Nizwa,Bancassurance,Agent-013,65700.0,47542.0,38883.0,47361.0,30943.0,16418.0,6454.0,1795.0,3038.0,2374.0,3313.0,14063.0,65429.0,65700.0,68889.0
12,2024,Marine Insurance,Marine Hull,Commercial Vessels,Marine Insurance,Sohar,Direct,Agent-010,45288.0,33297.0,29976.0,33297.0,22476.0,10821.0,3056.0,2164.0,3510.0,1109.0,7491.0,10367.0,45218.0,45288.0,45279.0
12,2024,Medical Insurance,Group Medical,Corporate,Medical Insurance,Muscat HQ,Broker,Agent-001,44178.0,37868.0,36473.0,28781.0,26597.0,2185.0,5539.0,1736.0,1886.0,2199.0,5313.0,9951.0,44195.0,44178.0,43430.0
12,2024,Medical Insurance,Group Medical,Corporate,Medical Insurance,Salalah,Digital,Agent-008,37974.0,35390.0,32703.0,27906.0,20804.0,7102.0,3370.0,1772.0,2341.0,1628.0,4250.0,8434.0,34809.0,37974.0,40810.0
12,2024,Medical Insurance,Individual Medical,Standard,Medical Insurance,Muscat HQ,Digital,Agent-012,40827.0,32568.0,32305.0,22918.0,14789.0,8129.0,2085.0,755.0,2703.0,1831.0,4132.0,10647.0,38704.0,40827.0,43312.0
12,2024,Engineering Insurance,Contractors All Risks,Construction Projects,Engineering Insurance,Muscat HQ,Broker,Agent-009,54075.0,51243.0,43933.0,33429.0,31038.0,2390.0,6885.0,1858.0,2992.0,2588.0,5906.0,20028.0,53329.0,54075.0,56295.0
12,2024,Engineering Insurance,Contractors All Risks,Construction Projects,Engineering Insurance,Sur,Digital,Agent-007,49170.0,35046.0,35127.0,29443.0,20377.0,9067.0,6773.0,2302.0,3656.0,1871.0,9661.0,17821.0,45278.0,49170.0,52955.0
12,2024,Engineering Insurance,Machinery Breakdown,Industrial,Engineering Insurance,Salalah,Digital,Agent-006,42139.0,32939.0,26574.0,19413.0,16308.0,3105.0,5744.0,425.0,1702.0,1694.0,3900.0,6005.0,38616.0,42139.0,43069.0
12,2024,Engineering Insurance,Machinery Breakdown,Industrial,Engineering Insurance,Salalah,Digital,Agent-002,46425.0,41772.0,43738.0,22941.0,20713.0,2228.0,5861.0,2157.0,2378.0,1070.0,3145.0,15272.0,49798.0,46425.0,46105.0
12,2024,Liability Insurance,General Liability,Commercial,Liability Insurance,Sohar,Bancassurance,Agent-005,35485.0,28384.0,27324.0,20113.0,18331.0,1782.0,4728.0,638.0,2267.0,1612.0,6726.0,9828.0,33185.0,35485.0,35815.0
12,2024,Liability Insurance,General Liability,Commercial,Liability Insurance,Sohar,Direct,Agent-008,58119.0,44015.0,45241.0,30226.0,18141.0,12085.0,6063.0,2042.0,4270.0,2105.0,3727.0,21971.0,58878.0,58119.0,55994.0
12,2024,Liability Insurance,Professional Indemnity,Corporate,Liability Insurance,Sur,Direct,Agent-014,50047.0,42851.0,39755.0,36113.0,24990.0,11123.0,7458.0,539.0,1798.0,1280.0,3100.0,11584.0,53704.0,50047.0,52615.0
12,2024,Travel Insurance,Individual Travel,Standard,Travel Insurance,Sur,Broker,Agent-014,40700.0,35934.0,35278.0,17135.0,13372.0,3763.0,5805.0,835.0,2676.0,1984.0,4237.0,8803.0,40314.0,40700.0,42713.0
12,2024,Travel Insurance,Individual Travel,Standard,Travel Insurance,Salalah,Digital,Agent-006,51713.0,47735.0,45352.0,37969.0,31911.0,6058.0,7545.0,851.0,2134.0,2408.0,5843.0,10929.0,54343.0,51713.0,52791.0
12,2024,Travel Insurance,Group Travel,Corporate,Travel Insurance,Sohar,Bancassurance,Agent-013,44948.0,34043.0,31809.0,29788.0,22242.0,7546.0,3970.0,1619.0,1702.0,1412.0,3651.0,13282.0,41463.0,44948.0,44573.0
12,2024,Life Insurance (Group),Group Life,Corporate,Life Insurance (Group),Nizwa,Bancassurance,Agent-008,31162.0,27110.0,24055.0,13795.0,8550.0,5245.0,2423.0,482.0,1510.0,1280.0,4793.0,6091.0,31216.0,31162.0,29750.0
12,2024,Life Insurance (Group),Group Life,Corporate,Life Insurance (Group),Sohar,Bancassurance,Agent-014,51603.0,39469.0,41241.0,29148.0,23223.0,5925.0,2620.0,891.0,2468.0,2527.0,3937.0,9855.0,56662.0,51603.0,51447.0
1,2025,Motor Insurance,Motor Third Party Cover,Individual Vehicle,Motor Insurance,Muscat HQ,Bancassurance,Agent-004,49883.0,35955.0,35871.0,23028.0,20318.0,2710.0,6723.0,2193.0,3658.0,2072.0,3560.0,5765.0,48294.0,49883.0,49843.0
1,2025,Motor Insurance,Motor Third Party Cover,Fleet,Motor Insurance,Nizwa,Digital,Agent-012,56269.0,45024.0,44863.0,36377.0,34415.0,1962.0,7167.0,1201.0,1731.0,2760.0,8857.0,19344.0,59570.0,56269.0,58392.0
1,2025,Motor Insurance,Motor Third Party Cover,Fleet,Motor Insurance,Sur,Direct,Agent-009,45730.0,32365.0,26205.0,24175.0,21570.0,2605.0,6163.0,1197.0,2062.0,1610.0,7997.0,13305.0,42436.0,45730.0,44722.0
1,2025,Motor Insurance,Motor Third Party Cover,Trade Plate,Motor Insurance,Sur,Bancassurance,Agent-001,36536.0,26493.0,22681.0,18519.0,13032.0,5486.0,3319.0,425.0,1217.0,1650.0,2389.0,12686.0,35122.0,36536.0,35421.0
1,2025,Motor Insurance,Motor Comprehensive Cover,Individual Vehicle,Motor Insurance,Salalah,Digital,Agent-011,31915.0,29680.0,24201.0,11565.0,7582.0,3983.0,4041.0,581.0,1326.0,1489.0,5784.0,9609.0,29770.0,31915.0,31308.0
1,2025,Motor Insurance,Motor Comprehensive Cover,Individual Vehicle,Motor Insurance,Sohar,Bancassurance,Agent-007,37067.0,27264.0,27932.0,19836.0,17421.0,2415.0,2045.0,905.0,1139.0,1540.0,2295.0,7468.0,39155.0,37067.0,38543.0
1,2025,Motor Insurance,Motor Extended Warranty Cover,Standard,Motor Insurance,Nizwa,Direct,Agent-003,42664.0,33594.0,27112.0,22473.0,13841.0,8631.0,4134.0,1219.0,1661.0,1857.0,6640.0,11428.0,46299.0,42664.0,41212.0
1,2025,Motor Insurance,Motor Extended Warranty Cover,Standard,Motor Insurance,Sohar,Bancassurance,Agent-007,31865.0,29228.0,25606.0,17410.0,13673.0,3737.0,2574.0,1260.0,2059.0,1365.0,4489.0,7586.0,31540.0,31865.0,32969.0
1,2025,Property Insurance,Fire & Perils,Commercial,Property Insurance,Muscat HQ,Bancassurance,Agent-006,39738.0,28581.0,29942.0,16193.0,11886.0,4307.0,2932.0,859.0,1833.0,1651.0,3040.0,7119.0,36569.0,39738.0,38667.0
1,2025,Property Insurance,Fire & Perils,Residential,Property Insurance,Nizwa,Direct,Agent-003,64235.0,52184.0,52497.0,23171.0,20917.0,2254.0,6328.0,1545.0,4840.0,1940.0,12632.0,24468.0,61253.0,64235.0,62597.0
1,2025,Property Insurance,Fire & Perils,Residential,Property Insurance,Nizwa,Direct,Agent-007,60072.0,43990.0,37453.0,33052.0,28460.0,4592.0,7446.0,2064.0,2619.0,1950.0,5222.0,11000.0,57948.0,60072.0,61022.0
1,2025,Property Insurance,Property All Risks,Commercial,Property Insurance,Muscat HQ,Direct,Agent-015,51235.0,48299.0,42869.0,18067.0,16434.0,1633.0,5635.0,2188.0,2651.0,1569.0,7597.0,11364.0,51811.0,51235.0,49414.0
1,2025,Property Insurance,Property All Risks,Commercial,Property Insurance,Nizwa,Digital,Agent-010,63541.0,59966.0,51867.0,34313.0,24257.0,10056.0,7586.0,2690.0,3453.0,1970.0,10275.0,10004.0,64805.0,63541.0,65916.0
1,2025,Marine Insurance,Marine Cargo,Import/Export,Marine Insurance,Nizwa,Bancassurance,Agent-003,50205.0,44882.0,42274.0,26600.0,18928.0,7672.0,2531.0,543.0,2110.0,1180.0,3411.0,14099.0,51264.0,50205.0,46548.0
1,2025,Marine Insurance,Marine Hull,Commercial Vessels,Marine Insurance,Salalah,Bancassurance,Agent-003,64725.0,53754.0,43463.0,31655.0,26426.0,5229.0,4690.0,3144.0,3318.0,1335.0,8485.0,19603.0,64156.0,64725.0,69160.0
1,2025,Medical Insurance,Group Medical,Corporate,Medical Insurance,Muscat HQ,Broker,Agent-008,50855.0,43330.0,41181.0,23325.0,21759.0,1565.0,4106.0,2144.0,3641.0,1167.0,4317.0,8369.0,55123.0,50855.0,49643.0
1,2025,Medical Insurance,Individual Medical,Standard,Medical Insurance,Sohar,Bancassurance,Agent-015,43123.0,34940.0,34458.0,22413.0,14247.0,8166.0,2385.0,790.0,2851.0,1346.0,5094.0,5630.0,44185.0,43123.0,45217.0
1,2025,Medical Insurance,Individual Medical,Standard,Medical Insurance,Nizwa,Digital,Agent-007,47740.0,33605.0,31085.0,21796.0,18315.0,3481.0,6174.0,673.0,3622.0,998.0,7317.0,10281.0,49339.0,47740.0,44667.0
1,2025,Engineering Insurance,Contractors All Risks,Construction Projects,Engineering Insurance,Nizwa,Bancassurance,Agent-009,43938.0,37729.0,35655.0,24931.0,20100.0,4831.0,5970.0,1513.0,1748.0,2083.0,3620.0,6571.0,48306.0,43938.0,41923.0
1,2025,Engineering Insurance,Contractors All Risks,Construction Projects,Engineering Insurance,Sur,Digital,Agent-008,57151.0,47008.0,38411.0,29803.0,21469.0,8333.0,3641.0,2700.0,3529.0,2588.0,10624.0,21663.0,59987.0,57151.0,55385.0
1,2025,Engineering Insurance,Machinery Breakdown,Industrial,Engineering Insurance,Salalah,Broker,Agent-004,46164.0,35791.0,32805.0,30585.0,23542.0,7044.0,3545.0,623.0,3360.0,1501.0,5368.0,15193.0,49393.0,46164.0,46247.0
1,2025,Liability Insurance,General Liability,Commercial,Liability Insurance,Sur,Bancassurance,Agent-014,54835.0,48249.0,39977.0,33162.0,24180.0,8983.0,5210.0,2045.0,3828.0,1671.0,9924.0,9086.0,55525.0,54835.0,51775.0
1,2025,Liability Insurance,General Liability,Commercial,Liability Insurance,Sur,Digital,Agent-005,43289.0,40211.0,35470.0,27199.0,17193.0,10007.0,4940.0,2008.0,2500.0,1336.0,7317.0,13585.0,39979.0,43289.0,44437.0
1,2025,Liability Insurance,Professional Indemnity,Corporate,Liability Insurance,Muscat HQ,Digital,Agent-012,42895.0,40321.0,38038.0,23738.0,22442.0,1296.0,3129.0,1112.0,2917.0,1776.0,8365.0,12709.0,41291.0,42895.0,42192.0
1,2025,Travel Insurance,Individual Travel,Standard,Travel Insurance,Nizwa,Bancassurance,Agent-001,53100.0,42498.0,35425.0,24808.0,20386.0,4422.0,2821.0,2583.0,4007.0,1197.0,9571.0,10544.0,48507.0,53100.0,51452.0
1,2025,Travel Insurance,Group Travel,Corporate,Travel Insurance,Muscat HQ,Digital,Agent-011,24791.0,21740.0,21430.0,14038.0,12447.0,1591.0,2830.0,372.0,1748.0,737.0,3861.0,7500.0,23977.0,24791.0,23449.0
1,2025,Life Insurance (Group),Group Life,Corporate,Life Insurance (Group),Sur,Digital,Agent-005,44680.0,33817.0,29726.0,29125.0,21663.0,7462.0,5507.0,1000.0,1355.0,1703.0,6261.0,12880.0,42609.0,44680.0,46904.0
1,2025,Life Insurance (Group),Group Life,Corporate,Life Insurance (Group),Nizwa,Direct,Agent-001,39000.0,33926.0,32018.0,21617.0,17877.0,3740.0,2285.0,1810.0,1823.0,1043.0,6465.0,6605.0,42867.0,39000.0,38504.0
2,2025,Motor Insurance,Motor Third Party Cover,Individual Vehicle,Motor Insurance,Muscat HQ,Direct,Agent-003,31837.0,22326.0,19686.0,15096.0,11330.0,3766.0,2333.0,398.0,1068.0,811.0,3104.0,4597.0,30978.0,31837.0,33988.0
2,2025,Motor Insurance,Motor Third Party Cover,Individual Vehicle,Motor Insurance,Sohar,Digital,Agent-008,109768.0,36123.0,29325.0,29204.0,24834.0,4370.0,6486.0,2087.0,2600.0,1782.0,4892.0,16094.0,44371.0,109768.0,42682.0
2,2025,Motor Insurance,Motor Third Party Cover,Fleet,Motor Insurance,Sur,Direct,Agent-014,54546.0,49302.0,39630.0,31906.0,23575.0,8331.0,4536.0,1491.0,2246.0,1391.0,9315.0,9182.0,57132.0,54546.0,56391.0
2,2025,Motor Insurance,Motor Third Party Cover,Trade Plate,Motor Insurance,Nizwa,Direct,Agent-011,47728.0,43065.0,40724.0,35670.0,23638.0,12031.0,2732.0,1822.0,2133.0,1825.0,5191.0,9548.0,51482.0,47728.0,44995.0
2,2025,Motor Insurance,Motor Third Party Cover,Trade Plate,Motor Insurance,Muscat HQ,Bancassurance,Agent-014,53641.0,48709.0,41782.0,37701.0,30664.0,7037.0,7098.0,683.0,2566.0,1917.0,7324.0,6958.0,54056.0,53641.0,55061.0
2,2025,Motor Insurance,Motor Comprehensive Cover,Individual Vehicle,Motor Insurance,Sur,Bancassurance,Agent-015,34370.0,29208.0,27392.0,25013.0,20829.0,4184.0,2680.0,1226.0,2684.0,712.0,4949.0,5054.0,36546.0,34370.0,35144.0
2,2025,Motor Insurance,Motor Extended Warranty Cover,Standard,Motor Insurance,Salalah,Bancassurance,Agent-010,47210.0,43713.0,37509.0,18089.0,15411.0,2678.0,4733.0,562.0,2077.0,1407.0,7090.0,11400.0,47089.0,47210.0,49526.0
2,2025,Property Insurance,Fire & Perils,Commercial,Property Insurance,Sur,Bancassurance,Agent-008,39502.0,33141.0,32276.0,28760.0,19964.0,8796.0,2385.0,1073.0,2265.0,1060.0,7251.0,13417.0,39451.0,39502.0,39186.0
2,2025,Property Insurance,Fire & Perils,Residential,Property Insurance,Muscat HQ,Bancassurance,Agent-001,47484.0,39187.0,32892.0,20039.0,13145.0,6894.0,6831.0,1982.0,3383.0,2147.0,3055.0,14751.0,49425.0,47484.0,45393.0
2,2025,Property Insurance,Fire & Perils,Residential,Property Insurance,Sur,Broker,Agent-014,38144.0,35209.0,36287.0,27443.0,16512.0,10931.0,2750.0,1436.0,1758.0,833.0,6273.0,4142.0,37733.0,38144.0,40876.0
2,2025,Property Insurance,Property All Risks,Commercial,Property Insurance,Sohar,Bancassurance,Agent-001,61074.0,44392.0,39487.0,29608.0,26538.0,3071.0,8672.0,664.0,2132.0,2400.0,7495.0,11547.0,58142.0,61074.0,58384.0
2,2025,Marine Insurance,Marine Cargo,Import/Export,Marine Insurance,Nizwa,Digital,Agent-005,52859.0,42642.0,39732.0,22969.0,20886.0,2083.0,6248.0,2369.0,2842.0,1743.0,4523.0,13926.0,53844.0,52859.0,52181.0
2,2025,Marine Insurance,Marine Hull,Commercial Vessels,Marine Insurance,Muscat HQ,Broker,Agent-015,55056.0,46533.0,48344.0,23187.0,14362.0,8825.0,4384.0,896.0,3566.0,1111.0,10853.0,19638.0,54953.0,55056.0,58764.0
2,2025,Medical Insurance,Group Medical,Corporate,Medical Insurance,Salalah,Digital,Agent-009,24032.0,17906.0,15907.0,17403.0,12699.0,4704.0,1706.0,298.0,900.0,737.0,2720.0,6314.0,25540.0,24032.0,22161.0
2,2025,Medical Insurance,Individual Medical,Standard,Medical Insurance,Nizwa,Bancassurance,Agent-009,43486.0,40259.0,33147.0,25161.0,23102.0,2059.0,5302.0,603.0,2640.0,1913.0,3967.0,12600.0,46447.0,43486.0,43652.0
2,2025,Engineering Insurance,Contractors All Risks,Construction Projects,Engineering Insurance,Sohar,Digital,Agent-007,40693.0,35399.0,32154.0,28524.0,25018.0,3507.0,5310.0,1263.0,1620.0,1698.0,2455.0,10388.0,37055.0,40693.0,40878.0
2,2025,Engineering Insurance,Contractors All Risks,Construction Projects,Engineering Insurance,Nizwa,Bancassurance,Agent-015,37070.0,27087.0,23714.0,19562.0,17650.0,1912.0,5182.0,1785.0,1298.0,1071.0,4428.0,10844.0,38574.0,37070.0,38767.0
2,2025,Engineering Insurance,Machinery Breakdown,Industrial,Engineering Insurance,Nizwa,Digital,Agent-009,4723.0,21276.0,20807.0,9589.0,8863.0,726.0,3201.0,972.0,858.0,571.0,3601.0,3122.0,21789.0,4723.0,23239.0
2,2025,Engineering Insurance,Machinery Breakdown,Industrial,Engineering Insurance,Salalah,Bancassurance,Agent-007,29584.0,24730.0,20118.0,11191.0,8616.0,2575.0,2958.0,697.0,1807.0,935.0,4084.0,6063.0,30856.0,29584.0,29960.0
2,2025,Liability Insurance,General Liability,Commercial,Liability Insurance,Muscat HQ,Broker,Agent-006,35248.0,30048.0,29976.0,13953.0,12775.0,1178.0,3224.0,1393.0,2642.0,1751.0,4850.0,10972.0,33497.0,35248.0,34064.0
2,2025,Liability Insurance,General Liability,Commercial,Liability Insurance,Sur,Direct,Agent-014,35069.0,26462.0,22295.0,19668.0,12355.0,7313.0,2959.0,1734.0,2445.0,1502.0,2464.0,7342.0,36336.0,35069.0,32385.0
2,2025,Liability Insurance,Professional Indemnity,Corporate,Liability Insurance,Muscat HQ,Digital,Agent-002,48635.0,36409.0,30849.0,20824.0,19282.0,1542.0,5368.0,1947.0,2350.0,2247.0,6677.0,13615.0,51089.0,48635.0,50764.0
2,2025,Liability Insurance,Professional Indemnity,Corporate,Liability Insurance,Muscat HQ,Broker,Agent-006,18485.0,14145.0,14839.0,9320.0,5983.0,3337.0,1508.0,609.0,916.0,829.0,2816.0,3032.0,18628.0,18485.0,19335.0
2,2025,Travel Insurance,Individual Travel,Standard,Travel Insurance,Sur,Bancassurance,Agent-013,40674.0,35353.0,35194.0,21153.0,12773.0,8380.0,4828.0,964.0,1529.0,1005.0,6727.0,6354.0,40545.0,40674.0,43736.0
2,2025,Travel Insurance,Individual Travel,Standard,Travel Insurance,Muscat HQ,Direct,Agent-004,11178.0,45362.0,37933.0,21431.0,13677.0,7754.0,6185.0,992.0,2094.0,2572.0,3818.0,17421.0,54964.0,11178.0,56599.0
2,2025,Travel Insurance,Group Travel,Corporate,Travel Insurance,Sohar,Bancassurance,Agent-001,74195.0,53259.0,47181.0,40996.0,26542.0,14454.0,7763.0,2311.0,4462.0,3287.0,8304.0,27198.0,73820.0,74195.0,73687.0
2,2025,Travel Insurance,Group Travel,Corporate,Travel Insurance,Muscat HQ,Digital,Agent-008,25630.0,23981.0,20871.0,14697.0,12781.0,1915.0,3641.0,857.0,793.0,1036.0,1639.0,7724.0,26078.0,25630.0,26207.0
2,2025,Life Insurance (Group),Group Life,Corporate,Life Insurance (Group),Nizwa,Broker,Agent-012,52945.0,39466.0,33770.0,36702.0,27989.0,8713.0,6147.0,1620.0,3797.0,1867.0,3388.0,8439.0,47791.0,52945.0,55754.0
2,2025,Life Insurance (Group),Group Life,Corporate,Life Insurance (Group),Sohar,Bancassurance,Agent-001,36983.0,33511.0,35077.0,22611.0,15563.0,7048.0,2224.0,1242.0,2535.0,1363.0,3533.0,11684.0,36598.0,36983.0,35720.0
3,2025,Motor Insurance,Motor Third Party Cover,Individual Vehicle,Motor Insurance,Muscat HQ,Broker,Agent-014,31764.0,26775.0,24251.0,13157.0,10705.0,2452.0,3777.0,318.0,1806.0,1185.0,3170.0,6404.0,30606.0,31764.0,31487.0
3,2025,Motor Insurance,Motor Third Party Cover,Fleet,Motor Insurance,Sur,Direct,Agent-014,45157.0,39504.0,37024.0,29574.0,26940.0,2634.0,4568.0,1345.0,3483.0,2168.0,9011.0,6635.0,40673.0,45157.0,44704.0
3,2025,Motor Insurance,Motor Third Party Cover,Fleet,Motor Insurance,Salalah,Direct,Agent-003,35915.0,27049.0,26583.0,15868.0,14190.0,1678.0,3047.0,1219.0,2055.0,1038.0,4161.0,12706.0,36262.0,35915.0,33361.0
3,2025,Motor Insurance,Motor Third Party Cover,Trade Plate,Motor Insurance,Sohar,Broker,Agent-002,62702.0,51517.0,41613.0,28777.0,17777.0,11000.0,5737.0,2185.0,3932.0,1375.0,4253.0,18713.0,63093.0,62702.0,66047.0
3,2025,Motor Insurance,Motor Comprehensive Cover,Individual Vehicle,Motor Insurance,Salalah,Broker,Agent-003,43307.0,35577.0,29338.0,16393.0,13724.0,2669.0,3451.0,1593.0,1938.0,1275.0,3528.0,17111.0,39116.0,43307.0,40724.0
3,2025,Motor Insurance,Motor Extended Warranty Cover,Standard,Motor Insurance,Salalah,Broker,Agent-004,42367.0,37039.0,33439.0,29074.0,25050.0,4024.0,4368.0,846.0,2950.0,1948.0,7433.0,4894.0,44045.0,42367.0,43750.0
3,2025,Motor Insurance,Motor Extended Warranty Cover,Standard,Motor Insurance,Sohar,Digital,Agent-015,37932.0,33087.0,33738.0,23795.0,21377.0,2419.0,3261.0,618.0,1827.0,1686.0,2646.0,11053.0,41630.0,37932.0,40329.0
3,2025,Property Insurance,Fire & Perils,Commercial,Property Insurance,Nizwa,Broker,Agent-014,30272.0,25216.0,25107.0,14017.0,8933.0,5084.0,3627.0,899.0,2183.0,1043.0,5356.0,7639.0,31983.0,30272.0,31341.0
3,2025,Property Insurance,Fire & Perils,Residential,Property Insurance,Sohar,Bancassurance,Agent-001,61963.0,54179.0,45309.0,40404.0,27400.0,13004.0,6779.0,2018.0,2489.0,2153.0,11270.0,18847.0,68068.0,61963.0,64784.0
3,2025,Property Insurance,Fire & Perils,Residential,Property Insurance,Sur,Direct,Agent-012,38111.0,30515.0,30778.0,27673.0,21242.0,6431.0,2429.0,1309.0,2555.0,1189.0,6181.0,9883.0,36597.0,38111.0,38901.0
3,2025,Property Insurance,Property All Risks,Commercial,Property Insurance,Muscat HQ,Digital,Agent-001,51671.0,40130.0,41732.0,33776.0,23115.0,10661.0,7641.0,1549.0,2901.0,2443.0,9702.0,15970.0,56616.0,51671.0,50256.0
3,2025,Marine Insurance,Marine Cargo,Import/Export,Marine Insurance,Salalah,Bancassurance,Agent-004,30338.0,23553.0,22255.0,11205.0,8112.0,3093.0,3786.0,430.0,1994.0,1301.0,4105.0,11098.0,33096.0,30338.0,28079.0
3,2025,Marine Insurance,Marine Cargo,Import/Export,Marine Insurance,Muscat HQ,Bancassurance,Agent-010,49506.0,42367.0,41437.0,33965.0,28764.0,5201.0,6324.0,1681.0,1775.0,1022.0,6409.0,15578.0,45633.0,49506.0,48946.0
3,2025,Marine Insurance,Marine Hull,Commercial Vessels,Marine Insurance,Salalah,Bancassurance,Agent-013,56370.0,39521.0,34794.0,31368.0,29023.0,2346.0,4101.0,1719.0,3288.0,2225.0,5597.0,7319.0,61121.0,56370.0,60454.0
3,2025,Medical Insurance,Group Medical,Corporate,Medical Insurance,Muscat HQ,Direct,Agent-012,60050.0,43186.0,42524.0,26476.0,17594.0,8881.0,3053.0,655.0,3019.0,2177.0,8218.0,14254.0,59564.0,60050.0,62482.0
3,2025,Medical Insurance,Individual Medical,Standard,Medical Insurance,Sohar,Bancassurance,Agent-009,38377.0,31439.0,27316.0,15529.0,9521.0,6008.0,5190.0,1295.0,1239.0,950.0,3528.0,6866.0,38748.0,38377.0,37759.0
3,2025,Medical Insurance,Individual Medical,Standard,Medical Insurance,Sur,Digital,Agent-008,53593.0,49860.0,52103.0,25439.0,17131.0,8309.0,3565.0,1882.0,3433.0,1213.0,9280.0,17949.0,54970.0,53593.0,53041.0
3,2025,Engineering Insurance,Contractors All Risks,Construction Projects,Engineering Insurance,Muscat HQ,Direct,Agent-011,64010.0,49768.0,42891.0,33696.0,27067.0,6630.0,5553.0,3107.0,1939.0,3033.0,3207.0,10563.0,70365.0,64010.0,66347.0
3,2025,Engineering Insurance,Contractors All Risks,Construction Projects,Engineering Insurance,Muscat HQ,Direct,Agent-008,42301.0,37904.0,31790.0,28238.0,26229.0,2010.0,5743.0,1675.0,2647.0,1507.0,4623.0,15215.0,43548.0,42301.0,41860.0
3,2025,Engineering Insurance,Machinery Breakdown,Industrial,Engineering Insurance,Nizwa,Direct,Agent-004,56859.0,43050.0,34845.0,36133.0,24208.0,11926.0,8506.0,589.0,2359.0,1209.0,9518.0,15557.0,60822.0,56859.0,61068.0
3,2025,Engineering Insurance,Machinery Breakdown,Industrial,Engineering Insurance,Muscat HQ,Broker,Agent-012,80134.0,61004.0,62430.0,56199.0,46068.0,10131.0,8847.0,3849.0,5433.0,3245.0,9244.0,19649.0,78354.0,80134.0,85856.0
3,2025,Liability Insurance,General Liability,Commercial,Liability Insurance,Muscat HQ,Direct,Agent-011,59964.0,48235.0,47478.0,21947.0,20035.0,1913.0,6955.0,1697.0,2709.0,1759.0,5727.0,8353.0,59530.0,59964.0,59518.0
3,2025,Liability Insurance,General Liability,Commercial,Liability Insurance,Nizwa,Digital,Agent-006,48367.0,34933.0,35388.0,25153.0,20860.0,4292.0,6916.0,1968.0,2754.0,1758.0,8582.0,16788.0,45258.0,48367.0,49346.0
3,2025,Liability Insurance,Professional Indemnity,Corporate,Liability Insurance,Sur,Digital,Agent-012,61087.0,50675.0,43806.0,37984.0,29121.0,8862.0,4872.0,1434.0,4449.0,2809.0,10498.0,22856.0,66613.0,61087.0,61007.0
3,2025,Travel Insurance,Individual Travel,Standard,Travel Insurance,Sur,Broker,Agent-014,43965.0,41498.0,36712.0,31350.0,25312.0,6038.0,2359.0,1953.0,2994.0,1727.0,6251.0,7283.0,41455.0,43965.0,40653.0
3,2025,Travel Insurance,Individual Travel,Standard,Travel Insurance,Sohar,Digital,Agent-011,44468.0,37326.0,32318.0,20081.0,18711.0,1370.0,6636.0,1888.0,1455.0,1861.0,3414.0,12041.0,47970.0,44468.0,43616.0
3,2025,Travel Insurance,Group Travel,Corporate,Travel Insurance,Salalah,Bancassurance,Agent-004,60915.0,55057.0,50350.0,23091.0,14688.0,8403.0,8936.0,1201.0,4771.0,2463.0,5791.0,13104.0,64290.0,60915.0,60285.0
3,2025,Life Insurance (Group),Group Life,Corporate,Life Insurance (Group),Sur,Digital,Agent-007,62287.0,51403.0,44277.0,33625.0,29459.0,4166.0,3622.0,3101.0,4546.0,1840.0,11248.0,18967.0,64360.0,62287.0,58697.0
4,2025,Motor Insurance,Motor Third Party Cover,Individual Vehicle,Motor Insurance,Sur,Digital,Agent-011,49196.0,38226.0,39799.0,26992.0,16761.0,10231.0,6571.0,939.0,3637.0,2336.0,2997.0,13516.0,53934.0,49196.0,52588.0
4,2025,Motor Insurance,Motor Third Party Cover,Fleet,Motor Insurance,Nizwa,Broker,Agent-001,59876.0,51688.0,45655.0,29051.0,21701.0,7350.0,8096.0,1170.0,2547.0,1211.0,4386.0,23567.0,59084.0,59876.0,56955.0
4,2025,Motor Insurance,Motor Third Party Cover,Trade Plate,Motor Insurance,Sohar,Direct,Agent-001,59184.0,52864.0,44791.0,37470.0,30643.0,6827.0,6956.0,1222.0,4175.0,2177.0,9396.0,22601.0,63392.0,59184.0,61858.0
4,2025,Motor Insurance,Motor Comprehensive Cover,Individual Vehicle,Motor Insurance,Sohar,Direct,Agent-004,40941.0,35969.0,35401.0,23548.0,15515.0,8033.0,5632.0,1385.0,2282.0,1516.0,2556.0,13188.0,37345.0,40941.0,41455.0
4,2025,Motor Insurance,Motor Extended Warranty Cover,Standard,Motor Insurance,Salalah,Digital,Agent-015,43223.0,39894.0,39936.0,15669.0,9714.0,5955.0,5545.0,444.0,2310.0,1004.0,5997.0,17268.0,40388.0,43223.0,46382.0
4,2025,Property Insurance,Fire & Perils,Commercial,Property Insurance,Nizwa,Bancassurance,Agent-003,73069.0,62010.0,63053.0,28833.0,24784.0,4049.0,8247.0,906.0,3257.0,1935.0,8094.0,11655.0,69778.0,73069.0,70684.0
4,2025,Property Insurance,Fire & Perils,Commercial,Property Insurance,Nizwa,Digital,Agent-006,31657.0,24670.0,22505.0,11562.0,10981.0,581.0,2534.0,680.0,1828.0,1444.0,3752.0,5529.0,32074.0,31657.0,31570.0
4,2025,Property Insurance,Fire & Perils,Residential,Property Insurance,Muscat HQ,Broker,Agent-004,57631.0,41321.0,38913.0,42127.0,38925.0,3202.0,4123.0,1015.0,2168.0,2570.0,7118.0,11608.0,55611.0,57631.0,55560.0
4,2025,Property Insurance,Fire & Perils,Residential,Property Insurance,Salalah,Direct,Agent-003,57201.0,49128.0,48088.0,38827.0,24672.0,14155.0,2871.0,688.0,3737.0,2748.0,5701.0,19126.0,59823.0,57201.0,61576.0
4,2025,Property Insurance,Property All Risks,Commercial,Property Insurance,Nizwa,Digital,Agent-001,50769.0,44516.0,45219.0,25307.0,21299.0,4008.0,3878.0,1414.0,2139.0,1251.0,2812.0,15303.0,54580.0,50769.0,49262.0
4,2025,Marine Insurance,Marine Cargo,Import/Export,Marine Insurance,Sohar,Bancassurance,Agent-005,39377.0,33216.0,34117.0,21754.0,18196.0,3558.0,4747.0,634.0,1864.0,921.0,4572.0,14419.0,39227.0,39377.0,39101.0
4,2025,Marine Insurance,Marine Hull,Commercial Vessels,Marine Insurance,Sur,Digital,Agent-014,40236.0,35522.0,28792.0,16148.0,11449.0,4699.0,5639.0,755.0,2669.0,1007.0,5711.0,11107.0,41217.0,40236.0,38860.0
4,2025,Medical Insurance,Group Medical,Corporate,Medical Insurance,Sohar,Digital,Agent-001,34134.0,27421.0,22397.0,18437.0,13798.0,4640.0,2160.0,948.0,2116.0,1633.0,5307.0,8558.0,35978.0,34134.0,32932.0
4,2025,Medical Insurance,Individual Medical,Standard,Medical Insurance,Muscat HQ,Broker,Agent-004,62672.0,46887.0,45583.0,37898.0,23583.0,14315.0,5593.0,2163.0,4116.0,2788.0,6240.0,21999.0,60845.0,62672.0,57729.0
4,2025,Medical Insurance,Individual Medical,Standard,Medical Insurance,Sur,Direct,Agent-005,63658.0,48672.0,49012.0,45554.0,42665.0,2888.0,5111.0,1798.0,4464.0,1880.0,6861.0,10897.0,64579.0,63658.0,65280.0
4,2025,Engineering Insurance,Contractors All Risks,Construction Projects,Engineering Insurance,Sohar,Direct,Agent-001,62110.0,46877.0,41189.0,45517.0,37350.0,8167.0,6804.0,2210.0,4827.0,1875.0,5723.0,13231.0,65848.0,62110.0,58343.0
4,2025,Engineering Insurance,Contractors All Risks,Construction Projects,Engineering Insurance,Nizwa,Bancassurance,Agent-012,41903.0,33228.0,28877.0,27315.0,16692.0,10623.0,5191.0,771.0,3149.0,1358.0,6132.0,5711.0,39841.0,41903.0,43248.0
4,2025,Engineering Insurance,Machinery Breakdown,Industrial,Engineering Insurance,Sohar,Digital,Agent-005,58239.0,53263.0,48266.0,41234.0,30112.0,11122.0,4826.0,2398.0,1781.0,1466.0,3539.0,14771.0,59731.0,58239.0,53677.0
4,2025,Engineering Insurance,Machinery Breakdown,Industrial,Engineering Insurance,Salalah,Bancassurance,Agent-001,51751.0,37482.0,31605.0,35647.0,30129.0,5518.0,4120.0,1063.0,1760.0,1577.0,5678.0,19213.0,54267.0,51751.0,51578.0
4,2025,Liability Insurance,General Liability,Commercial,Liability Insurance,Sohar,Bancassurance,Agent-010,40886.0,37294.0,31514.0,25779.0,17126.0,8653.0,4497.0,797.0,2334.0,1554.0,5838.0,12464.0,37361.0,40886.0,42216.0
4,2025,Liability Insurance,General Liability,Commercial,Liability Insurance,Muscat HQ,Broker,Agent-013,57000.0,45412.0,47311.0,34332.0,21659.0,12673.0,6845.0,1013.0,2526.0,1787.0,9487.0,21844.0,61838.0,57000.0,53997.0
4,2025,Liability Insurance,Professional Indemnity,Corporate,Liability Insurance,Salalah,Bancassurance,Agent-005,33434.0,31584.0,26739.0,16715.0,15105.0,1610.0,3845.0,1588.0,2059.0,973.0,5709.0,10959.0,36334.0,33434.0,33307.0
4,2025,Liability Insurance,Professional Indemnity,Corporate,Liability Insurance,Nizwa,Direct,Agent-005,42429.0,40270.0,42055.0,23839.0,22272.0,1567.0,3633.0,1867.0,2620.0,1761.0,6692.0,12336.0,45419.0,42429.0,41696.0
4,2025,Travel Insurance,Individual Travel,Standard,Travel Insurance,Salalah,Broker,Agent-007,61019.0,54156.0,55541.0,28061.0,17387.0,10674.0,6147.0,2747.0,4794.0,2791.0,7535.0,21907.0,57528.0,61019.0,65131.0
4,2025,Travel Insurance,Group Travel,Corporate,Travel Insurance,Sur,Broker,Agent-012,42059.0,31966.0,26387.0,27054.0,25251.0,1803.0,4782.0,660.0,2615.0,988.0,4018.0,4605.0,41953.0,42059.0,40856.0
4,2025,Travel Insurance,Group Travel,Corporate,Travel Insurance,Nizwa,Bancassurance,Agent-015,37503.0,27594.0,25833.0,24426.0,21752.0,2673.0,3646.0,1442.0,2688.0,1507.0,4841.0,4425.0,35928.0,37503.0,36422.0
4,2025,Life Insurance (Group),Group Life,Corporate,Life Insurance (Group),Salalah,Bancassurance,Agent-001,46496.0,44070.0,42073.0,20159.0,18870.0,1289.0,3888.0,554.0,2398.0,1266.0,8036.0,7718.0,49471.0,46496.0,43046.0
5,2025,Motor Insurance,Motor Third Party Cover,Individual Vehicle,Motor Insurance,Sur,Broker,Agent-011,26529.0,24358.0,24549.0,15593.0,9552.0,6041.0,2974.0,921.0,1535.0,1033.0,5179.0,10576.0,26638.0,26529.0,24797.0
5,2025,Motor Insurance,Motor Third Party Cover,Individual Vehicle,Motor Insurance,Sohar,Digital,Agent-015,59662.0,48267.0,39797.0,29307.0,21533.0,7774.0,8929.0,2235.0,2141.0,1797.0,3418.0,17655.0,61723.0,59662.0,55438.0
5,2025,Motor Insurance,Motor Third Party Cover,Fleet,Motor Insurance,Sohar,Bancassurance,Agent-012,55268.0,45383.0,47571.0,35309.0,32959.0,2351.0,3159.0,1022.0,1744.0,2544.0,8519.0,8472.0,60509.0,55268.0,59298.0
5,2025,Motor Insurance,Motor Third Party Cover,Fleet,Motor Insurance,Nizwa,Digital,Agent-008,44329.0,38664.0,33071.0,31497.0,28142.0,3355.0,6230.0,1787.0,1695.0,1366.0,6930.0,8733.0,46191.0,44329.0,43167.0
5,2025,Motor Insurance,Motor Third Party Cover,Trade Plate,Motor Insurance,Nizwa,Digital,Agent-013,42632.0,36683.0,33364.0,28194.0,23330.0,4864.0,4581.0,1169.0,2421.0,918.0,6395.0,6878.0,45703.0,42632.0,44762.0
5,2025,Motor Insurance,Motor Third Party Cover,Trade Plate,Motor Insurance,Nizwa,Broker,Agent-011,41511.0,30524.0,30072.0,31064.0,19084.0,11980.0,3092.0,1408.0,2107.0,1624.0,5727.0,13964.0,37949.0,41511.0,41117.0
5,2025,Motor Insurance,Motor Comprehensive Cover,Individual Vehicle,Motor Insurance,Sur,Bancassurance,Agent-011,43575.0,32945.0,30175.0,22205.0,18877.0,3328.0,4845.0,1970.0,3170.0,1187.0,2294.0,15528.0,42086.0,43575.0,42509.0
5,2025,Motor Insurance,Motor Comprehensive Cover,Individual Vehicle,Motor Insurance,Salalah,Digital,Agent-006,54577.0,45072.0,44514.0,24988.0,21307.0,3680.0,5250.0,1427.0,2618.0,1330.0,5452.0,19854.0,50235.0,54577.0,58579.0
5,2025,Motor Insurance,Motor Extended Warranty Cover,Standard,Motor Insurance,Nizwa,Bancassurance,Agent-013,26250.0,19317.0,16135.0,15786.0,11089.0,4697.0,3004.0,1124.0,888.0,1190.0,1461.0,9703.0,28747.0,26250.0,26954.0
5,2025,Motor Insurance,Motor Extended Warranty Cover,Standard,Motor Insurance,Sur,Digital,Agent-005,55017.0,38564.0,31052.0,29201.0,23892.0,5309.0,5400.0,2040.0,2887.0,1171.0,4617.0,21885.0,53321.0,55017.0,53475.0
5,2025,Property Insurance,Fire & Perils,Commercial,Property Insurance,Sohar,Bancassurance,Agent-006,41754.0,29667.0,24227.0,26585.0,21861.0,4724.0,4928.0,803.0,3309.0,1535.0,8160.0,6232.0,40962.0,41754.0,40657.0
5,2025,Property Insurance,Fire & Perils,Residential,Property Insurance,Nizwa,Bancassurance,Agent-010,44121.0,32817.0,26666.0,30390.0,21316.0,9074.0,2726.0,1066.0,1494.0,2178.0,4291.0,16762.0,45733.0,44121.0,44587.0
5,2025,Property Insurance,Property All Risks,Commercial,Property Insurance,Salalah,Bancassurance,Agent-014,45843.0,42494.0,37904.0,22523.0,16719.0,5804.0,5434.0,1148.0,2232.0,1004.0,5157.0,6640.0,49103.0,45843.0,44629.0
5,2025,Property Insurance,Property All Risks,Commercial,Property Insurance,Nizwa,Digital,Agent-008,64955.0,49348.0,46477.0,23792.0,15114.0,8678.0,5629.0,2423.0,4650.0,1799.0,10546.0,10866.0,58538.0,64955.0,60324.0
5,2025,Marine Insurance,Marine Cargo,Import/Export,Marine Insurance,Salalah,Direct,Agent-013,43809.0,36887.0,37050.0,16534.0,14183.0,2352.0,4970.0,1278.0,1420.0,2090.0,5328.0,9633.0,46976.0,43809.0,46231.0
5,2025,Marine Insurance,Marine Cargo,Import/Export,Marine Insurance,Sohar,Bancassurance,Agent-014,60682.0,54021.0,47647.0,42295.0,30858.0,11437.0,3364.0,1613.0,4117.0,2126.0,9985.0,6710.0,56764.0,60682.0,61299.0
5,2025,Marine Insurance,Marine Hull,Commercial Vessels,Marine Insurance,Sur,Direct,Agent-013,48134.0,38716.0,36222.0,34422.0,28761.0,5661.0,6273.0,1062.0,3235.0,1164.0,7820.0,17543.0,51987.0,48134.0,45181.0
5,2025,Marine Insurance,Marine Hull,Commercial Vessels,Marine Insurance,Sohar,Direct,Agent-014,40075.0,32904.0,29119.0,24988.0,20773.0,4215.0,4340.0,1248.0,2616.0,1286.0,2417.0,10469.0,41866.0,40075.0,38787.0
5,2025,Medical Insurance,Group Medical,Corporate,Medical Insurance,Sur,Broker,Agent-013,30993.0,27790.0,28962.0,17905.0,12273.0,5632.0,3529.0,1444.0,1999.0,644.0,5813.0,10107.0,30384.0,30993.0,33410.0
5,2025,Medical Insurance,Individual Medical,Standard,Medical Insurance,Sur,Direct,Agent-004,49249.0,44009.0,39458.0,34358.0,31183.0,3174.0,6543.0,2027.0,3433.0,1423.0,5466.0,6625.0,52505.0,49249.0,50400.0
5,2025,Medical Insurance,Individual Medical,Standard,Medical Insurance,Nizwa,Broker,Agent-013,61508.0,50045.0,52488.0,42762.0,33530.0,9233.0,8048.0,1020.0,2157.0,2394.0,9781.0,7130.0,57830.0,61508.0,61875.0
5,2025,Engineering Insurance,Contractors All Risks,Construction Projects,Engineering Insurance,Muscat HQ,Digital,Agent-013,61421.0,47842.0,40291.0,21682.0,13932.0,7750.0,7683.0,1707.0,2453.0,2948.0,10327.0,8249.0,58583.0,61421.0,64855.0
5,2025,Engineering Insurance,Machinery Breakdown,Industrial,Engineering Insurance,Muscat HQ,Bancassurance,Agent-011,41071.0,29534.0,26113.0,26707.0,22670.0,4037.0,2062.0,742.0,2831.0,977.0,4064.0,6373.0,37879.0,41071.0,43283.0
5,2025,Liability Insurance,General Liability,Commercial,Liability Insurance,Sur,Digital,Agent-006,52039.0,44668.0,39465.0,35564.0,31268.0,4297.0,6733.0,1350.0,3701.0,2024.0,5558.0,6463.0,47531.0,52039.0,49969.0
5,2025,Liability Insurance,General Liability,Commercial,Liability Insurance,Sur,Bancassurance,Agent-006,48158.0,45061.0,44008.0,26460.0,24717.0,1743.0,5845.0,1625.0,1949.0,1316.0,8992.0,7923.0,43653.0,48158.0,46356.0
5,2025,Liability Insurance,Professional Indemnity,Corporate,Liability Insurance,Sur,Broker,Agent-013,52789.0,48685.0,46186.0,29543.0,19382.0,10161.0,4070.0,2359.0,3642.0,1764.0,9837.0,18252.0,48693.0,52789.0,53684.0
5,2025,Liability Insurance,Professional Indemnity,Corporate,Liability Insurance,Salalah,Digital,Agent-010,41711.0,31540.0,28488.0,18797.0,11995.0,6802.0,4708.0,1264.0,1575.0,1568.0,2474.0,8964.0,44151.0,41711.0,44314.0
5,2025,Travel Insurance,Individual Travel,Standard,Travel Insurance,Sur,Direct,Agent-012,63620.0,60156.0,51827.0,24022.0,21505.0,2517.0,6304.0,1518.0,2084.0,1396.0,4047.0,9867.0,69606.0,63620.0,61395.0
5,2025,Travel Insurance,Individual Travel,Standard,Travel Insurance,Salalah,Bancassurance,Agent-014,49638.0,37043.0,32265.0,33784.0,21706.0,12078.0,2746.0,2414.0,2494.0,1972.0,3428.0,8243.0,49241.0,49638.0,51029.0
5,2025,Travel Insurance,Group Travel,Corporate,Travel Insurance,Nizwa,Broker,Agent-003,37734.0,30746.0,29359.0,24250.0,15696.0,8555.0,5104.0,1116.0,2897.0,1836.0,2061.0,8126.0,37932.0,37734.0,37973.0
5,2025,Life Insurance (Group),Group Life,Corporate,Life Insurance (Group),Nizwa,Digital,Agent-011,57850.0,54910.0,44066.0,42753.0,27480.0,15272.0,5999.0,1149.0,3489.0,1221.0,4961.0,11001.0,62658.0,57850.0,58624.0
5,2025,Life Insurance (Group),Group Life,Corporate,Life Insurance (Group),Sohar,Direct,Agent-013,40890.0,28767.0,23783.0,21816.0,20277.0,1539.0,3062.0,1551.0,2917.0,1930.0,3845.0,15513.0,41773.0,40890.0,40945.0
6,2025,Motor Insurance,Motor Third Party Cover,Individual Vehicle,Motor Insurance,Sohar,Direct,Agent-003,48843.0,43951.0,44564.0,29156.0,17869.0,11288.0,3896.0,2204.0,2996.0,2281.0,5259.0,12280.0,52385.0,48843.0,50891.0
6,2025,Motor Insurance,Motor Third Party Cover,Individual Vehicle,Motor Insurance,Sur,Direct,Agent-011,40676.0,33041.0,30945.0,17561.0,13069.0,4491.0,2698.0,749.0,2942.0,1256.0,7005.0,9850.0,37184.0,40676.0,39775.0
6,2025,Motor Insurance,Motor Third Party Cover,Fleet,Motor Insurance,Sur,Direct,Agent-015,47230.0,42252.0,42906.0,31203.0,24931.0,6272.0,5735.0,1258.0,1584.0,1944.0,7474.0,7893.0,51518.0,47230.0,43848.0
6,2025,Motor Insurance,Motor Third Party Cover,Fleet,Motor Insurance,Nizwa,Digital,Agent-009,40041.0,37163.0,37409.0,25932.0,24216.0,1716.0,4621.0,1193.0,2554.0,1296.0,3953.0,4992.0,39064.0,40041.0,41984.0
6,2025,Motor Insurance,Motor Third Party Cover,Trade Plate,Motor Insurance,Salalah,Direct,Agent-001,35255.0,29753.0,25112.0,20541.0,14933.0,5608.0,5085.0,712.0,2529.0,1654.0,5654.0,5796.0,33565.0,35255.0,37912.0
6,2025,Motor Insurance,Motor Comprehensive Cover,Individual Vehicle,Motor Insurance,Sohar,Digital,Agent-012,43582.0,38640.0,32459.0,23777.0,21263.0,2514.0,3612.0,772.0,1331.0,1686.0,4100.0,15650.0,41695.0,43582.0,41153.0
6,2025,Motor Insurance,Motor Comprehensive Cover,Individual Vehicle,Motor Insurance,Nizwa,Bancassurance,Agent-007,34666.0,25669.0,23489.0,14964.0,11486.0,3478.0,4476.0,1518.0,1047.0,1098.0,6902.0,9595.0,33253.0,34666.0,34050.0
6,2025,Motor Insurance,Motor Extended Warranty Cover,Standard,Motor Insurance,Sohar,Digital,Agent-002,44530.0,36342.0,33763.0,16084.0,9957.0,6127.0,3879.0,2022.0,3097.0,1038.0,5532.0,12530.0,44363.0,44530.0,45938.0
6,2025,Motor Insurance,Motor Extended Warranty Cover,Standard,Motor Insurance,Nizwa,Direct,Agent-015,42980.0,35592.0,33477.0,17914.0,14751.0,3163.0,2340.0,1704.0,2715.0,1286.0,8525.0,14984.0,43320.0,42980.0,46354.0
6,2025,Property Insurance,Fire & Perils,Commercial,Property Insurance,Nizwa,Broker,Agent-002,36377.0,31402.0,32507.0,19891.0,12473.0,7418.0,3562.0,1510.0,1744.0,757.0,3473.0,11082.0,33365.0,36377.0,35655.0
6,2025,Property Insurance,Fire & Perils,Commercial,Property Insurance,Muscat HQ,Bancassurance,Agent-008,64407.0,56321.0,47281.0,26530.0,21420.0,5110.0,3501.0,729.0,3322.0,1994.0,8482.0,25637.0,63566.0,64407.0,65191.0
6,2025,Property Insurance,Fire & Perils,Residential,Property Insurance,Nizwa,Direct,Agent-005,38206.0,32831.0,33918.0,13383.0,12250.0,1133.0,3812.0,1309.0,2006.0,1063.0,2289.0,14654.0,39153.0,38206.0,40489.0
6,2025,Property Insurance,Fire & Perils,Residential,Property Insurance,Nizwa,Bancassurance,Agent-001,28766.0,21798.0,20152.0,20841.0,18895.0,1946.0,2862.0,689.0,1743.0,1104.0,4389.0,7499.0,26043.0,28766.0,26815.0
6,2025,Property Insurance,Property All Risks,Commercial,Property Insurance,Sur,Digital,Agent-005,56234.0,46884.0,41281.0,40127.0,28117.0,12010.0,6713.0,956.0,1983.0,1387.0,7278.0,19871.0,61849.0,56234.0,57338.0
6,2025,Property Insurance,Property All Risks,Commercial,Property Insurance,Muscat HQ,Digital,Agent-005,61292.0,54525.0,50838.0,22016.0,14767.0,7248.0,5331.0,2920.0,3795.0,2164.0,7555.0,20471.0,59130.0,61292.0,57315.0
6,2025,Marine Insurance,Marine Cargo,Import/Export,Marine Insurance,Salalah,Broker,Agent-014,53945.0,41035.0,42284.0,37157.0,35183.0,1974.0,7901.0,1218.0,2645.0,2209.0,2825.0,21479.0,48668.0,53945.0,54217.0
6,2025,Marine Insurance,Marine Cargo,Import/Export,Marine Insurance,Sur,Direct,Agent-004,47549.0,40381.0,35337.0,27881.0,24045.0,3837.0,4829.0,1958.0,1592.0,1429.0,9223.0,9369.0,48708.0,47549.0,47701.0
6,2025,Marine Insurance,Marine Hull,Commercial Vessels,Marine Insurance,Sur,Direct,Agent-005,56905.0,49311.0,46144.0,28906.0,21505.0,7401.0,8165.0,2097.0,4351.0,2798.0,7514.0,16102.0,58685.0,56905.0,59993.0
6,2025,Medical Insurance,Group Medical,Corporate,Medical Insurance,Salalah,Direct,Agent-005,39797.0,36513.0,33087.0,21486.0,18072.0,3414.0,5080.0,523.0,2004.0,1715.0,7913.0,4119.0,37925.0,39797.0,39573.0
6,2025,Medical Insurance,Group Medical,Corporate,Medical Insurance,Sohar,Broker,Agent-005,52373.0,42109.0,37581.0,38978.0,29902.0,9077.0,6798.0,1125.0,3745.0,2342.0,4722.0,15542.0,54280.0,52373.0,51892.0
6,2025,Medical Insurance,Individual Medical,Standard,Medical Insurance,Sohar,Broker,Agent-005,66408.0,49452.0,41388.0,27020.0,25651.0,1369.0,4382.0,1169.0,4299.0,2841.0,8570.0,26218.0,60284.0,66408.0,67691.0
6,2025,Engineering Insurance,Contractors All Risks,Construction Projects,Engineering Insurance,Sur,Direct,Agent-004,40615.0,30932.0,25429.0,15955.0,14584.0,1371.0,3047.0,1880.0,1462.0,2011.0,7108.0,5478.0,37252.0,40615.0,42587.0
6,2025,Engineering Insurance,Contractors All Risks,Construction Projects,Engineering Insurance,Nizwa,Broker,Agent-008,56503.0,52372.0,51949.0,39889.0,31750.0,8139.0,7230.0,1343.0,3913.0,2282.0,7697.0,22471.0,56161.0,56503.0,57581.0
6,2025,Engineering Insurance,Machinery Breakdown,Industrial,Engineering Insurance,Sur,Digital,Agent-010,23733.0,18940.0,18369.0,13690.0,12478.0,1213.0,2985.0,314.0,1134.0,982.0,1761.0,5958.0,22868.0,23733.0,22080.0
6,2025,Liability Insurance,General Liability,Commercial,Liability Insurance,Sohar,Bancassurance,Agent-015,65151.0,61706.0,59096.0,47979.0,29502.0,18477.0,4388.0,2416.0,4910.0,1647.0,6356.0,18011.0,71661.0,65151.0,68274.0
6,2025,Liability Insurance,General Liability,Commercial,Liability Insurance,Sur,Bancassurance,Agent-002,46504.0,33996.0,33227.0,27465.0,21144.0,6320.0,3604.0,1924.0,3303.0,1438.0,8797.0,9809.0,42854.0,46504.0,44023.0
6,2025,Liability Insurance,Professional Indemnity,Corporate,Liability Insurance,Nizwa,Broker,Agent-006,37439.0,31350.0,32082.0,27395.0,20728.0,6666.0,2206.0,721.0,2354.0,1205.0,5719.0,11232.0,38228.0,37439.0,35389.0
6,2025,Liability Insurance,Professional Indemnity,Corporate,Liability Insurance,Nizwa,Broker,Agent-014,40823.0,35539.0,34161.0,25264.0,19608.0,5656.0,2203.0,737.0,1511.0,895.0,3997.0,13730.0,37681.0,40823.0,38285.0
6,2025,Travel Insurance,Individual Travel,Standard,Travel Insurance,Sur,Broker,Agent-015,42813.0,32929.0,34545.0,20747.0,13982.0,6765.0,4263.0,821.0,2482.0,1371.0,7900.0,16199.0,44638.0,42813.0,40866.0
6,2025,Travel Insurance,Group Travel,Corporate,Travel Insurance,Sur,Bancassurance,Agent-014,46051.0,39862.0,35111.0,24978.0,17810.0,7167.0,3982.0,1703.0,2753.0,1258.0,2604.0,16431.0,45980.0,46051.0,46925.0
6,2025,Travel Insurance,Group Travel,Corporate,Travel Insurance,Nizwa,Digital,Agent-012,48600.0,40499.0,37483.0,18873.0,16251.0,2622.0,3576.0,592.0,3410.0,2233.0,4185.0,14885.0,43789.0,48600.0,50320.0
6,2025,Life Insurance (Group),Group Life,Corporate,Life Insurance (Group),Salalah,Bancassurance,Agent-002,36436.0,33164.0,26851.0,15480.0,11521.0,3959.0,3995.0,372.0,2141.0,1142.0,5265.0,13557.0,36005.0,36436.0,36754.0
6,2025,Life Insurance (Group),Group Life,Corporate,Life Insurance (Group),Nizwa,Digital,Agent-008,50549.0,46571.0,46705.0,36853.0,28148.0,8704.0,5825.0,846.0,3985.0,1891.0,4512.0,17268.0,51424.0,50549.0,54186.0
7,2025,Motor Insurance,Motor Third Party Cover,Individual Vehicle,Motor Insurance,Salalah,Bancassurance,Agent-003,42312.0,37629.0,31091.0,15724.0,14848.0,876.0,5993.0,2041.0,1401.0,1188.0,7838.0,5367.0,41901.0,42312.0,41238.0
7,2025,Motor Insurance,Motor Third Party Cover,Individual Vehicle,Motor Insurance,Salalah,Bancassurance,Agent-002,52523.0,38242.0,37585.0,31374.0,25420.0,5953.0,4926.0,1143.0,1747.0,2543.0,5908.0,13066.0,51218.0,52523.0,56623.0
7,2025,Motor Insurance,Motor Third Party Cover,Fleet,Motor Insurance,Nizwa,Direct,Agent-003,58184.0,52269.0,54847.0,37687.0,34021.0,3666.0,5834.0,1451.0,3617.0,2472.0,4895.0,14605.0,53690.0,58184.0,55544.0
7,2025,Motor Insurance,Motor Third Party Cover,Trade Plate,Motor Insurance,Sur,Direct,Agent-009,16057.0,13904.0,14287.0,10636.0,9456.0,1180.0,1222.0,393.0,1070.0,696.0,2706.0,5171.0,15195.0,16057.0,15515.0
7,2025,Motor Insurance,Motor Comprehensive Cover,Individual Vehicle,Motor Insurance,Nizwa,Bancassurance,Agent-008,60537.0,56368.0,57337.0,27517.0,25031.0,2486.0,4843.0,1673.0,4393.0,1799.0,5667.0,18197.0,66587.0,60537.0,56964.0
7,2025,Motor Insurance,Motor Comprehensive Cover,Individual Vehicle,Motor Insurance,Nizwa,Broker,Agent-009,48722.0,43239.0,40589.0,32601.0,28048.0,4553.0,7236.0,2068.0,1624.0,2114.0,7184.0,6185.0,49750.0,48722.0,50677.0
7,2025,Motor Insurance,Motor Extended Warranty Cover,Standard,Motor Insurance,Sohar,Broker,Agent-004,50599.0,46500.0,39164.0,33325.0,29071.0,4255.0,4797.0,1598.0,1906.0,1308.0,6565.0,8470.0,53700.0,50599.0,51540.0
7,2025,Motor Insurance,Motor Extended Warranty Cover,Standard,Motor Insurance,Sur,Broker,Agent-001,39613.0,34857.0,28703.0,28609.0,21665.0,6944.0,3928.0,1299.0,1908.0,1654.0,2067.0,5889.0,37148.0,39613.0,40471.0
7,2025,Property Insurance,Fire & Perils,Commercial,Property Insurance,Sur,Digital,Agent-004,36595.0,26317.0,21996.0,17932.0,11479.0,6453.0,4605.0,1104.0,1849.0,1528.0,3438.0,13228.0,37722.0,36595.0,35696.0
7,2025,Property Insurance,Fire & Perils,Residential,Property Insurance,Sur,Digital,Agent-003,43335.0,40050.0,41832.0,24455.0,20921.0,3534.0,4647.0,592.0,3364.0,1460.0,7978.0,12857.0,39913.0,43335.0,42760.0
7,2025,Property Insurance,Fire & Perils,Residential,Property Insurance,Sur,Direct,Agent-012,57696.0,40820.0,42516.0,30577.0,23588.0,6989.0,4612.0,775.0,3428.0,1751.0,8286.0,15389.0,54429.0,57696.0,57342.0
7,2025,Property Insurance,Property All Risks,Commercial,Property Insurance,Sur,Digital,Agent-013,43245.0,33179.0,30948.0,23372.0,21714.0,1658.0,5811.0,1733.0,2409.0,1421.0,2399.0,14984.0,42646.0,43245.0,42006.0
7,2025,Property Insurance,Property All Risks,Commercial,Property Insurance,Nizwa,Bancassurance,Agent-001,7594.0,35328.0,29259.0,28016.0,21148.0,6868.0,5493.0,1769.0,1910.0,1671.0,2410.0,4739.0,36877.0,7594.0,38638.0
7,2025,Marine Insurance,Marine Cargo,Import/Export,Marine Insurance,Nizwa,Direct,Agent-003,53893.0,40857.0,38079.0,22558.0,15613.0,6945.0,7669.0,2690.0,2270.0,1421.0,5798.0,12598.0,49465.0,53893.0,50855.0
7,2025,Marine Insurance,Marine Cargo,Import/Export,Marine Insurance,Sohar,Digital,Agent-011,8942.0,37291.0,33866.0,30509.0,20078.0,10431.0,6203.0,535.0,3405.0,1080.0,7682.0,4713.0,47526.0,8942.0,45310.0
7,2025,Marine Insurance,Marine Hull,Commercial Vessels,Marine Insurance,Salalah,Bancassurance,Agent-015,41480.0,32479.0,32147.0,28674.0,21864.0,6810.0,5218.0,1936.0,2674.0,1230.0,4957.0,7010.0,41135.0,41480.0,39793.0
7,2025,Medical Insurance,Group Medical,Corporate,Medical Insurance,Salalah,Bancassurance,Agent-007,38812.0,27182.0,27109.0,22003.0,20376.0,1627.0,4026.0,721.0,2520.0,1592.0,2322.0,11958.0,36580.0,38812.0,37287.0
7,2025,Medical Insurance,Group Medical,Corporate,Medical Insurance,Nizwa,Broker,Agent-002,21037.0,18894.0,18714.0,10811.0,6745.0,4066.0,1641.0,350.0,1640.0,937.0,1299.0,5344.0,20056.0,21037.0,19462.0
7,2025,Medical Insurance,Individual Medical,Standard,Medical Insurance,Salalah,Broker,Agent-015,31079.0,24932.0,22866.0,17345.0,12653.0,4692.0,3103.0,830.0,2431.0,685.0,4286.0,4913.0,30305.0,31079.0,31310.0
7,2025,Medical Insurance,Individual Medical,Standard,Medical Insurance,Sohar,Broker,Agent-007,58311.0,44564.0,44470.0,25577.0,19892.0,5685.0,7853.0,1525.0,3373.0,1375.0,3405.0,23084.0,54566.0,58311.0,56777.0
7,2025,Engineering Insurance,Contractors All Risks,Construction Projects,Engineering Insurance,Sur,Broker,Agent-005,32034.0,26375.0,23993.0,21439.0,15203.0,6236.0,4614.0,683.0,1492.0,1553.0,5640.0,6249.0,31363.0,32034.0,33788.0
7,2025,Engineering Insurance,Machinery Breakdown,Industrial,Engineering Insurance,Muscat HQ,Broker,Agent-010,86094.0,28967.0,26721.0,25306.0,16215.0,9091.0,4408.0,519.0,2295.0,1250.0,3089.0,9057.0,37051.0,86094.0,34284.0
7,2025,Engineering Insurance,Machinery Breakdown,Industrial,Engineering Insurance,Salalah,Broker,Agent-013,56420.0,45161.0,38870.0,35905.0,25365.0,10540.0,3239.0,1489.0,3214.0,2763.0,7833.0,9168.0,60168.0,56420.0,54538.0
7,2025,Liability Insurance,General Liability,Commercial,Liability Insurance,Sur,Digital,Agent-013,44025.0,40327.0,32658.0,30375.0,25893.0,4482.0,3673.0,1303.0,2729.0,2127.0,7353.0,10062.0,45305.0,44025.0,41812.0
7,2025,Liability Insurance,General Liability,Commercial,Liability Insurance,Nizwa,Bancassurance,Agent-004,46691.0,38635.0,34580.0,30210.0,19117.0,11093.0,6904.0,2238.0,3456.0,2172.0,5914.0,11644.0,49680.0,46691.0,45072.0
7,2025,Liability Insurance,Professional Indemnity,Corporate,Liability Insurance,Sur,Broker,Agent-011,54835.0,49944.0,46113.0,32538.0,30077.0,2461.0,5035.0,1032.0,1895.0,2067.0,7768.0,15694.0,49759.0,54835.0,50689.0
7,2025,Liability Insurance,Professional Indemnity,Corporate,Liability Insurance,Nizwa,Digital,Agent-009,33321.0,23947.0,20126.0,22418.0,19124.0,3294.0,3794.0,1187.0,2431.0,1000.0,3277.0,7585.0,36585.0,33321.0,33614.0
7,2025,Travel Insurance,Individual Travel,Standard,Travel Insurance,Sur,Digital,Agent-006,49501.0,42587.0,44589.0,20384.0,15455.0,4929.0,6958.0,1932.0,3004.0,1372.0,3865.0,10507.0,47076.0,49501.0,51944.0
7,2025,Travel Insurance,Group Travel,Corporate,Travel Insurance,Sur,Direct,Agent-006,48366.0,43149.0,36283.0,19745.0,14494.0,5251.0,3320.0,636.0,2207.0,2238.0,2828.0,13051.0,48975.0,48366.0,48604.0
7,2025,Life Insurance (Group),Group Life,Corporate,Life Insurance (Group),Salalah,Digital,Agent-014,47786.0,45018.0,40606.0,25753.0,24304.0,1449.0,6112.0,1950.0,2640.0,2243.0,6555.0,14193.0,50534.0,47786.0,47072.0
8,2025,Motor Insurance,Motor Third Party Cover,Individual Vehicle,Motor Insurance,Muscat HQ,Broker,Agent-003,62652.0,55994.0,49305.0,36391.0,22939.0,13452.0,8191.0,3030.0,2175.0,2628.0,11223.0,8323.0,59479.0,62652.0,61568.0
8,2025,Motor Insurance,Motor Third Party Cover,Individual Vehicle,Motor Insurance,Muscat HQ,Digital,Agent-010,45205.0,36926.0,29903.0,27232.0,16580.0,10651.0,5790.0,1779.0,3312.0,1118.0,6346.0,15113.0,45348.0,45205.0,42535.0
8,2025,Motor Insurance,Motor Third Party Cover,Fleet,Motor Insurance,Sohar,Digital,Agent-014,38915.0,35353.0,34679.0,28912.0,24376.0,4536.0,2305.0,510.0,2755.0,1199.0,7341.0,5272.0,36571.0,38915.0,40616.0
8,2025,Motor Insurance,Motor Third Party Cover,Fleet,Motor Insurance,Nizwa,Broker,Agent-004,55643.0,44261.0,42562.0,39925.0,27295.0,12630.0,6123.0,876.0,3748.0,1326.0,11129.0,7105.0,57706.0,55643.0,58110.0
8,2025,Motor Insurance,Motor Third Party Cover,Trade Plate,Motor Insurance,Nizwa,Bancassurance,Agent-002,45651.0,40179.0,37972.0,19164.0,17697.0,1467.0,3043.0,1489.0,3469.0,2163.0,3432.0,7833.0,46581.0,45651.0,44462.0
8,2025,Motor Insurance,Motor Third Party Cover,Trade Plate,Motor Insurance,Salalah,Bancassurance,Agent-009,49685.0,43364.0,43203.0,24735.0,15750.0,8985.0,4240.0,1750.0,3378.0,2305.0,9653.0,12859.0,53463.0,49685.0,47794.0
8,2025,Motor Insurance,Motor Comprehensive Cover,Individual Vehicle,Motor Insurance,Nizwa,Digital,Agent-004,49715.0,38347.0,39170.0,35128.0,32736.0,2393.0,4761.0,2461.0,3443.0,1968.0,5709.0,17536.0,52341.0,49715.0,50395.0
8,2025,Motor Insurance,Motor Comprehensive Cover,Individual Vehicle,Motor Insurance,Muscat HQ,Digital,Agent-010,43960.0,34301.0,31367.0,21346.0,15307.0,6039.0,3855.0,539.0,1406.0,1835.0,4248.0,4676.0,40280.0,43960.0,41821.0
8,2025,Motor Insurance,Motor Extended Warranty Cover,Standard,Motor Insurance,Sohar,Direct,Agent-012,40827.0,34016.0,28172.0,25751.0,24190.0,1562.0,2575.0,657.0,2508.0,1003.0,2813.0,12295.0,41796.0,40827.0,38983.0
8,2025,Motor Insurance,Motor Extended Warranty Cover,Standard,Motor Insurance,Salalah,Broker,Agent-010,65892.0,56237.0,53426.0,41150.0,34001.0,7149.0,9055.0,2158.0,3299.0,2832.0,5857.0,21604.0,62992.0,65892.0,65685.0
8,2025,Property Insurance,Fire & Perils,Commercial,Property Insurance,Muscat HQ,Broker,Agent-008,63414.0,57261.0,60078.0,34036.0,21445.0,12591.0,5493.0,1877.0,2135.0,2912.0,8296.0,14258.0,62110.0,63414.0,58628.0
8,2025,Property Insurance,Fire & Perils,Residential,Property Insurance,Salalah,Broker,Agent-001,51179.0,41084.0,38740.0,36031.0,26207.0,9823.0,4595.0,2284.0,2452.0,1698.0,8707.0,14205.0,55620.0,51179.0,50939.0
8,2025,Property Insurance,Property All Risks,Commercial,Property Insurance,Muscat HQ,Bancassurance,Agent-007,36323.0,27125.0,24776.0,16829.0,10220.0,6609.0,3542.0,1302.0,1704.0,1573.0,2612.0,4627.0,39482.0,36323.0,38774.0
8,2025,Marine Insurance,Marine Cargo,Import/Export,Marine Insurance,Sur,Broker,Agent-009,47053.0,34315.0,28437.0,18937.0,16537.0,2400.0,5185.0,1035.0,1793.0,1115.0,7585.0,17210.0,47345.0,47053.0,49106.0
8,2025,Marine Insurance,Marine Cargo,Import/Export,Marine Insurance,Muscat HQ,Broker,Agent-006,37131.0,26805.0,24710.0,25572.0,15807.0,9765.0,3628.0,1668.0,2581.0,1292.0,2811.0,13165.0,34555.0,37131.0,35805.0
8,2025,Marine Insurance,Marine Hull,Commercial Vessels,Marine Insurance,Sur,Direct,Agent-002,30600.0,24949.0,26014.0,18003.0,14610.0,3393.0,2066.0,539.0,1800.0,1274.0,2470.0,7503.0,29720.0,30600.0,30300.0
8,2025,Marine Insurance,Marine Hull,Commercial Vessels,Marine Insurance,Salalah,Broker,Agent-008,55690.0,50194.0,41431.0,21448.0,16569.0,4879.0,4329.0,2391.0,3024.0,2538.0,3688.0,21776.0,58665.0,55690.0,57756.0
8,2025,Medical Insurance,Group Medical,Corporate,Medical Insurance,Muscat HQ,Broker,Agent-004,32348.0,29237.0,29672.0,17643.0,15108.0,2535.0,2416.0,622.0,1919.0,1056.0,2399.0,10623.0,32556.0,32348.0,32454.0
8,2025,Medical Insurance,Group Medical,Corporate,Medical Insurance,Sohar,Digital,Agent-005,28905.0,26390.0,22281.0,19509.0,17087.0,2422.0,3801.0,962.0,1376.0,1247.0,3526.0,4814.0,28341.0,28905.0,28710.0
8,2025,Medical Insurance,Individual Medical,Standard,Medical Insurance,Nizwa,Direct,Agent-010,52204.0,49103.0,42252.0,18504.0,16606.0,1898.0,7593.0,1946.0,2630.0,1896.0,9125.0,19086.0,48054.0,52204.0,55278.0
8,2025,Engineering Insurance,Contractors All Risks,Construction Projects,Engineering Insurance,Sur,Digital,Agent-009,47889.0,44878.0,40688.0,30469.0,18300.0,12169.0,6193.0,1402.0,3648.0,1706.0,8061.0,13832.0,48085.0,47889.0,51323.0
8,2025,Engineering Insurance,Machinery Breakdown,Industrial,Engineering Insurance,Sohar,Digital,Agent-013,47776.0,44332.0,45432.0,25991.0,19889.0,6102.0,6261.0,1118.0,3672.0,1315.0,2922.0,15841.0,46865.0,47776.0,46673.0
8,2025,Liability Insurance,General Liability,Commercial,Liability Insurance,Muscat HQ,Digital,Agent-014,29500.0,23184.0,20946.0,12824.0,9626.0,3198.0,1658.0,296.0,1553.0,1250.0,3409.0,7534.0,29179.0,29500.0,29626.0
8,2025,Liability Insurance,General Liability,Commercial,Liability Insurance,Sur,Direct,Agent-009,40909.0,33319.0,33577.0,29731.0,23488.0,6242.0,4062.0,1660.0,3256.0,1341.0,3059.0,14330.0,42630.0,40909.0,38586.0
8,2025,Liability Insurance,Professional Indemnity,Corporate,Liability Insurance,Nizwa,Direct,Agent-004,43056.0,31815.0,27176.0,27885.0,17864.0,10021.0,4298.0,1371.0,2022.0,1890.0,2511.0,14348.0,44313.0,43056.0,43106.0
8,2025,Liability Insurance,Professional Indemnity,Corporate,Liability Insurance,Muscat HQ,Digital,Agent-010,38728.0,28927.0,30305.0,14062.0,11160.0,2902.0,2587.0,1019.0,1448.0,1000.0,2291.0,3966.0,40426.0,38728.0,38439.0
8,2025,Travel Insurance,Individual Travel,Standard,Travel Insurance,Muscat HQ,Bancassurance,Agent-004,9487.0,38406.0,35423.0,27416.0,24677.0,2739.0,5170.0,2331.0,3147.0,2355.0,6290.0,14398.0,49691.0,9487.0,49368.0
8,2025,Travel Insurance,Individual Travel,Standard,Travel Insurance,Sur,Direct,Agent-009,41561.0,38499.0,37754.0,16928.0,12683.0,4245.0,3088.0,1795.0,3154.0,1036.0,4675.0,16036.0,42866.0,41561.0,44008.0
8,2025,Travel Insurance,Group Travel,Corporate,Travel Insurance,Sohar,Bancassurance,Agent-006,42177.0,38380.0,37947.0,19906.0,15418.0,4488.0,5480.0,1999.0,2008.0,1843.0,3339.0,15650.0,43748.0,42177.0,39834.0
8,2025,Travel Insurance,Group Travel,Corporate,Travel Insurance,Nizwa,Direct,Agent-012,28258.0,25007.0,25173.0,13814.0,9294.0,4520.0,3922.0,984.0,1498.0,1311.0,1989.0,9697.0,28206.0,28258.0,26189.0
8,2025,Life Insurance (Group),Group Life,Corporate,Life Insurance (Group),Salalah,Direct,Agent-010,40161.0,37504.0,37509.0,16099.0,10710.0,5390.0,5036.0,1870.0,1637.0,1358.0,2941.0,9775.0,41306.0,40161.0,37068.0
9,2025,Motor Insurance,Motor Third Party Cover,Individual Vehicle,Motor Insurance,Sohar,Direct,Agent-004,46635.0,34216.0,27812.0,25571.0,20113.0,5458.0,3575.0,2260.0,1991.0,1311.0,8005.0,17574.0,46972.0,46635.0,43046.0
9,2025,Motor Insurance,Motor Third Party Cover,Fleet,Motor Insurance,Sohar,Bancassurance,Agent-008,56094.0,44769.0,41829.0,36682.0,25170.0,11513.0,3904.0,2369.0,1787.0,1375.0,2909.0,14955.0,57217.0,56094.0,56372.0
9,2025,Motor Insurance,Motor Third Party Cover,Fleet,Motor Insurance,Nizwa,Direct,Agent-006,57430.0,52064.0,54417.0,32520.0,23773.0,8747.0,7419.0,1018.0,2644.0,2768.0,4476.0,7675.0,57962.0,57430.0,58233.0
9,2025,Motor Insurance,Motor Third Party Cover,Trade Plate,Motor Insurance,Sur,Digital,Agent-004,38418.0,35998.0,30850.0,13712.0,10953.0,2760.0,2700.0,1350.0,1593.0,1262.0,2955.0,8784.0,35625.0,38418.0,37422.0
9,2025,Motor Insurance,Motor Third Party Cover,Trade Plate,Motor Insurance,Nizwa,Digital,Agent-001,36514.0,26317.0,21223.0,16091.0,12359.0,3732.0,3286.0,1784.0,2542.0,816.0,2696.0,3943.0,33872.0,36514.0,36686.0
9,2025,Motor Insurance,Motor Comprehensive Cover,Individual Vehicle,Motor Insurance,Muscat HQ,Bancassurance,Agent-011,36031.0,25396.0,26473.0,18099.0,12992.0,5107.0,3512.0,1107.0,1838.0,1246.0,3638.0,7084.0,32625.0,36031.0,37022.0
9,2025,Motor Insurance,Motor Comprehensive Cover,Individual Vehicle,Motor Insurance,Muscat HQ,Direct,Agent-014,84576.0,27682.0,28248.0,17848.0,13692.0,4156.0,3833.0,630.0,1383.0,1194.0,2040.0,5785.0,35815.0,84576.0,33634.0
9,2025,Motor Insurance,Motor Extended Warranty Cover,Standard,Motor Insurance,Sur,Broker,Agent-007,42019.0,31356.0,27971.0,19841.0,17357.0,2484.0,4358.0,1731.0,2018.0,1936.0,4806.0,9463.0,41928.0,42019.0,42637.0
9,2025,Property Insurance,Fire & Perils,Commercial,Property Insurance,Sur,Digital,Agent-014,41734.0,32600.0,28485.0,14960.0,13422.0,1538.0,2417.0,975.0,1775.0,1767.0,7925.0,14399.0,40231.0,41734.0,41438.0
9,2025,Property Insurance,Fire & Perils,Commercial,Property Insurance,Nizwa,Direct,Agent-010,54955.0,51547.0,51723.0,34876.0,30373.0,4503.0,4613.0,1200.0,2697.0,1399.0,8900.0,13327.0,59195.0,54955.0,58282.0
9,2025,Property Insurance,Fire & Perils,Residential,Property Insurance,Salalah,Broker,Agent-012,68106.0,59413.0,58486.0,43488.0,33250.0,10238.0,9148.0,2332.0,5427.0,3028.0,10784.0,9330.0,72636.0,68106.0,65987.0
9,2025,Property Insurance,Property All Risks,Commercial,Property Insurance,Nizwa,Direct,Agent-003,23716.0,17783.0,17799.0,14488.0,13474.0,1014.0,3133.0,619.0,1644.0,884.0,2204.0,9309.0,25748.0,23716.0,22244.0
9,2025,Marine Insurance,Marine Cargo,Import/Export,Marine Insurance,Nizwa,Digital,Agent-014,68498.0,50801.0,51020.0,38106.0,23658.0,14448.0,8894.0,2845.0,3706.0,2872.0,3837.0,13387.0,70871.0,68498.0,65545.0
9,2025,Marine Insurance,Marine Cargo,Import/Export,Marine Insurance,Sur,Direct,Agent-003,54045.0,45624.0,46616.0,37574.0,23705.0,13868.0,5218.0,953.0,1846.0,1555.0,7653.0,18284.0,58504.0,54045.0,53379.0
9,2025,Marine Insurance,Marine Hull,Commercial Vessels,Marine Insurance,Muscat HQ,Direct,Agent-011,60308.0,56929.0,47359.0,39360.0,27994.0,11367.0,6255.0,2708.0,4632.0,1641.0,11259.0,10591.0,63984.0,60308.0,55630.0
9,2025,Marine Insurance,Marine Hull,Commercial Vessels,Marine Insurance,Muscat HQ,Broker,Agent-003,60762.0,55310.0,48381.0,42002.0,29959.0,12043.0,4459.0,611.0,2539.0,1431.0,9190.0,8715.0,61800.0,60762.0,57130.0
9,2025,Medical Insurance,Group Medical,Corporate,Medical Insurance,Salalah,Digital,Agent-003,44315.0,41423.0,43407.0,21843.0,20341.0,1503.0,4929.0,2050.0,1391.0,930.0,2711.0,15126.0,41106.0,44315.0,42022.0
9,2025,Medical Insurance,Individual Medical,Standard,Medical Insurance,Muscat HQ,Bancassurance,Agent-005,26572.0,19848.0,20414.0,9894.0,6916.0,2978.0,2534.0,506.0,1679.0,1073.0,2173.0,2726.0,24310.0,26572.0,24448.0
9,2025,Medical Insurance,Individual Medical,Standard,Medical Insurance,Muscat HQ,Direct,Agent-003,35199.0,31834.0,31922.0,25377.0,16641.0,8736.0,3598.0,523.0,2456.0,1140.0,5434.0,3840.0,37156.0,35199.0,33676.0
9,2025,Engineering Insurance,Contractors All Risks,Construction Projects,Engineering Insurance,Nizwa,Broker,Agent-001,43454.0,37625.0,37429.0,21922.0,15028.0,6894.0,3670.0,950.0,2679.0,927.0,2443.0,8097.0,41515.0,43454.0,41208.0
9,2025,Engineering Insurance,Machinery Breakdown,Industrial,Engineering Insurance,Sur,Bancassurance,Agent-013,46661.0,37363.0,37914.0,27869.0,22283.0,5585.0,3794.0,1704.0,1726.0,1668.0,3146.0,10897.0,47746.0,46661.0,44089.0
9,2025,Liability Insurance,General Liability,Commercial,Liability Insurance,Salalah,Direct,Agent-008,38691.0,30282.0,31305.0,24279.0,19457.0,4822.0,5186.0,1409.0,2730.0,1537.0,6950.0,11112.0,36871.0,38691.0,35850.0
9,2025,Liability Insurance,General Liability,Commercial,Liability Insurance,Sur,Digital,Agent-015,28706.0,25544.0,25388.0,17669.0,16189.0,1480.0,3547.0,584.0,1578.0,922.0,2147.0,4786.0,27473.0,28706.0,27207.0
9,2025,Liability Insurance,Professional Indemnity,Corporate,Liability Insurance,Sur,Bancassurance,Agent-009,28541.0,20438.0,21367.0,18721.0,17173.0,1547.0,2928.0,1010.0,1371.0,941.0,4641.0,3282.0,25896.0,28541.0,30253.0
9,2025,Travel Insurance,Individual Travel,Standard,Travel Insurance,Muscat HQ,Digital,Agent-015,65863.0,50937.0,46994.0,44830.0,40636.0,4194.0,4756.0,1548.0,4732.0,1494.0,4448.0,16062.0,69685.0,65863.0,64134.0
9,2025,Travel Insurance,Group Travel,Corporate,Travel Insurance,Sur,Direct,Agent-006,48253.0,42003.0,43406.0,29316.0,25679.0,3637.0,4649.0,923.0,3456.0,1956.0,4508.0,13848.0,51307.0,48253.0,46480.0
9,2025,Travel Insurance,Group Travel,Corporate,Travel Insurance,Nizwa,Digital,Agent-007,61511.0,56380.0,57447.0,38268.0,29138.0,9130.0,7241.0,1405.0,3545.0,2226.0,8092.0,13754.0,59700.0,61511.0,59841.0
9,2025,Life Insurance (Group),Group Life,Corporate,Life Insurance (Group),Muscat HQ,Digital,Agent-005,49039.0,35181.0,35510.0,21896.0,19676.0,2220.0,5984.0,2297.0,3605.0,2012.0,3568.0,12981.0,47468.0,49039.0,52065.0
9,2025,Life Insurance (Group),Group Life,Corporate,Life Insurance (Group),Salalah,Direct,Agent-013,49461.0,38806.0,37624.0,29457.0,22942.0,6515.0,6818.0,981.0,3456.0,2012.0,4560.0,11203.0,45198.0,49461.0,50234.0
10,2025,Motor Insurance,Motor Third Party Cover,Individual Vehicle,Motor Insurance,Sohar,Bancassurance,Agent-013,36302.0,27964.0,24307.0,21980.0,16344.0,5636.0,4881.0,986.0,2206.0,1159.0,3209.0,8763.0,37903.0,36302.0,38932.0
10,2025,Motor Insurance,Motor Third Party Cover,Fleet,Motor Insurance,Nizwa,Bancassurance,Agent-015,37083.0,33645.0,29237.0,25957.0,20594.0,5362.0,2418.0,1467.0,1404.0,1543.0,6350.0,10111.0,35385.0,37083.0,36711.0
10,2025,Motor Insurance,Motor Third Party Cover,Fleet,Motor Insurance,Nizwa,Broker,Agent-001,46243.0,41135.0,40841.0,29065.0,20208.0,8858.0,4483.0,1263.0,3276.0,2046.0,8320.0,7831.0,48541.0,46243.0,48984.0
10,2025,Motor Insurance,Motor Third Party Cover,Trade Plate,Motor Insurance,Muscat HQ,Bancassurance,Agent-007,55711.0,44871.0,38084.0,31272.0,27361.0,3911.0,7553.0,2232.0,4138.0,2124.0,9781.0,12544.0,59639.0,55711.0,59239.0
10,2025,Motor Insurance,Motor Comprehensive Cover,Individual Vehicle,Motor Insurance,Salalah,Digital,Agent-004,66853.0,49009.0,39785.0,34480.0,21203.0,13277.0,9230.0,2407.0,4826.0,2228.0,5588.0,12507.0,71596.0,66853.0,62808.0
10,2025,Motor Insurance,Motor Extended Warranty Cover,Standard,Motor Insurance,Salalah,Direct,Agent-013,44679.0,36627.0,30477.0,31001.0,19661.0,11340.0,3353.0,473.0,3558.0,1753.0,6547.0,11423.0,47968.0,44679.0,42136.0
10,2025,Property Insurance,Fire & Perils,Commercial,Property Insurance,Muscat HQ,Digital,Agent-010,43967.0,36791.0,30263.0,20355.0,15089.0,5266.0,2890.0,1678.0,2407.0,1723.0,5326.0,9838.0,43900.0,43967.0,46778.0
10,2025,Property Insurance,Fire & Perils,Commercial,Property Insurance,Sur,Bancassurance,Agent-014,41263.0,35291.0,30227.0,16455.0,13276.0,3179.0,5065.0,1681.0,2669.0,830.0,6853.0,11611.0,45292.0,41263.0,43010.0
10,2025,Property Insurance,Fire & Perils,Residential,Property Insurance,Nizwa,Digital,Agent-011,27267.0,22724.0,19340.0,10501.0,8995.0,1506.0,2411.0,1097.0,1484.0,1208.0,4388.0,8977.0,26881.0,27267.0,29279.0
10,2025,Property Insurance,Fire & Perils,Residential,Property Insurance,Sohar,Bancassurance,Agent-004,60869.0,52179.0,47862.0,27734.0,20353.0,7380.0,4017.0,3012.0,3784.0,1534.0,10024.0,17078.0,63578.0,60869.0,61692.0
10,2025,Property Insurance,Property All Risks,Commercial,Property Insurance,Nizwa,Digital,Agent-011,44605.0,39630.0,31855.0,29977.0,22594.0,7384.0,5324.0,932.0,3054.0,2207.0,3927.0,14954.0,45542.0,44605.0,42986.0
10,2025,Marine Insurance,Marine Cargo,Import/Export,Marine Insurance,Salalah,Broker,Agent-008,53013.0,48692.0,46123.0,34638.0,28096.0,6542.0,5389.0,2163.0,1676.0,1556.0,7640.0,20314.0,51886.0,53013.0,57045.0
10,2025,Marine Insurance,Marine Cargo,Import/Export,Marine Insurance,Salalah,Broker,Agent-007,50738.0,37158.0,35441.0,18821.0,14119.0,4702.0,3743.0,2448.0,2444.0,1759.0,5395.0,7162.0,49242.0,50738.0,53002.0
10,2025,Marine Insurance,Marine Hull,Commercial Vessels,Marine Insurance,Muscat HQ,Direct,Agent-005,45348.0,41115.0,33504.0,31658.0,29494.0,2164.0,5982.0,489.0,2554.0,2034.0,5975.0,9431.0,45082.0,45348.0,42305.0
10,2025,Marine Insurance,Marine Hull,Commercial Vessels,Marine Insurance,Nizwa,Bancassurance,Agent-008,42971.0,32135.0,25848.0,30890.0,24548.0,6341.0,4929.0,1769.0,2635.0,1392.0,6194.0,7552.0,43498.0,42971.0,40947.0
10,2025,Medical Insurance,Group Medical,Corporate,Medical Insurance,Sur,Broker,Agent-014,106045.0,30650.0,27846.0,29539.0,25662.0,3877.0,5105.0,1223.0,2220.0,863.0,5939.0,11584.0,38221.0,106045.0,39955.0
10,2025,Medical Insurance,Group Medical,Corporate,Medical Insurance,Muscat HQ,Direct,Agent-013,49578.0,40610.0,36925.0,21307.0,16688.0,4618.0,6515.0,1073.0,2262.0,1799.0,4217.0,9982.0,49107.0,49578.0,48676.0
10,2025,Medical Insurance,Individual Medical,Standard,Medical Insurance,Sohar,Broker,Agent-001,37878.0,35576.0,32935.0,28303.0,24538.0,3765.0,2895.0,726.0,1438.0,1674.0,3637.0,11467.0,38182.0,37878.0,39854.0
10,2025,Engineering Insurance,Contractors All Risks,Construction Projects,Engineering Insurance,Salalah,Bancassurance,Agent-003,42530.0,38316.0,37492.0,24232.0,21395.0,2837.0,3976.0,520.0,3127.0,1522.0,7284.0,9256.0,43284.0,42530.0,41381.0
10,2025,Engineering Insurance,Machinery Breakdown,Industrial,Engineering Insurance,Nizwa,Broker,Agent-003,49563.0,38433.0,34149.0,25914.0,20774.0,5140.0,5862.0,1835.0,2537.0,1708.0,3521.0,12710.0,53300.0,49563.0,49249.0
10,2025,Liability Insurance,General Liability,Commercial,Liability Insurance,Nizwa,Bancassurance,Agent-012,58915.0,51278.0,49520.0,21146.0,18180.0,2966.0,5890.0,1824.0,1917.0,1511.0,10996.0,11468.0,57664.0,58915.0,55985.0
10,2025,Liability Insurance,Professional Indemnity,Corporate,Liability Insurance,Sur,Broker,Agent-006,47607.0,36605.0,29934.0,21730.0,17741.0,3989.0,7018.0,627.0,2353.0,1905.0,6483.0,14068.0,47256.0,47607.0,45832.0
10,2025,Travel Insurance,Individual Travel,Standard,Travel Insurance,Nizwa,Direct,Agent-004,51571.0,42496.0,44186.0,29020.0,19821.0,9199.0,7405.0,1019.0,3484.0,1201.0,9170.0,7951.0,50479.0,51571.0,55413.0
10,2025,Travel Insurance,Individual Travel,Standard,Travel Insurance,Salalah,Bancassurance,Agent-012,45081.0,31633.0,27478.0,25279.0,19457.0,5821.0,6410.0,1829.0,3437.0,1594.0,5274.0,12164.0,43928.0,45081.0,42995.0
10,2025,Travel Insurance,Group Travel,Corporate,Travel Insurance,Salalah,Digital,Agent-008,37398.0,28286.0,26609.0,18450.0,16724.0,1726.0,3846.0,990.0,2524.0,1763.0,6455.0,9292.0,36324.0,37398.0,38368.0
10,2025,Life Insurance (Group),Group Life,Corporate,Life Insurance (Group),Sohar,Direct,Agent-014,34792.0,26904.0,22111.0,15699.0,9499.0,6200.0,3512.0,867.0,2224.0,1338.0,2616.0,10512.0,32617.0,34792.0,32041.0
11,2025,Motor Insurance,Motor Third Party Cover,Individual Vehicle,Motor Insurance,Nizwa,Broker,Agent-001,47877.0,37947.0,33974.0,30598.0,24808.0,5791.0,4876.0,2176.0,1695.0,1632.0,4111.0,5316.0,52464.0,47877.0,49670.0
11,2025,Motor Insurance,Motor Third Party Cover,Fleet,Motor Insurance,Muscat HQ,Bancassurance,Agent-003,52119.0,41049.0,42279.0,22569.0,16304.0,6264.0,7462.0,2366.0,2328.0,1798.0,9515.0,15698.0,53550.0,52119.0,53458.0
11,2025,Motor Insurance,Motor Third Party Cover,Trade Plate,Motor Insurance,Sur,Bancassurance,Agent-001,30533.0,26936.0,24863.0,14512.0,12092.0,2420.0,2901.0,1481.0,1454.0,1268.0,4069.0,3764.0,30348.0,30533.0,28232.0
11,2025,Motor Insurance,Motor Comprehensive Cover,Individual Vehicle,Motor Insurance,Nizwa,Bancassurance,Agent-009,49993.0,46297.0,38787.0,17630.0,13851.0,3778.0,3696.0,2258.0,3184.0,2030.0,7549.0,15182.0,52464.0,49993.0,51352.0
11,2025,Motor Insurance,Motor Extended Warranty Cover,Standard,Motor Insurance,Sohar,Broker,Agent-005,26717.0,21642.0,19113.0,13791.0,10133.0,3658.0,1633.0,1155.0,1812.0,805.0,5124.0,10281.0,28623.0,26717.0,24705.0
11,2025,Property Insurance,Fire & Perils,Commercial,Property Insurance,Sur,Digital,Agent-015,46491.0,40429.0,40097.0,33910.0,26891.0,7018.0,6528.0,1980.0,2180.0,2065.0,3143.0,6863.0,51070.0,46491.0,45961.0
11,2025,Property Insurance,Fire & Perils,Commercial,Property Insurance,Salalah,Broker,Agent-002,27612.0,19866.0,18488.0,11870.0,7391.0,4479.0,3626.0,639.0,1628.0,639.0,3475.0,7995.0,27335.0,27612.0,26894.0
11,2025,Property Insurance,Fire & Perils,Residential,Property Insurance,Muscat HQ,Broker,Agent-014,24416.0,17939.0,15353.0,10155.0,8946.0,1210.0,2319.0,784.0,1444.0,779.0,2314.0,5243.0,24586.0,24416.0,23864.0
11,2025,Property Insurance,Property All Risks,Commercial,Property Insurance,Nizwa,Digital,Agent-009,56447.0,52294.0,44064.0,21963.0,14509.0,7454.0,8089.0,1064.0,3915.0,2218.0,7210.0,11836.0,51851.0,56447.0,58349.0
11,2025,Marine Insurance,Marine Cargo,Import/Export,Marine Insurance,Muscat HQ,Bancassurance,Agent-007,41261.0,36024.0,33586.0,22633.0,16249.0,6383.0,3476.0,526.0,2655.0,881.0,2072.0,4510.0,38814.0,41261.0,41724.0
11,2025,Marine Insurance,Marine Cargo,Import/Export,Marine Insurance,Muscat HQ,Bancassurance,Agent-005,40497.0,34187.0,32451.0,27862.0,24705.0,3157.0,5360.0,1772.0,2996.0,1485.0,5640.0,12885.0,38059.0,40497.0,39593.0
11,2025,Marine Insurance,Marine Hull,Commercial Vessels,Marine Insurance,Sohar,Direct,Agent-014,51112.0,37833.0,33636.0,29031.0,22551.0,6480.0,5063.0,549.0,2671.0,1067.0,5660.0,15032.0,47288.0,51112.0,54520.0
11,2025,Medical Insurance,Group Medical,Corporate,Medical Insurance,Sohar,Digital,Agent-011,33994.0,23983.0,24678.0,21079.0,18399.0,2680.0,3815.0,1573.0,2543.0,739.0,2666.0,7436.0,32913.0,33994.0,34133.0
11,2025,Medical Insurance,Individual Medical,Standard,Medical Insurance,Salalah,Digital,Agent-011,44142.0,30956.0,31320.0,23338.0,19923.0,3415.0,6085.0,502.0,1903.0,1040.0,2856.0,16937.0,46840.0,44142.0,43187.0
11,2025,Engineering Insurance,Contractors All Risks,Construction Projects,Engineering Insurance,Sohar,Broker,Agent-015,50313.0,45585.0,44704.0,20835.0,16071.0,4763.0,3323.0,1716.0,3138.0,1424.0,8409.0,12180.0,52389.0,50313.0,51438.0
11,2025,Engineering Insurance,Machinery Breakdown,Industrial,Engineering Insurance,Sohar,Broker,Agent-011,36041.0,31012.0,26988.0,26556.0,23466.0,3091.0,2259.0,595.0,2062.0,832.0,7015.0,10502.0,32914.0,36041.0,35715.0
11,2025,Liability Insurance,General Liability,Commercial,Liability Insurance,Salalah,Broker,Agent-008,33578.0,29558.0,30345.0,14411.0,10591.0,3821.0,4383.0,838.0,1644.0,1665.0,5562.0,12029.0,32953.0,33578.0,34040.0
11,2025,Liability Insurance,Professional Indemnity,Corporate,Liability Insurance,Sur,Broker,Agent-012,59431.0,47404.0,44819.0,41176.0,35852.0,5323.0,4150.0,2065.0,3256.0,1652.0,3336.0,17172.0,62758.0,59431.0,63631.0
11,2025,Travel Insurance,Individual Travel,Standard,Travel Insurance,Muscat HQ,Direct,Agent-009,71826.0,65534.0,68116.0,39371.0,26513.0,12857.0,7708.0,1787.0,3404.0,1614.0,4379.0,15345.0,77948.0,71826.0,74389.0
11,2025,Travel Insurance,Group Travel,Corporate,Travel Insurance,Sohar,Bancassurance,Agent-009,40908.0,29243.0,26281.0,16466.0,14799.0,1666.0,5483.0,879.0,2479.0,1265.0,2992.0,12061.0,43036.0,40908.0,42706.0
11,2025,Travel Insurance,Group Travel,Corporate,Travel Insurance,Muscat HQ,Direct,Agent-006,35383.0,25485.0,20753.0,17108.0,12407.0,4702.0,4238.0,821.0,1310.0,1713.0,6416.0,4857.0,34412.0,35383.0,33504.0
11,2025,Life Insurance (Group),Group Life,Corporate,Life Insurance (Group),Muscat HQ,Direct,Agent-002,70527.0,61918.0,53265.0,33753.0,25155.0,8598.0,5414.0,1520.0,4942.0,3001.0,10854.0,21584.0,70836.0,70527.0,68845.0
11,2025,Life Insurance (Group),Group Life,Corporate,Life Insurance (Group),Sur,Broker,Agent-001,41280.0,30199.0,29691.0,24216.0,18345.0,5871.0,4030.0,1779.0,1490.0,1300.0,6771.0,12275.0,40745.0,41280.0,39460.0
12,2025,Motor Insurance,Motor Third Party Cover,Individual Vehicle,Motor Insurance,Nizwa,Direct,Agent-012,51004.0,46689.0,37548.0,27591.0,19060.0,8531.0,3948.0,1061.0,2523.0,1649.0,7401.0,9696.0,48686.0,51004.0,49867.0
12,2025,Motor Insurance,Motor Third Party Cover,Individual Vehicle,Motor Insurance,Nizwa,Digital,Agent-011,61181.0,51641.0,51144.0,33915.0,28031.0,5884.0,8687.0,685.0,2905.0,2925.0,10744.0,17440.0,57869.0,61181.0,59523.0
12,2025,Motor Insurance,Motor Third Party Cover,Fleet,Motor Insurance,Salalah,Bancassurance,Agent-007,45234.0,40493.0,38227.0,33264.0,24691.0,8573.0,3840.0,978.0,2447.0,1343.0,2758.0,8759.0,42690.0,45234.0,47516.0
12,2025,Motor Insurance,Motor Third Party Cover,Trade Plate,Motor Insurance,Nizwa,Direct,Agent-005,43400.0,36145.0,36571.0,25330.0,19475.0,5855.0,5811.0,2078.0,3084.0,1400.0,6152.0,11197.0,41693.0,43400.0,42951.0
12,2025,Motor Insurance,Motor Third Party Cover,Trade Plate,Motor Insurance,Nizwa,Bancassurance,Agent-015,42778.0,40547.0,35548.0,17073.0,15963.0,1110.0,2871.0,1748.0,1367.0,1158.0,3808.0,8092.0,46365.0,42778.0,40556.0
12,2025,Motor Insurance,Motor Comprehensive Cover,Individual Vehicle,Motor Insurance,Muscat HQ,Digital,Agent-004,43368.0,38740.0,31292.0,29474.0,25147.0,4327.0,6057.0,1539.0,3342.0,1375.0,6934.0,13777.0,41361.0,43368.0,46286.0
12,2025,Motor Insurance,Motor Comprehensive Cover,Individual Vehicle,Motor Insurance,Salalah,Bancassurance,Agent-006,33668.0,26218.0,27296.0,12106.0,9887.0,2219.0,2061.0,1305.0,1622.0,1553.0,6091.0,7085.0,35755.0,33668.0,34643.0
12,2025,Motor Insurance,Motor Extended Warranty Cover,Standard,Motor Insurance,Salalah,Direct,Agent-004,31786.0,26361.0,24648.0,16770.0,15642.0,1128.0,1633.0,1399.0,2226.0,1359.0,4092.0,4994.0,34092.0,31786.0,33029.0
12,2025,Motor Insurance,Motor Extended Warranty Cover,Standard,Motor Insurance,Salalah,Direct,Agent-006,36592.0,29420.0,28240.0,23823.0,15742.0,8081.0,2466.0,430.0,1385.0,995.0,2228.0,7564.0,37874.0,36592.0,38308.0
12,2025,Property Insurance,Fire & Perils,Commercial,Property Insurance,Sur,Direct,Agent-004,41527.0,31679.0,29071.0,30645.0,22384.0,8261.0,6061.0,836.0,1465.0,1026.0,6896.0,10850.0,42208.0,41527.0,44635.0
12,2025,Property Insurance,Fire & Perils,Commercial,Property Insurance,Nizwa,Bancassurance,Agent-015,35146.0,29712.0,30116.0,19008.0,13496.0,5512.0,3780.0,530.0,1595.0,1234.0,3097.0,3929.0,35745.0,35146.0,34591.0
12,2025,Property Insurance,Fire & Perils,Residential,Property Insurance,Muscat HQ,Direct,Agent-012,40623.0,37336.0,31084.0,29129.0,24328.0,4801.0,4177.0,859.0,1949.0,1819.0,2382.0,13429.0,43287.0,40623.0,41962.0
12,2025,Property Insurance,Property All Risks,Commercial,Property Insurance,Nizwa,Broker,Agent-008,46531.0,42952.0,35781.0,34168.0,21347.0,12821.0,3434.0,1750.0,1715.0,1189.0,2405.0,16190.0,42228.0,46531.0,47518.0
12,2025,Marine Insurance,Marine Cargo,Import/Export,Marine Insurance,Salalah,Direct,Agent-009,52631.0,49433.0,49252.0,37846.0,32429.0,5417.0,6995.0,2556.0,2773.0,2485.0,2972.0,6966.0,52529.0,52631.0,52243.0
12,2025,Marine Insurance,Marine Hull,Commercial Vessels,Marine Insurance,Sohar,Digital,Agent-007,23725.0,18659.0,16402.0,14965.0,12375.0,2589.0,3155.0,531.0,719.0,1146.0,1344.0,7212.0,22879.0,23725.0,23435.0
12,2025,Medical Insurance,Group Medical,Corporate,Medical Insurance,Muscat HQ,Digital,Agent-011,44403.0,31307.0,27196.0,25098.0,18904.0,6194.0,4974.0,1121.0,2199.0,1353.0,8130.0,4671.0,48308.0,44403.0,43396.0
12,2025,Medical Insurance,Group Medical,Corporate,Medical Insurance,Nizwa,Direct,Agent-015,43231.0,36926.0,37883.0,29764.0,23227.0,6537.0,5260.0,1111.0,2974.0,1085.0,2457.0,11336.0,40770.0,43231.0,44813.0
12,2025,Medical Insurance,Individual Medical,Standard,Medical Insurance,Salalah,Broker,Agent-014,44836.0,42057.0,36247.0,17903.0,10887.0,7016.0,4234.0,629.0,3084.0,994.0,8434.0,11759.0,46597.0,44836.0,42188.0
12,2025,Medical Insurance,Individual Medical,Standard,Medical Insurance,Sohar,Direct,Agent-012,31268.0,24465.0,21240.0,23218.0,16147.0,7072.0,1995.0,762.0,1413.0,1021.0,4489.0,8785.0,32508.0,31268.0,29550.0
12,2025,Engineering Insurance,Contractors All Risks,Construction Projects,Engineering Insurance,Salalah,Bancassurance,Agent-009,38625.0,31438.0,30780.0,16046.0,14696.0,1350.0,3173.0,1904.0,1710.0,1613.0,4114.0,13556.0,38335.0,38625.0,40915.0
12,2025,Engineering Insurance,Machinery Breakdown,Industrial,Engineering Insurance,Salalah,Bancassurance,Agent-008,42745.0,40516.0,41786.0,17327.0,11634.0,5693.0,2594.0,772.0,1903.0,1929.0,2748.0,15586.0,46779.0,42745.0,41252.0
12,2025,Liability Insurance,General Liability,Commercial,Liability Insurance,Salalah,Bancassurance,Agent-009,22605.0,19101.0,15816.0,16013.0,11301.0,4712.0,1483.0,1114.0,794.0,493.0,1936.0,4426.0,22305.0,22605.0,23274.0
12,2025,Liability Insurance,General Liability,Commercial,Liability Insurance,Salalah,Broker,Agent-001,9193.0,36599.0,37926.0,30335.0,26066.0,4269.0,3698.0,1357.0,3320.0,2133.0,7197.0,10892.0,42042.0,9193.0,43167.0
12,2025,Liability Insurance,Professional Indemnity,Corporate,Liability Insurance,Sohar,Direct,Agent-012,71134.0,60391.0,56696.0,31332.0,24493.0,6839.0,10527.0,1976.0,5244.0,2237.0,10205.0,17396.0,73818.0,71134.0,75657.0
12,2025,Travel Insurance,Individual Travel,Standard,Travel Insurance,Sur,Digital,Agent-006,46661.0,32949.0,26361.0,32811.0,28062.0,4749.0,6804.0,1013.0,3238.0,2055.0,8334.0,14353.0,43286.0,46661.0,48012.0
12,2025,Travel Insurance,Individual Travel,Standard,Travel Insurance,Sohar,Digital,Agent-006,55817.0,51422.0,42963.0,28962.0,23690.0,5272.0,8215.0,2056.0,2525.0,1218.0,5451.0,10484.0,59379.0,55817.0,54714.0
12,2025,Travel Insurance,Group Travel,Corporate,Travel Insurance,Muscat HQ,Direct,Agent-010,44740.0,36628.0,29936.0,18828.0,17790.0,1038.0,6015.0,1815.0,2843.0,959.0,7847.0,10798.0,41145.0,44740.0,43313.0
12,2025,Life Insurance (Group),Group Life,Corporate,Life Insurance (Group),Sur,Bancassurance,Agent-004,61633.0,50289.0,40256.0,35511.0,23763.0,11748.0,6763.0,1206.0,3090.0,2386.0,9152.0,6729.0,62065.0,61633.0,64755.0
1,2026,Motor Insurance,Motor Third Party Cover,Individual Vehicle,Motor Insurance,Muscat HQ,Digital,Agent-014,27516.0,22279.0,23080.0,16811.0,13390.0,3421.0,2179.0,932.0,1006.0,894.0,2550.0,8284.0,28968.0,27516.0,29403.0
1,2026,Motor Insurance,Motor Third Party Cover,Fleet,Motor Insurance,Nizwa,Broker,Agent-013,57769.0,51133.0,44329.0,40505.0,32803.0,7702.0,7167.0,1052.0,2188.0,1635.0,7320.0,12997.0,62248.0,57769.0,53268.0
1,2026,Motor Insurance,Motor Third Party Cover,Fleet,Motor Insurance,Muscat HQ,Broker,Agent-010,116033.0,40816.0,42789.0,19996.0,13859.0,6137.0,5889.0,969.0,3026.0,1741.0,8272.0,5105.0,50867.0,116033.0,49861.0
1,2026,Motor Insurance,Motor Third Party Cover,Trade Plate,Motor Insurance,Salalah,Digital,Agent-011,46027.0,43470.0,36674.0,20962.0,12637.0,8324.0,4972.0,2045.0,2812.0,1820.0,2759.0,14473.0,45189.0,46027.0,45833.0
1,2026,Motor Insurance,Motor Comprehensive Cover,Individual Vehicle,Motor Insurance,Nizwa,Bancassurance,Agent-011,55488.0,44833.0,36252.0,31377.0,26084.0,5293.0,6682.0,1904.0,2498.0,1478.0,3524.0,17248.0,60713.0,55488.0,55710.0
1,2026,Motor Insurance,Motor Comprehensive Cover,Individual Vehicle,Motor Insurance,Muscat HQ,Bancassurance,Agent-009,37413.0,28136.0,29071.0,13328.0,10521.0,2807.0,3282.0,1361.0,1535.0,1827.0,3729.0,14134.0,38081.0,37413.0,36901.0
1,2026,Motor Insurance,Motor Extended Warranty Cover,Standard,Motor Insurance,Muscat HQ,Bancassurance,Agent-013,42816.0,36174.0,34055.0,27628.0,22895.0,4732.0,3709.0,974.0,1821.0,1595.0,4067.0,5828.0,45237.0,42816.0,40824.0
1,2026,Motor Insurance,Motor Extended Warranty Cover,Standard,Motor Insurance,Salalah,Bancassurance,Agent-011,35422.0,31580.0,28030.0,21146.0,19587.0,1559.0,2772.0,452.0,1365.0,1662.0,3267.0,8763.0,35667.0,35422.0,38029.0
1,2026,Property Insurance,Fire & Perils,Commercial,Property Insurance,Muscat HQ,Direct,Agent-015,50656.0,43030.0,35109.0,23058.0,14393.0,8665.0,4205.0,925.0,3542.0,1717.0,5610.0,15587.0,55186.0,50656.0,49047.0
1,2026,Property Insurance,Fire & Perils,Commercial,Property Insurance,Sur,Digital,Agent-013,67046.0,54900.0,45946.0,37586.0,31344.0,6241.0,5580.0,892.0,3091.0,2730.0,13192.0,10528.0,72605.0,67046.0,66580.0
1,2026,Property Insurance,Fire & Perils,Residential,Property Insurance,Sohar,Broker,Agent-003,37609.0,28825.0,28846.0,21481.0,15362.0,6118.0,4074.0,780.0,1581.0,1687.0,4137.0,6852.0,36926.0,37609.0,40140.0
1,2026,Property Insurance,Fire & Perils,Residential,Property Insurance,Sohar,Bancassurance,Agent-005,18992.0,13581.0,11119.0,6730.0,4383.0,2348.0,2166.0,339.0,928.0,782.0,1040.0,3090.0,20875.0,18992.0,19286.0
1,2026,Property Insurance,Property All Risks,Commercial,Property Insurance,Sohar,Digital,Agent-008,121925.0,34960.0,35102.0,17149.0,13660.0,3489.0,2445.0,1167.0,3050.0,1776.0,6534.0,7179.0,46768.0,121925.0,50409.0
1,2026,Property Insurance,Property All Risks,Commercial,Property Insurance,Sur,Bancassurance,Agent-012,56729.0,44458.0,44447.0,28523.0,17911.0,10612.0,8294.0,863.0,3964.0,1158.0,5937.0,14441.0,51394.0,56729.0,58854.0
1,2026,Marine Insurance,Marine Cargo,Import/Export,Marine Insurance,Nizwa,Bancassurance,Agent-001,28210.0,22960.0,20297.0,10382.0,9547.0,835.0,3080.0,995.0,1468.0,880.0,1608.0,4251.0,27790.0,28210.0,27044.0
1,2026,Marine Insurance,Marine Cargo,Import/Export,Marine Insurance,Sohar,Digital,Agent-001,49643.0,44483.0,42253.0,17403.0,15083.0,2320.0,4878.0,1523.0,3697.0,1156.0,6946.0,9166.0,45043.0,49643.0,49145.0
1,2026,Marine Insurance,Marine Hull,Commercial Vessels,Marine Insurance,Sohar,Digital,Agent-011,51165.0,41368.0,33216.0,26130.0,19980.0,6150.0,4943.0,1979.0,4071.0,1066.0,5598.0,18267.0,52451.0,51165.0,55124.0
1,2026,Marine Insurance,Marine Hull,Commercial Vessels,Marine Insurance,Salalah,Direct,Agent-005,37270.0,28654.0,27105.0,20832.0,18060.0,2773.0,5567.0,681.0,1916.0,1715.0,6549.0,12864.0,38167.0,37270.0,40211.0
1,2026,Medical Insurance,Group Medical,Corporate,Medical Insurance,Salalah,Digital,Agent-010,38148.0,34381.0,31397.0,22681.0,16451.0,6230.0,4634.0,615.0,2137.0,975.0,4589.0,8742.0,38946.0,38148.0,38206.0
1,2026,Medical Insurance,Individual Medical,Standard,Medical Insurance,Sohar,Broker,Agent-007,35292.0,25275.0,21471.0,15487.0,14110.0,1378.0,5028.0,678.0,2398.0,1591.0,3763.0,12757.0,38741.0,35292.0,37933.0
1,2026,Engineering Insurance,Contractors All Risks,Construction Projects,Engineering Insurance,Sohar,Broker,Agent-006,55297.0,42526.0,38681.0,25196.0,19493.0,5703.0,3375.0,2343.0,3055.0,1802.0,5777.0,15148.0,58392.0,55297.0,58859.0
1,2026,Engineering Insurance,Machinery Breakdown,Industrial,Engineering Insurance,Sohar,Direct,Agent-004,42380.0,36428.0,35285.0,21609.0,16641.0,4967.0,5054.0,946.0,2854.0,1298.0,5841.0,14888.0,38339.0,42380.0,40620.0
1,2026,Engineering Insurance,Machinery Breakdown,Industrial,Engineering Insurance,Salalah,Direct,Agent-008,59594.0,42100.0,40101.0,21672.0,13883.0,7789.0,5306.0,2896.0,3414.0,1750.0,6657.0,16128.0,61017.0,59594.0,57381.0
1,2026,Liability Insurance,General Liability,Commercial,Liability Insurance,Nizwa,Digital,Agent-003,60718.0,51501.0,50116.0,33006.0,26350.0,6656.0,6894.0,1181.0,4657.0,1843.0,8543.0,16290.0,65009.0,60718.0,56965.0
1,2026,Liability Insurance,General Liability,Commercial,Liability Insurance,Sohar,Digital,Agent-015,48568.0,44467.0,38432.0,28884.0,22017.0,6867.0,6966.0,2005.0,2271.0,2157.0,4073.0,13826.0,51011.0,48568.0,50146.0
1,2026,Liability Insurance,Professional Indemnity,Corporate,Liability Insurance,Nizwa,Broker,Agent-015,53285.0,39228.0,34871.0,35338.0,25013.0,10325.0,5024.0,2180.0,3033.0,1366.0,4062.0,10144.0,51185.0,53285.0,50187.0
1,2026,Liability Insurance,Professional Indemnity,Corporate,Liability Insurance,Sur,Direct,Agent-006,62298.0,48779.0,50855.0,26569.0,21962.0,4607.0,9290.0,2637.0,2584.0,1727.0,5567.0,23854.0,59126.0,62298.0,62394.0
1,2026,Travel Insurance,Individual Travel,Standard,Travel Insurance,Sohar,Broker,Agent-006,54586.0,46397.0,42053.0,28734.0,22329.0,6405.0,4674.0,2193.0,3012.0,1926.0,4447.0,5964.0,57962.0,54586.0,57691.0
1,2026,Travel Insurance,Individual Travel,Standard,Travel Insurance,Salalah,Direct,Agent-006,57632.0,50200.0,42510.0,42733.0,26565.0,16168.0,8494.0,735.0,2644.0,1586.0,5126.0,22960.0,57152.0,57632.0,54123.0
1,2026,Travel Insurance,Group Travel,Corporate,Travel Insurance,Nizwa,Broker,Agent-015,36993.0,30179.0,31072.0,13199.0,11269.0,1929.0,2813.0,694.0,2412.0,1570.0,4952.0,5944.0,33340.0,36993.0,38397.0
1,2026,Life Insurance (Group),Group Life,Corporate,Life Insurance (Group),Muscat HQ,Digital,Agent-008,43661.0,31336.0,30104.0,27304.0,18516.0,8788.0,4293.0,1345.0,2601.0,2054.0,5762.0,5248.0,42307.0,43661.0,44557.0
2,2026,Motor Insurance,Motor Third Party Cover,Individual Vehicle,Motor Insurance,Sur,Broker,Agent-004,43746.0,33149.0,33779.0,27226.0,21292.0,5935.0,3501.0,2045.0,3256.0,1399.0,7127.0,16364.0,42113.0,43746.0,42547.0
2,2026,Motor Insurance,Motor Third Party Cover,Fleet,Motor Insurance,Muscat HQ,Digital,Agent-001,40632.0,30595.0,27202.0,25131.0,15549.0,9582.0,3422.0,432.0,2887.0,955.0,2502.0,13652.0,37296.0,40632.0,41830.0
2,2026,Motor Insurance,Motor Third Party Cover,Fleet,Motor Insurance,Muscat HQ,Digital,Agent-007,59458.0,45016.0,46503.0,40529.0,28372.0,12158.0,4198.0,968.0,2441.0,1555.0,10894.0,6302.0,63978.0,59458.0,55095.0
2,2026,Motor Insurance,Motor Third Party Cover,Trade Plate,Motor Insurance,Muscat HQ,Direct,Agent-001,38566.0,29469.0,30043.0,25103.0,23687.0,1415.0,5136.0,757.0,1946.0,1577.0,3757.0,10180.0,36542.0,38566.0,39571.0
2,2026,Motor Insurance,Motor Comprehensive Cover,Individual Vehicle,Motor Insurance,Sur,Digital,Agent-011,33584.0,26059.0,21692.0,21631.0,14649.0,6982.0,3713.0,1382.0,1465.0,958.0,1990.0,6581.0,34239.0,33584.0,31735.0
2,2026,Motor Insurance,Motor Comprehensive Cover,Individual Vehicle,Motor Insurance,Sur,Broker,Agent-014,54901.0,45713.0,41044.0,27612.0,21979.0,5633.0,3339.0,1022.0,2058.0,1385.0,8141.0,21897.0,56560.0,54901.0,59159.0
2,2026,Motor Insurance,Motor Extended Warranty Cover,Standard,Motor Insurance,Sur,Direct,Agent-012,48979.0,35540.0,36851.0,29881.0,27644.0,2237.0,3100.0,1995.0,2044.0,1484.0,9054.0,10941.0,50650.0,48979.0,52014.0
2,2026,Motor Insurance,Motor Extended Warranty Cover,Standard,Motor Insurance,Muscat HQ,Broker,Agent-009,55369.0,46544.0,42823.0,20825.0,12677.0,8147.0,8047.0,1603.0,3838.0,1473.0,4737.0,14843.0,59533.0,55369.0,53496.0
2,2026,Property Insurance,Fire & Perils,Commercial,Property Insurance,Muscat HQ,Broker,Agent-001,44304.0,37174.0,29784.0,26813.0,16566.0,10247.0,5405.0,1864.0,3187.0,1781.0,5947.0,8518.0,43636.0,44304.0,41376.0
2,2026,Property Insurance,Fire & Perils,Residential,Property Insurance,Sohar,Direct,Agent-008,44776.0,38621.0,34210.0,23602.0,19014.0,4589.0,6372.0,1651.0,1913.0,2034.0,2609.0,8135.0,41267.0,44776.0,44397.0
2,2026,Property Insurance,Property All Risks,Commercial,Property Insurance,Sur,Broker,Agent-010,27790.0,21070.0,19681.0,17902.0,13893.0,4010.0,2618.0,866.0,1595.0,815.0,4950.0,4511.0,25194.0,27790.0,28864.0
2,2026,Property Insurance,Property All Risks,Commercial,Property Insurance,Sohar,Bancassurance,Agent-012,40819.0,38525.0,34391.0,20914.0,16875.0,4039.0,3798.0,1315.0,3197.0,1107.0,2951.0,9268.0,40851.0,40819.0,42211.0
2,2026,Marine Insurance,Marine Cargo,Import/Export,Marine Insurance,Sur,Broker,Agent-015,58945.0,44340.0,38870.0,39190.0,26072.0,13118.0,4104.0,1560.0,2704.0,2322.0,10818.0,8347.0,59496.0,58945.0,55063.0
2,2026,Marine Insurance,Marine Cargo,Import/Export,Marine Insurance,Sohar,Broker,Agent-009,51958.0,44723.0,44935.0,22076.0,18990.0,3087.0,6064.0,685.0,2454.0,1082.0,3301.0,9619.0,49288.0,51958.0,55284.0
2,2026,Marine Insurance,Marine Hull,Commercial Vessels,Marine Insurance,Nizwa,Digital,Agent-003,74219.0,61647.0,59353.0,53306.0,46854.0,6452.0,4189.0,2859.0,3161.0,2052.0,9803.0,22926.0,69161.0,74219.0,72017.0
2,2026,Marine Insurance,Marine Hull,Commercial Vessels,Marine Insurance,Sur,Direct,Agent-008,71715.0,58377.0,55253.0,27406.0,25600.0,1807.0,10094.0,1262.0,4529.0,3141.0,4898.0,19595.0,76741.0,71715.0,71792.0
2,2026,Medical Insurance,Group Medical,Corporate,Medical Insurance,Sur,Bancassurance,Agent-015,35983.0,26591.0,24138.0,21529.0,19648.0,1881.0,2373.0,841.0,2515.0,1162.0,5064.0,9643.0,39388.0,35983.0,33919.0
2,2026,Medical Insurance,Group Medical,Corporate,Medical Insurance,Sur,Bancassurance,Agent-002,13038.0,11218.0,11330.0,8667.0,5230.0,3437.0,1241.0,191.0,491.0,537.0,2523.0,3784.0,12001.0,13038.0,12504.0
2,2026,Medical Insurance,Individual Medical,Standard,Medical Insurance,Sur,Broker,Agent-002,50635.0,37084.0,36395.0,20291.0,15089.0,5202.0,5142.0,669.0,2926.0,1742.0,7608.0,8392.0,49183.0,50635.0,51928.0
2,2026,Medical Insurance,Individual Medical,Standard,Medical Insurance,Nizwa,Broker,Agent-004,47960.0,34847.0,28222.0,35728.0,27136.0,8592.0,4958.0,969.0,1457.0,2039.0,7605.0,18789.0,43366.0,47960.0,45174.0
2,2026,Engineering Insurance,Contractors All Risks,Construction Projects,Engineering Insurance,Sur,Digital,Agent-010,37389.0,26992.0,27246.0,26201.0,21561.0,4640.0,3311.0,1524.0,2302.0,1636.0,4735.0,14489.0,35819.0,37389.0,38013.0
2,2026,Engineering Insurance,Machinery Breakdown,Industrial,Engineering Insurance,Nizwa,Broker,Agent-005,41499.0,36305.0,31678.0,25304.0,16814.0,8490.0,3824.0,1943.0,2928.0,1448.0,2989.0,9112.0,38500.0,41499.0,38634.0
2,2026,Engineering Insurance,Machinery Breakdown,Industrial,Engineering Insurance,Muscat HQ,Broker,Agent-005,63162.0,45384.0,40802.0,27925.0,18364.0,9561.0,6528.0,2450.0,3433.0,2819.0,11850.0,21611.0,68928.0,63162.0,67497.0
2,2026,Liability Insurance,General Liability,Commercial,Liability Insurance,Muscat HQ,Direct,Agent-007,53173.0,48461.0,48741.0,32300.0,28761.0,3538.0,6419.0,1947.0,1719.0,1798.0,2929.0,6791.0,53609.0,53173.0,49323.0
2,2026,Liability Insurance,General Liability,Commercial,Liability Insurance,Muscat HQ,Broker,Agent-002,56592.0,41705.0,42202.0,30629.0,24368.0,6261.0,6499.0,1788.0,3291.0,2396.0,9676.0,10857.0,61369.0,56592.0,55269.0
2,2026,Liability Insurance,Professional Indemnity,Corporate,Liability Insurance,Nizwa,Direct,Agent-005,63854.0,58167.0,54694.0,47064.0,29622.0,17443.0,7113.0,884.0,3381.0,2010.0,9713.0,20665.0,60510.0,63854.0,60725.0
2,2026,Travel Insurance,Individual Travel,Standard,Travel Insurance,Sohar,Broker,Agent-008,49474.0,44860.0,46893.0,24798.0,22795.0,2004.0,6319.0,790.0,3552.0,1704.0,7736.0,15376.0,53293.0,49474.0,51541.0
2,2026,Travel Insurance,Individual Travel,Standard,Travel Insurance,Sur,Direct,Agent-006,38044.0,33989.0,34490.0,15199.0,10909.0,4290.0,5082.0,1783.0,2580.0,1311.0,3335.0,9797.0,37263.0,38044.0,40391.0
2,2026,Travel Insurance,Group Travel,Corporate,Travel Insurance,Sohar,Broker,Agent-005,51163.0,43658.0,37426.0,28141.0,21471.0,6670.0,4146.0,2018.0,2221.0,1779.0,5943.0,12282.0,51846.0,51163.0,52663.0
2,2026,Life Insurance (Group),Group Life,Corporate,Life Insurance (Group),Nizwa,Digital,Agent-013,40195.0,28585.0,23392.0,29082.0,18955.0,10127.0,5946.0,1734.0,1448.0,928.0,7902.0,7092.0,40506.0,40195.0,38499.0
3,2026,Motor Insurance,Motor Third Party Cover,Individual Vehicle,Motor Insurance,Nizwa,Direct,Agent-012,39930.0,33892.0,32715.0,17184.0,14894.0,2290.0,4500.0,415.0,3096.0,1332.0,3388.0,5026.0,38927.0,39930.0,38702.0
3,2026,Motor Insurance,Motor Third Party Cover,Fleet,Motor Insurance,Nizwa,Bancassurance,Agent-011,44370.0,38914.0,38169.0,24657.0,23388.0,1269.0,3476.0,547.0,1395.0,1314.0,5532.0,5478.0,44954.0,44370.0,47216.0
3,2026,Motor Insurance,Motor Third Party Cover,Fleet,Motor Insurance,Sur,Direct,Agent-001,48451.0,42762.0,39493.0,24745.0,17503.0,7242.0,2905.0,1574.0,2598.0,1142.0,4372.0,16287.0,46083.0,48451.0,47875.0
3,2026,Motor Insurance,Motor Third Party Cover,Trade Plate,Motor Insurance,Sohar,Bancassurance,Agent-003,49868.0,38461.0,40200.0,26946.0,21885.0,5061.0,5689.0,890.0,2417.0,1597.0,4219.0,8487.0,50943.0,49868.0,46744.0
3,2026,Motor Insurance,Motor Third Party Cover,Trade Plate,Motor Insurance,Sohar,Broker,Agent-004,32363.0,22872.0,22329.0,22329.0,17494.0,4835.0,4339.0,841.0,1099.0,1014.0,3785.0,11640.0,31293.0,32363.0,31406.0
3,2026,Motor Insurance,Motor Comprehensive Cover,Individual Vehicle,Motor Insurance,Nizwa,Broker,Agent-005,60041.0,56311.0,47718.0,38401.0,30434.0,7967.0,8878.0,2988.0,4184.0,1387.0,7226.0,21396.0,61704.0,60041.0,63682.0
3,2026,Motor Insurance,Motor Comprehensive Cover,Individual Vehicle,Motor Insurance,Nizwa,Digital,Agent-013,52322.0,40845.0,39783.0,28381.0,17464.0,10917.0,6501.0,617.0,2640.0,1772.0,6564.0,7416.0,54915.0,52322.0,55247.0
3,2026,Motor Insurance,Motor Extended Warranty Cover,Standard,Motor Insurance,Sohar,Bancassurance,Agent-004,47062.0,33735.0,33073.0,19523.0,18125.0,1399.0,5169.0,1984.0,2435.0,1979.0,5485.0,12313.0,49637.0,47062.0,45090.0
3,2026,Property Insurance,Fire & Perils,Commercial,Property Insurance,Sur,Direct,Agent-012,63108.0,45597.0,37308.0,38420.0,25069.0,13351.0,9461.0,3057.0,1985.0,2635.0,5624.0,12765.0,59830.0,63108.0,66445.0
3,2026,Property Insurance,Fire & Perils,Commercial,Property Insurance,Salalah,Bancassurance,Agent-003,65476.0,54375.0,44691.0,44655.0,41391.0,3265.0,5912.0,2900.0,4179.0,2472.0,11318.0,15839.0,66101.0,65476.0,63115.0
3,2026,Property Insurance,Fire & Perils,Residential,Property Insurance,Salalah,Bancassurance,Agent-001,79743.0,63501.0,54604.0,34031.0,30672.0,3358.0,8699.0,2001.0,5765.0,3569.0,5313.0,21545.0,76642.0,79743.0,80264.0
3,2026,Property Insurance,Property All Risks,Commercial,Property Insurance,Sohar,Broker,Agent-011,47123.0,39277.0,32500.0,31904.0,25213.0,6691.0,3351.0,1922.0,1503.0,1781.0,5903.0,5273.0,44764.0,47123.0,43935.0
3,2026,Marine Insurance,Marine Cargo,Import/Export,Marine Insurance,Muscat HQ,Bancassurance,Agent-001,22052.0,20289.0,17250.0,10397.0,8728.0,1669.0,1236.0,1056.0,687.0,1003.0,2296.0,3198.0,21511.0,22052.0,23720.0
3,2026,Marine Insurance,Marine Hull,Commercial Vessels,Marine Insurance,Sur,Broker,Agent-012,43363.0,30947.0,25109.0,29510.0,19286.0,10223.0,2944.0,2071.0,2627.0,1239.0,5983.0,7499.0,43313.0,43363.0,42215.0
3,2026,Medical Insurance,Group Medical,Corporate,Medical Insurance,Salalah,Broker,Agent-006,49664.0,39182.0,38772.0,33019.0,28889.0,4129.0,7323.0,2135.0,3895.0,1927.0,4192.0,14028.0,46663.0,49664.0,46369.0
3,2026,Medical Insurance,Individual Medical,Standard,Medical Insurance,Nizwa,Broker,Agent-006,72264.0,50641.0,52122.0,42329.0,28520.0,13809.0,5436.0,1081.0,5443.0,1944.0,13809.0,12956.0,76589.0,72264.0,66603.0
3,2026,Engineering Insurance,Contractors All Risks,Construction Projects,Engineering Insurance,Salalah,Direct,Agent-004,64313.0,56609.0,48907.0,41866.0,27018.0,14848.0,9171.0,1740.0,2542.0,1813.0,4712.0,24385.0,61816.0,64313.0,60638.0
3,2026,Engineering Insurance,Machinery Breakdown,Industrial,Engineering Insurance,Muscat HQ,Broker,Agent-003,47363.0,33242.0,33512.0,27238.0,18696.0,8542.0,4611.0,971.0,2683.0,1760.0,7851.0,11359.0,50079.0,47363.0,44099.0
3,2026,Liability Insurance,General Liability,Commercial,Liability Insurance,Sur,Broker,Agent-010,11762.0,8541.0,7601.0,8437.0,7527.0,910.0,1438.0,296.0,699.0,317.0,1731.0,2097.0,12536.0,11762.0,12147.0
3,2026,Liability Insurance,Professional Indemnity,Corporate,Liability Insurance,Salalah,Direct,Agent-015,41753.0,31682.0,27497.0,18398.0,15407.0,2991.0,5176.0,1181.0,3315.0,1951.0,2633.0,9943.0,45164.0,41753.0,39884.0
3,2026,Liability Insurance,Professional Indemnity,Corporate,Liability Insurance,Sohar,Direct,Agent-015,41849.0,38002.0,38757.0,17512.0,14794.0,2719.0,5452.0,798.0,1346.0,1061.0,6746.0,12901.0,45127.0,41849.0,40623.0
3,2026,Travel Insurance,Individual Travel,Standard,Travel Insurance,Salalah,Broker,Agent-003,50812.0,45075.0,39258.0,19450.0,12098.0,7352.0,6680.0,817.0,3618.0,1421.0,6666.0,9074.0,46239.0,50812.0,51155.0
3,2026,Travel Insurance,Individual Travel,Standard,Travel Insurance,Nizwa,Direct,Agent-001,34004.0,28596.0,27579.0,13119.0,9479.0,3640.0,2006.0,349.0,1107.0,1284.0,2130.0,12260.0,35768.0,34004.0,31331.0
3,2026,Travel Insurance,Group Travel,Corporate,Travel Insurance,Salalah,Broker,Agent-015,53905.0,17557.0,14165.0,14881.0,13706.0,1175.0,2261.0,824.0,1488.0,906.0,2678.0,7543.0,21680.0,53905.0,20732.0
3,2026,Life Insurance (Group),Group Life,Corporate,Life Insurance (Group),Muscat HQ,Bancassurance,Agent-006,6594.0,26948.0,27916.0,12932.0,8998.0,3934.0,4385.0,860.0,2240.0,1196.0,4635.0,4891.0,31997.0,6594.0,33614.0
4,2026,Motor Insurance,Motor Third Party Cover,Individual Vehicle,Motor Insurance,Nizwa,Digital,Agent-003,42885.0,37725.0,37035.0,15542.0,14231.0,1312.0,5679.0,894.0,2325.0,1254.0,7976.0,9214.0,41993.0,42885.0,45711.0
4,2026,Motor Insurance,Motor Third Party Cover,Individual Vehicle,Motor Insurance,Sur,Broker,Agent-014,44908.0,40355.0,35692.0,25184.0,20636.0,4548.0,4538.0,2244.0,2485.0,1765.0,7591.0,6331.0,40811.0,44908.0,48306.0
4,2026,Motor Insurance,Motor Third Party Cover,Fleet,Motor Insurance,Muscat HQ,Bancassurance,Agent-008,35292.0,24790.0,22289.0,20185.0,13245.0,6939.0,4023.0,1700.0,2806.0,1588.0,4114.0,9325.0,35315.0,35292.0,33347.0
4,2026,Motor Insurance,Motor Third Party Cover,Trade Plate,Motor Insurance,Sur,Bancassurance,Agent-014,69310.0,51171.0,52105.0,29232.0,18294.0,10939.0,7802.0,2646.0,2494.0,1816.0,11666.0,26260.0,68984.0,69310.0,72548.0
4,2026,Motor Insurance,Motor Third Party Cover,Trade Plate,Motor Insurance,Salalah,Direct,Agent-010,15999.0,71513.0,62290.0,32780.0,28934.0,3846.0,4262.0,2973.0,4303.0,1781.0,12262.0,19588.0,85756.0,15999.0,76265.0
4,2026,Motor Insurance,Motor Comprehensive Cover,Individual Vehicle,Motor Insurance,Muscat HQ,Broker,Agent-006,42667.0,33735.0,27986.0,31686.0,20212.0,11474.0,3649.0,1923.0,2672.0,1263.0,8344.0,10681.0,38470.0,42667.0,39296.0
4,2026,Motor Insurance,Motor Extended Warranty Cover,Standard,Motor Insurance,Salalah,Direct,Agent-009,49888.0,36754.0,37276.0,37298.0,23057.0,14241.0,3331.0,1941.0,2817.0,1605.0,3950.0,19139.0,46618.0,49888.0,48014.0
4,2026,Motor Insurance,Motor Extended Warranty Cover,Standard,Motor Insurance,Sohar,Digital,Agent-004,61466.0,52367.0,46710.0,24376.0,22070.0,2306.0,6206.0,1406.0,1894.0,2332.0,10288.0,18134.0,65003.0,61466.0,58073.0
4,2026,Property Insurance,Fire & Perils,Commercial,Property Insurance,Salalah,Broker,Agent-006,47376.0,33225.0,30255.0,20291.0,17494.0,2797.0,5959.0,1641.0,2420.0,1388.0,8249.0,11945.0,47342.0,47376.0,44446.0
4,2026,Property Insurance,Fire & Perils,Residential,Property Insurance,Nizwa,Direct,Agent-003,48431.0,45923.0,41646.0,25730.0,22337.0,3393.0,3977.0,1531.0,3092.0,1312.0,4453.0,10018.0,49183.0,48431.0,46652.0
4,2026,Property Insurance,Property All Risks,Commercial,Property Insurance,Sur,Direct,Agent-012,42202.0,39087.0,39298.0,17088.0,10838.0,6251.0,4217.0,1302.0,2812.0,1126.0,8003.0,8144.0,42859.0,42202.0,44662.0
4,2026,Property Insurance,Property All Risks,Commercial,Property Insurance,Sohar,Direct,Agent-010,32218.0,28916.0,28995.0,16334.0,11879.0,4455.0,4200.0,1069.0,1945.0,1042.0,2585.0,7638.0,35244.0,32218.0,31140.0
4,2026,Marine Insurance,Marine Cargo,Import/Export,Marine Insurance,Muscat HQ,Bancassurance,Agent-014,52857.0,46079.0,38420.0,23729.0,14751.0,8978.0,2862.0,2250.0,3980.0,2268.0,9502.0,6659.0,57065.0,52857.0,52569.0
4,2026,Marine Insurance,Marine Hull,Commercial Vessels,Marine Insurance,Sur,Broker,Agent-014,47152.0,34399.0,31068.0,25823.0,24379.0,1444.0,2533.0,1585.0,2652.0,975.0,4690.0,10698.0,47098.0,47152.0,45142.0
4,2026,Medical Insurance,Group Medical,Corporate,Medical Insurance,Nizwa,Direct,Agent-008,33428.0,24910.0,23953.0,24050.0,15879.0,8171.0,2102.0,364.0,1291.0,1485.0,5753.0,8763.0,32315.0,33428.0,35069.0
4,2026,Medical Insurance,Group Medical,Corporate,Medical Insurance,Muscat HQ,Direct,Agent-001,23020.0,20228.0,19341.0,14755.0,9594.0,5161.0,2037.0,980.0,1746.0,815.0,1572.0,9060.0,22537.0,23020.0,22353.0
4,2026,Medical Insurance,Individual Medical,Standard,Medical Insurance,Nizwa,Direct,Agent-008,19913.0,15105.0,12696.0,11175.0,8408.0,2767.0,1600.0,373.0,1453.0,986.0,2058.0,6162.0,21369.0,19913.0,18406.0
4,2026,Engineering Insurance,Contractors All Risks,Construction Projects,Engineering Insurance,Sohar,Bancassurance,Agent-014,32657.0,24843.0,24733.0,20996.0,13302.0,7695.0,3471.0,1577.0,2402.0,1266.0,2606.0,6667.0,30373.0,32657.0,34339.0
4,2026,Engineering Insurance,Contractors All Risks,Construction Projects,Engineering Insurance,Muscat HQ,Bancassurance,Agent-002,24793.0,23335.0,24306.0,15366.0,13962.0,1404.0,2327.0,559.0,935.0,519.0,1396.0,7623.0,23983.0,24793.0,23024.0
4,2026,Engineering Insurance,Machinery Breakdown,Industrial,Engineering Insurance,Nizwa,Digital,Agent-006,52274.0,46755.0,48784.0,33106.0,28241.0,4865.0,5833.0,2567.0,2352.0,2273.0,5868.0,7665.0,54777.0,52274.0,55029.0
4,2026,Engineering Insurance,Machinery Breakdown,Industrial,Engineering Insurance,Nizwa,Digital,Agent-012,38077.0,35590.0,30337.0,14505.0,10894.0,3611.0,4121.0,1416.0,2695.0,792.0,6485.0,10663.0,41527.0,38077.0,37151.0
4,2026,Liability Insurance,General Liability,Commercial,Liability Insurance,Sohar,Direct,Agent-015,53108.0,37837.0,31323.0,29101.0,23975.0,5126.0,5685.0,2046.0,1697.0,1279.0,8719.0,17757.0,55257.0,53108.0,55194.0
4,2026,Liability Insurance,General Liability,Commercial,Liability Insurance,Nizwa,Bancassurance,Agent-011,42492.0,33137.0,26626.0,25608.0,19230.0,6377.0,2749.0,791.0,3265.0,934.0,7144.0,15748.0,44093.0,42492.0,39510.0
4,2026,Liability Insurance,Professional Indemnity,Corporate,Liability Insurance,Nizwa,Direct,Agent-015,44233.0,32473.0,31723.0,31458.0,24619.0,6839.0,6423.0,1217.0,3224.0,1911.0,2798.0,16534.0,47863.0,44233.0,43181.0
4,2026,Travel Insurance,Individual Travel,Standard,Travel Insurance,Muscat HQ,Broker,Agent-013,23658.0,19423.0,15819.0,9794.0,9135.0,660.0,2351.0,1015.0,954.0,536.0,3953.0,4842.0,23468.0,23658.0,25521.0
4,2026,Travel Insurance,Group Travel,Corporate,Travel Insurance,Muscat HQ,Direct,Agent-002,59808.0,52578.0,48000.0,25120.0,18857.0,6263.0,5746.0,2131.0,4597.0,2569.0,6421.0,23379.0,63287.0,59808.0,55291.0
4,2026,Travel Insurance,Group Travel,Corporate,Travel Insurance,Muscat HQ,Direct,Agent-013,60562.0,47552.0,49608.0,32649.0,22014.0,10635.0,8907.0,1850.0,2038.0,1358.0,9163.0,15046.0,62067.0,60562.0,63950.0
4,2026,Life Insurance (Group),Group Life,Corporate,Life Insurance (Group),Nizwa,Broker,Agent-006,35609.0,26126.0,24054.0,18632.0,14705.0,3927.0,3173.0,1240.0,1767.0,1308.0,3890.0,13194.0,34708.0,35609.0,36925.0
5,2026,Motor Insurance,Motor Third Party Cover,Individual Vehicle,Motor Insurance,Sur,Digital,Agent-012,38031.0,33852.0,35109.0,19948.0,18348.0,1600.0,5234.0,1540.0,2729.0,1594.0,4824.0,10106.0,37405.0,38031.0,39030.0
5,2026,Motor Insurance,Motor Third Party Cover,Fleet,Motor Insurance,Sohar,Direct,Agent-005,48716.0,35894.0,31008.0,29526.0,21537.0,7988.0,2597.0,1130.0,2354.0,1317.0,4528.0,15174.0,51115.0,48716.0,52293.0
5,2026,Motor Insurance,Motor Third Party Cover,Trade Plate,Motor Insurance,Muscat HQ,Broker,Agent-004,24121.0,16983.0,14459.0,14106.0,10234.0,3871.0,2519.0,859.0,1735.0,767.0,2215.0,6311.0,22045.0,24121.0,22353.0
5,2026,Motor Insurance,Motor Comprehensive Cover,Individual Vehicle,Motor Insurance,Muscat HQ,Direct,Agent-012,53049.0,47959.0,40140.0,30533.0,28835.0,1698.0,4078.0,2081.0,2021.0,2544.0,2656.0,9995.0,58104.0,53049.0,54498.0
5,2026,Motor Insurance,Motor Comprehensive Cover,Individual Vehicle,Motor Insurance,Sohar,Direct,Agent-004,50244.0,41291.0,34644.0,22783.0,21190.0,1593.0,3322.0,1129.0,1873.0,1164.0,6447.0,11004.0,45684.0,50244.0,47392.0
5,2026,Motor Insurance,Motor Extended Warranty Cover,Standard,Motor Insurance,Nizwa,Digital,Agent-010,21041.0,14806.0,12972.0,12118.0,10425.0,1693.0,2478.0,1042.0,921.0,421.0,1173.0,2720.0,23041.0,21041.0,21277.0
5,2026,Property Insurance,Fire & Perils,Commercial,Property Insurance,Sur,Digital,Agent-003,40298.0,37033.0,33642.0,15942.0,12623.0,3318.0,5705.0,1668.0,2019.0,1839.0,4821.0,12306.0,38954.0,40298.0,38330.0
5,2026,Property Insurance,Fire & Perils,Commercial,Property Insurance,Sur,Broker,Agent-001,47757.0,35404.0,28953.0,31115.0,24419.0,6696.0,5044.0,564.0,1626.0,2266.0,6519.0,7916.0,44963.0,47757.0,45777.0
5,2026,Property Insurance,Fire & Perils,Residential,Property Insurance,Nizwa,Digital,Agent-002,48017.0,38227.0,35717.0,22954.0,17619.0,5335.0,6554.0,949.0,3340.0,1341.0,3747.0,5848.0,49786.0,48017.0,47339.0
5,2026,Property Insurance,Property All Risks,Commercial,Property Insurance,Nizwa,Direct,Agent-006,43624.0,33087.0,31513.0,16246.0,11893.0,4354.0,4631.0,1706.0,2848.0,1066.0,2673.0,9288.0,41363.0,43624.0,42268.0
5,2026,Marine Insurance,Marine Cargo,Import/Export,Marine Insurance,Sohar,Bancassurance,Agent-011,45910.0,35558.0,30796.0,20407.0,17877.0,2530.0,3449.0,736.0,3333.0,1446.0,3563.0,14938.0,47354.0,45910.0,49181.0
5,2026,Marine Insurance,Marine Hull,Commercial Vessels,Marine Insurance,Muscat HQ,Digital,Agent-010,66433.0,48476.0,45439.0,47613.0,28632.0,18982.0,9141.0,2097.0,2495.0,3034.0,8672.0,15575.0,66429.0,66433.0,62685.0
5,2026,Medical Insurance,Group Medical,Corporate,Medical Insurance,Sur,Direct,Agent-013,55602.0,50609.0,51175.0,20173.0,17547.0,2626.0,7073.0,1334.0,2807.0,2356.0,11008.0,22038.0,55311.0,55602.0,58178.0
5,2026,Medical Insurance,Group Medical,Corporate,Medical Insurance,Muscat HQ,Digital,Agent-003,39636.0,37026.0,38852.0,19108.0,18014.0,1094.0,4727.0,774.0,1195.0,1606.0,3304.0,6715.0,40049.0,39636.0,36661.0
5,2026,Medical Insurance,Individual Medical,Standard,Medical Insurance,Muscat HQ,Bancassurance,Agent-003,31262.0,23121.0,23485.0,15827.0,13995.0,1832.0,3826.0,1410.0,1746.0,1081.0,1739.0,8133.0,31400.0,31262.0,31795.0
5,2026,Engineering Insurance,Contractors All Risks,Construction Projects,Engineering Insurance,Salalah,Digital,Agent-014,28632.0,24771.0,22055.0,15794.0,11661.0,4134.0,3623.0,1198.0,1278.0,796.0,4345.0,9512.0,25831.0,28632.0,28300.0
5,2026,Engineering Insurance,Machinery Breakdown,Industrial,Engineering Insurance,Sohar,Broker,Agent-003,48817.0,42244.0,42698.0,36423.0,27929.0,8494.0,5855.0,1875.0,3526.0,1735.0,3229.0,19225.0,44491.0,48817.0,52429.0
5,2026,Liability Insurance,General Liability,Commercial,Liability Insurance,Sohar,Broker,Agent-007,39676.0,33581.0,29601.0,18527.0,11329.0,7198.0,4310.0,1079.0,1635.0,1251.0,7584.0,14066.0,39124.0,39676.0,42723.0
5,2026,Liability Insurance,General Liability,Commercial,Liability Insurance,Salalah,Broker,Agent-005,24194.0,18279.0,19013.0,15574.0,13508.0,2066.0,3001.0,903.0,836.0,1031.0,2113.0,3380.0,26531.0,24194.0,22366.0
5,2026,Liability Insurance,Professional Indemnity,Corporate,Liability Insurance,Sur,Bancassurance,Agent-012,57312.0,41816.0,37587.0,36893.0,30471.0,6422.0,4203.0,1328.0,3423.0,1207.0,9384.0,10466.0,61075.0,57312.0,58996.0
5,2026,Liability Insurance,Professional Indemnity,Corporate,Liability Insurance,Nizwa,Direct,Agent-013,57978.0,44353.0,41267.0,38316.0,34376.0,3940.0,5114.0,2420.0,2378.0,1303.0,5043.0,21507.0,58489.0,57978.0,57805.0
5,2026,Travel Insurance,Individual Travel,Standard,Travel Insurance,Salalah,Digital,Agent-010,59422.0,43403.0,39643.0,27469.0,24036.0,3434.0,7957.0,2793.0,2365.0,2085.0,3405.0,10219.0,60790.0,59422.0,58684.0
5,2026,Travel Insurance,Group Travel,Corporate,Travel Insurance,Sur,Digital,Agent-015,58578.0,41626.0,43516.0,35443.0,21803.0,13640.0,5235.0,1191.0,4096.0,1568.0,10189.0,11347.0,64309.0,58578.0,56426.0
5,2026,Life Insurance (Group),Group Life,Corporate,Life Insurance (Group),Nizwa,Direct,Agent-012,27352.0,22916.0,22212.0,18515.0,12876.0,5638.0,3753.0,1275.0,1886.0,553.0,1725.0,10922.0,28632.0,27352.0,27907.0
6,2026,Motor Insurance,Motor Third Party Cover,Individual Vehicle,Motor Insurance,Muscat HQ,Digital,Agent-012,37737.0,34418.0,34228.0,20528.0,12827.0,7701.0,5319.0,1530.0,1805.0,1869.0,3648.0,7969.0,41320.0,37737.0,38752.0
6,2026,Motor Insurance,Motor Third Party Cover,Individual Vehicle,Motor Insurance,Sohar,Direct,Agent-009,46797.0,42673.0,39492.0,26943.0,21271.0,5672.0,2385.0,554.0,2846.0,2051.0,5548.0,7353.0,45924.0,46797.0,48807.0
6,2026,Motor Insurance,Motor Third Party Cover,Fleet,Motor Insurance,Nizwa,Bancassurance,Agent-011,37795.0,32137.0,32808.0,16445.0,10645.0,5801.0,2120.0,1476.0,2836.0,1539.0,7425.0,11808.0,36196.0,37795.0,36317.0
6,2026,Motor Insurance,Motor Third Party Cover,Trade Plate,Motor Insurance,Sohar,Broker,Agent-005,37040.0,29786.0,26435.0,22358.0,19265.0,3094.0,4865.0,826.0,2700.0,1077.0,3546.0,12660.0,40517.0,37040.0,39602.0
6,2026,Motor Insurance,Motor Third Party Cover,Trade Plate,Motor Insurance,Muscat HQ,Bancassurance,Agent-015,43389.0,39118.0,36226.0,15466.0,11996.0,3470.0,2305.0,922.0,2727.0,1043.0,6807.0,12427.0,42779.0,43389.0,42502.0
6,2026,Motor Insurance,Motor Comprehensive Cover,Individual Vehicle,Motor Insurance,Salalah,Direct,Agent-014,37008.0,31407.0,32621.0,14790.0,10234.0,4556.0,5243.0,995.0,1614.0,1847.0,2418.0,10490.0,39140.0,37008.0,38706.0
6,2026,Motor Insurance,Motor Comprehensive Cover,Individual Vehicle,Motor Insurance,Sur,Bancassurance,Agent-002,54109.0,41088.0,36368.0,30033.0,19219.0,10813.0,7145.0,2537.0,2457.0,2582.0,9206.0,17226.0,59187.0,54109.0,52591.0
6,2026,Motor Insurance,Motor Extended Warranty Cover,Standard,Motor Insurance,Sohar,Bancassurance,Agent-004,39164.0,28617.0,28169.0,21151.0,16063.0,5088.0,4235.0,603.0,1567.0,996.0,7550.0,13001.0,39392.0,39164.0,40163.0
6,2026,Motor Insurance,Motor Extended Warranty Cover,Standard,Motor Insurance,Sur,Bancassurance,Agent-008,40002.0,33551.0,29047.0,27977.0,19098.0,8879.0,4292.0,1072.0,2686.0,1941.0,4470.0,4533.0,41294.0,40002.0,37629.0
6,2026,Property Insurance,Fire & Perils,Commercial,Property Insurance,Nizwa,Broker,Agent-006,44361.0,35922.0,32800.0,31740.0,22111.0,9628.0,3997.0,1699.0,3165.0,1352.0,6417.0,12743.0,42615.0,44361.0,41654.0
6,2026,Property Insurance,Fire & Perils,Residential,Property Insurance,Salalah,Digital,Agent-004,39797.0,29458.0,25345.0,21030.0,19084.0,1946.0,5063.0,904.0,1795.0,1975.0,5890.0,12164.0,36256.0,39797.0,37282.0
6,2026,Property Insurance,Property All Risks,Commercial,Property Insurance,Sur,Bancassurance,Agent-002,43186.0,37941.0,38644.0,30298.0,23044.0,7254.0,3277.0,2084.0,1893.0,1191.0,3492.0,11218.0,39793.0,43186.0,43674.0
6,2026,Property Insurance,Property All Risks,Commercial,Property Insurance,Sur,Broker,Agent-014,39002.0,35026.0,33346.0,27390.0,21754.0,5636.0,2758.0,1833.0,2149.0,1842.0,4250.0,7828.0,41076.0,39002.0,39840.0
6,2026,Marine Insurance,Marine Cargo,Import/Export,Marine Insurance,Sohar,Digital,Agent-012,42039.0,36713.0,29950.0,22804.0,15215.0,7588.0,3119.0,2068.0,1500.0,1796.0,6122.0,6664.0,45700.0,42039.0,40031.0
6,2026,Marine Insurance,Marine Cargo,Import/Export,Marine Insurance,Sur,Direct,Agent-008,47627.0,37146.0,37510.0,34998.0,26805.0,8193.0,5488.0,1171.0,2272.0,1624.0,3790.0,14613.0,44442.0,47627.0,43856.0
6,2026,Marine Insurance,Marine Hull,Commercial Vessels,Marine Insurance,Nizwa,Direct,Agent-008,41810.0,30701.0,26449.0,15042.0,12152.0,2890.0,3315.0,1610.0,2571.0,1305.0,2227.0,8197.0,40345.0,41810.0,40690.0
6,2026,Marine Insurance,Marine Hull,Commercial Vessels,Marine Insurance,Salalah,Broker,Agent-012,61720.0,57479.0,52712.0,34935.0,21607.0,13328.0,8073.0,2085.0,3330.0,1795.0,7194.0,19787.0,56545.0,61720.0,61787.0
6,2026,Medical Insurance,Group Medical,Corporate,Medical Insurance,Salalah,Bancassurance,Agent-001,39240.0,32138.0,29385.0,19390.0,15138.0,4252.0,3288.0,957.0,1561.0,1191.0,6740.0,6816.0,41761.0,39240.0,41508.0
6,2026,Medical Insurance,Group Medical,Corporate,Medical Insurance,Salalah,Direct,Agent-014,40169.0,36485.0,32524.0,18603.0,13255.0,5349.0,3708.0,514.0,1682.0,1583.0,4855.0,6998.0,43631.0,40169.0,38855.0
6,2026,Medical Insurance,Individual Medical,Standard,Medical Insurance,Nizwa,Broker,Agent-010,39710.0,28455.0,28846.0,27836.0,19803.0,8033.0,5064.0,1350.0,2870.0,1124.0,5620.0,4837.0,35814.0,39710.0,42091.0
6,2026,Engineering Insurance,Contractors All Risks,Construction Projects,Engineering Insurance,Muscat HQ,Broker,Agent-012,44847.0,35704.0,30162.0,26603.0,17875.0,8728.0,3411.0,1655.0,3496.0,1912.0,3077.0,8690.0,47505.0,44847.0,43233.0
6,2026,Engineering Insurance,Machinery Breakdown,Industrial,Engineering Insurance,Muscat HQ,Broker,Agent-001,31303.0,29226.0,26358.0,20050.0,13400.0,6650.0,3227.0,701.0,959.0,1037.0,2375.0,12132.0,33235.0,31303.0,32503.0
6,2026,Engineering Insurance,Machinery Breakdown,Industrial,Engineering Insurance,Salalah,Bancassurance,Agent-004,57484.0,48170.0,48306.0,24429.0,14696.0,9733.0,3596.0,1635.0,1778.0,1845.0,3833.0,7607.0,59929.0,57484.0,62079.0
6,2026,Liability Insurance,General Liability,Commercial,Liability Insurance,Salalah,Digital,Agent-008,41157.0,34015.0,32065.0,23402.0,21719.0,1683.0,2201.0,672.0,2021.0,1426.0,2761.0,15144.0,42621.0,41157.0,44003.0
6,2026,Liability Insurance,Professional Indemnity,Corporate,Liability Insurance,Sur,Digital,Agent-004,70083.0,55375.0,53400.0,51238.0,44444.0,6794.0,8476.0,1323.0,5015.0,2221.0,10065.0,21257.0,70297.0,70083.0,66333.0
6,2026,Travel Insurance,Individual Travel,Standard,Travel Insurance,Salalah,Bancassurance,Agent-008,45387.0,38805.0,32183.0,22153.0,20188.0,1964.0,4326.0,2078.0,2480.0,1151.0,7436.0,9351.0,49620.0,45387.0,43659.0
6,2026,Travel Insurance,Individual Travel,Standard,Travel Insurance,Muscat HQ,Bancassurance,Agent-010,36417.0,27158.0,26029.0,14395.0,12695.0,1700.0,2679.0,987.0,2287.0,1251.0,6076.0,11160.0,33725.0,36417.0,38010.0
6,2026,Travel Insurance,Group Travel,Corporate,Travel Insurance,Sur,Direct,Agent-007,53785.0,48637.0,50172.0,39020.0,32973.0,6047.0,3114.0,1490.0,2133.0,2201.0,3991.0,21152.0,50499.0,53785.0,49936.0
6,2026,Life Insurance (Group),Group Life,Corporate,Life Insurance (Group),Nizwa,Broker,Agent-011,40521.0,38183.0,33100.0,20807.0,14211.0,6596.0,4287.0,928.0,2414.0,1392.0,7672.0,12197.0,42001.0,40521.0,40433.0
7,2026,Motor Insurance,Motor Third Party Cover,Individual Vehicle,Motor Insurance,Sohar,Broker,Agent-008,60389.0,44272.0,39539.0,24288.0,16534.0,7753.0,6250.0,2512.0,2490.0,2642.0,3160.0,24102.0,60594.0,60389.0,60156.0
7,2026,Motor Insurance,Motor Third Party Cover,Individual Vehicle,Motor Insurance,Sohar,Bancassurance,Agent-012,65371.0,61741.0,62690.0,36017.0,32155.0,3863.0,4243.0,2038.0,3433.0,1945.0,12275.0,22864.0,70694.0,65371.0,66786.0
7,2026,Motor Insurance,Motor Third Party Cover,Fleet,Motor Insurance,Muscat HQ,Bancassurance,Agent-013,29538.0,20889.0,20984.0,18655.0,11771.0,6884.0,1911.0,830.0,1329.0,1359.0,2331.0,6650.0,28122.0,29538.0,27776.0
7,2026,Motor Insurance,Motor Third Party Cover,Fleet,Motor Insurance,Muscat HQ,Bancassurance,Agent-015,57463.0,53358.0,48093.0,25638.0,15619.0,10019.0,5718.0,666.0,1736.0,2192.0,4294.0,15396.0,58308.0,57463.0,59521.0
7,2026,Motor Insurance,Motor Third Party Cover,Trade Plate,Motor Insurance,Muscat HQ,Broker,Agent-014,57839.0,44970.0,36061.0,30943.0,26583.0,4360.0,7431.0,1115.0,2041.0,1479.0,11426.0,11199.0,57021.0,57839.0,53912.0
7,2026,Motor Insurance,Motor Comprehensive Cover,Individual Vehicle,Motor Insurance,Sur,Digital,Agent-002,73469.0,64529.0,59255.0,54180.0,49037.0,5143.0,7456.0,3499.0,5185.0,2281.0,12175.0,18496.0,74044.0,73469.0,73711.0
7,2026,Motor Insurance,Motor Extended Warranty Cover,Standard,Motor Insurance,Muscat HQ,Broker,Agent-010,46876.0,40177.0,41056.0,24792.0,16525.0,8267.0,3296.0,565.0,1642.0,1361.0,3065.0,16937.0,45582.0,46876.0,45889.0
7,2026,Property Insurance,Fire & Perils,Commercial,Property Insurance,Sohar,Digital,Agent-003,59554.0,47051.0,43261.0,28520.0,21336.0,7184.0,6436.0,1428.0,3169.0,2078.0,3197.0,8879.0,60047.0,59554.0,54815.0
7,2026,Property Insurance,Fire & Perils,Commercial,Property Insurance,Nizwa,Broker,Agent-015,56224.0,45680.0,43975.0,34981.0,32956.0,2025.0,5583.0,1123.0,2705.0,2680.0,8147.0,20200.0,58744.0,56224.0,60411.0
7,2026,Property Insurance,Fire & Perils,Residential,Property Insurance,Sur,Direct,Agent-012,63531.0,59387.0,55312.0,41113.0,32659.0,8454.0,8108.0,2576.0,4315.0,2087.0,10765.0,23058.0,65263.0,63531.0,63070.0
7,2026,Property Insurance,Fire & Perils,Residential,Property Insurance,Sur,Direct,Agent-009,17949.0,15167.0,14734.0,11224.0,7957.0,3268.0,1423.0,817.0,1379.0,575.0,3357.0,4330.0,16755.0,17949.0,18618.0
7,2026,Property Insurance,Property All Risks,Commercial,Property Insurance,Muscat HQ,Direct,Agent-009,47893.0,36714.0,33781.0,27839.0,22928.0,4910.0,4062.0,1221.0,2753.0,1858.0,9014.0,10425.0,51482.0,47893.0,51672.0
7,2026,Property Insurance,Property All Risks,Commercial,Property Insurance,Nizwa,Direct,Agent-004,48964.0,34928.0,29664.0,30380.0,26837.0,3543.0,2872.0,1202.0,2053.0,2397.0,7461.0,11883.0,52512.0,48964.0,49259.0
7,2026,Marine Insurance,Marine Cargo,Import/Export,Marine Insurance,Muscat HQ,Broker,Agent-001,36066.0,27088.0,27330.0,20311.0,14239.0,6072.0,4593.0,1121.0,1989.0,917.0,7187.0,10737.0,38625.0,36066.0,37565.0
7,2026,Marine Insurance,Marine Hull,Commercial Vessels,Marine Insurance,Nizwa,Broker,Agent-004,25675.0,24144.0,20820.0,12759.0,10118.0,2640.0,2574.0,930.0,1776.0,1097.0,4781.0,6187.0,25851.0,25675.0,27212.0
7,2026,Marine Insurance,Marine Hull,Commercial Vessels,Marine Insurance,Muscat HQ,Bancassurance,Agent-012,43192.0,38209.0,37135.0,19898.0,12844.0,7055.0,2343.0,1275.0,1714.0,1892.0,8315.0,14386.0,46230.0,43192.0,46584.0
7,2026,Medical Insurance,Group Medical,Corporate,Medical Insurance,Sohar,Direct,Agent-011,53834.0,43505.0,35158.0,32688.0,29881.0,2807.0,6423.0,1409.0,3276.0,2390.0,8863.0,13316.0,52345.0,53834.0,52946.0
7,2026,Medical Insurance,Group Medical,Corporate,Medical Insurance,Sur,Digital,Agent-005,63629.0,60143.0,54856.0,40937.0,35013.0,5924.0,8097.0,2645.0,2033.0,1794.0,5374.0,19698.0,65962.0,63629.0,61562.0
7,2026,Medical Insurance,Individual Medical,Standard,Medical Insurance,Salalah,Bancassurance,Agent-011,42038.0,37252.0,29911.0,29956.0,25229.0,4726.0,4568.0,819.0,2912.0,1941.0,5265.0,7892.0,41034.0,42038.0,41475.0
7,2026,Medical Insurance,Individual Medical,Standard,Medical Insurance,Sur,Direct,Agent-010,23801.0,21547.0,19735.0,14318.0,13341.0,977.0,2252.0,400.0,1368.0,831.0,3984.0,8522.0,24813.0,23801.0,25596.0
7,2026,Engineering Insurance,Contractors All Risks,Construction Projects,Engineering Insurance,Sohar,Bancassurance,Agent-012,55913.0,42389.0,34848.0,41436.0,29424.0,12012.0,4039.0,1361.0,2120.0,1178.0,5357.0,11259.0,59391.0,55913.0,55337.0
7,2026,Engineering Insurance,Machinery Breakdown,Industrial,Engineering Insurance,Sur,Broker,Agent-003,49912.0,41160.0,33998.0,18241.0,12138.0,6103.0,6634.0,1646.0,1847.0,1197.0,9170.0,12778.0,46637.0,49912.0,53080.0
7,2026,Engineering Insurance,Machinery Breakdown,Industrial,Engineering Insurance,Sohar,Digital,Agent-004,51195.0,40167.0,42174.0,33984.0,28015.0,5970.0,6079.0,2552.0,1563.0,1059.0,8588.0,8335.0,53091.0,51195.0,51222.0
7,2026,Liability Insurance,General Liability,Commercial,Liability Insurance,Nizwa,Digital,Agent-003,47653.0,35248.0,32093.0,18952.0,15627.0,3326.0,7110.0,1902.0,2867.0,1517.0,9445.0,17345.0,50709.0,47653.0,45595.0
7,2026,Liability Insurance,General Liability,Commercial,Liability Insurance,Sohar,Digital,Agent-001,46730.0,33665.0,34409.0,19817.0,13462.0,6355.0,6487.0,2258.0,1920.0,1347.0,7945.0,18275.0,48129.0,46730.0,46300.0
7,2026,Liability Insurance,Professional Indemnity,Corporate,Liability Insurance,Muscat HQ,Digital,Agent-014,63666.0,58211.0,56835.0,26199.0,22645.0,3555.0,7433.0,1311.0,3005.0,1874.0,12669.0,9876.0,67860.0,63666.0,63978.0
7,2026,Travel Insurance,Individual Travel,Standard,Travel Insurance,Sur,Bancassurance,Agent-002,56119.0,45085.0,39126.0,26813.0,22218.0,4596.0,4724.0,1537.0,1907.0,2420.0,3744.0,11286.0,57134.0,56119.0,56399.0
7,2026,Travel Insurance,Individual Travel,Standard,Travel Insurance,Nizwa,Bancassurance,Agent-011,30151.0,22102.0,21789.0,12405.0,11065.0,1340.0,4351.0,643.0,2052.0,999.0,2860.0,6915.0,31036.0,30151.0,32505.0
7,2026,Travel Insurance,Group Travel,Corporate,Travel Insurance,Salalah,Bancassurance,Agent-015,45444.0,38989.0,38612.0,28946.0,26917.0,2029.0,2760.0,1437.0,2024.0,2023.0,2695.0,6941.0,47917.0,45444.0,44387.0
7,2026,Life Insurance (Group),Group Life,Corporate,Life Insurance (Group),Sohar,Direct,Agent-001,42557.0,40166.0,39628.0,18244.0,16082.0,2162.0,4323.0,1766.0,2550.0,1141.0,7327.0,4282.0,45859.0,42557.0,44726.0
7,2026,Life Insurance (Group),Group Life,Corporate,Life Insurance (Group),Nizwa,Bancassurance,Agent-012,48973.0,36352.0,32481.0,24189.0,19572.0,4617.0,4591.0,2381.0,2149.0,1595.0,7596.0,8960.0,51166.0,48973.0,50609.0
8,2026,Motor Insurance,Motor Third Party Cover,Individual Vehicle,Motor Insurance,Nizwa,Bancassurance,Agent-005,74815.0,53405.0,49362.0,50517.0,30311.0,20206.0,7819.0,2723.0,2962.0,2396.0,12600.0,8978.0,69351.0,74815.0,78622.0
8,2026,Motor Insurance,Motor Third Party Cover,Individual Vehicle,Motor Insurance,Sohar,Broker,Agent-004,53761.0,48539.0,41764.0,38454.0,33514.0,4940.0,3123.0,1904.0,4088.0,2493.0,7634.0,8150.0,55699.0,53761.0,55190.0
8,2026,Motor Insurance,Motor Third Party Cover,Fleet,Motor Insurance,Sur,Broker,Agent-008,45393.0,35147.0,30360.0,20990.0,15982.0,5009.0,3318.0,1393.0,1798.0,1277.0,3084.0,9406.0,44540.0,45393.0,44694.0
8,2026,Motor Insurance,Motor Third Party Cover,Fleet,Motor Insurance,Muscat HQ,Digital,Agent-002,49890.0,35336.0,32126.0,19254.0,14666.0,4587.0,5564.0,2089.0,2869.0,1566.0,4474.0,19319.0,46880.0,49890.0,46238.0
8,2026,Motor Insurance,Motor Third Party Cover,Trade Plate,Motor Insurance,Salalah,Direct,Agent-007,50205.0,35192.0,34903.0,23607.0,14347.0,9260.0,4803.0,1354.0,2414.0,1988.0,7978.0,13443.0,45325.0,50205.0,46368.0
8,2026,Motor Insurance,Motor Third Party Cover,Trade Plate,Motor Insurance,Salalah,Direct,Agent-011,76286.0,57773.0,53229.0,33888.0,28150.0,5738.0,6616.0,3169.0,4585.0,2107.0,13064.0,28960.0,70489.0,76286.0,78357.0
8,2026,Motor Insurance,Motor Comprehensive Cover,Individual Vehicle,Motor Insurance,Muscat HQ,Direct,Agent-015,49879.0,38592.0,31647.0,24761.0,22418.0,2344.0,4262.0,1283.0,2164.0,1628.0,8461.0,17421.0,49091.0,49879.0,49056.0
8,2026,Motor Insurance,Motor Extended Warranty Cover,Standard,Motor Insurance,Salalah,Digital,Agent-009,58056.0,46878.0,38445.0,27949.0,25872.0,2076.0,3335.0,1139.0,2374.0,1571.0,11216.0,18146.0,62930.0,58056.0,61378.0
8,2026,Property Insurance,Fire & Perils,Commercial,Property Insurance,Sohar,Broker,Agent-001,51651.0,45218.0,42951.0,27353.0,22877.0,4476.0,3392.0,1656.0,2891.0,1862.0,6540.0,16791.0,54311.0,51651.0,50243.0
8,2026,Property Insurance,Fire & Perils,Residential,Property Insurance,Muscat HQ,Direct,Agent-010,47719.0,42538.0,42515.0,21436.0,19387.0,2049.0,4179.0,2000.0,2545.0,1975.0,4936.0,5783.0,45371.0,47719.0,49223.0
8,2026,Property Insurance,Property All Risks,Commercial,Property Insurance,Nizwa,Broker,Agent-015,46414.0,41309.0,41676.0,23906.0,18476.0,5430.0,2564.0,788.0,1523.0,1947.0,7889.0,6154.0,50328.0,46414.0,48935.0
8,2026,Marine Insurance,Marine Cargo,Import/Export,Marine Insurance,Sur,Digital,Agent-001,55204.0,51810.0,47185.0,22741.0,15237.0,7504.0,6537.0,2733.0,2885.0,2053.0,5246.0,19522.0,50955.0,55204.0,55931.0
8,2026,Marine Insurance,Marine Cargo,Import/Export,Marine Insurance,Sohar,Direct,Agent-001,48978.0,46215.0,42373.0,31359.0,28130.0,3228.0,3021.0,656.0,3157.0,1802.0,7440.0,13302.0,51196.0,48978.0,46274.0
8,2026,Marine Insurance,Marine Hull,Commercial Vessels,Marine Insurance,Sohar,Digital,Agent-003,44216.0,40141.0,36140.0,26124.0,18373.0,7751.0,4314.0,2106.0,1922.0,1930.0,2491.0,9001.0,45620.0,44216.0,46169.0
8,2026,Medical Insurance,Group Medical,Corporate,Medical Insurance,Muscat HQ,Direct,Agent-013,59897.0,47141.0,41999.0,35701.0,29625.0,6077.0,5358.0,1551.0,2326.0,1198.0,7141.0,20919.0,63090.0,59897.0,64631.0
8,2026,Medical Insurance,Group Medical,Corporate,Medical Insurance,Nizwa,Bancassurance,Agent-006,58849.0,50624.0,46596.0,35156.0,21411.0,13745.0,4503.0,960.0,2982.0,2754.0,4602.0,7138.0,62108.0,58849.0,62313.0
8,2026,Medical Insurance,Individual Medical,Standard,Medical Insurance,Sohar,Bancassurance,Agent-004,41753.0,37904.0,32118.0,29682.0,24639.0,5043.0,5170.0,563.0,3170.0,1497.0,4355.0,9172.0,40024.0,41753.0,39501.0
8,2026,Medical Insurance,Individual Medical,Standard,Medical Insurance,Nizwa,Digital,Agent-001,21019.0,18217.0,17913.0,12364.0,7921.0,4443.0,1958.0,771.0,1412.0,625.0,3978.0,7117.0,22497.0,21019.0,21579.0
8,2026,Engineering Insurance,Contractors All Risks,Construction Projects,Engineering Insurance,Salalah,Broker,Agent-015,29668.0,27377.0,28176.0,19241.0,12894.0,6347.0,3081.0,1028.0,2037.0,1034.0,3766.0,11828.0,29385.0,29668.0,27912.0
8,2026,Engineering Insurance,Contractors All Risks,Construction Projects,Engineering Insurance,Salalah,Broker,Agent-013,44082.0,41375.0,36336.0,21993.0,16779.0,5214.0,5237.0,1139.0,2259.0,1809.0,8718.0,8594.0,44835.0,44082.0,46159.0
8,2026,Engineering Insurance,Machinery Breakdown,Industrial,Engineering Insurance,Salalah,Broker,Agent-002,27535.0,19446.0,15718.0,18423.0,15406.0,3017.0,3562.0,1105.0,1351.0,1321.0,5003.0,5631.0,29039.0,27535.0,28944.0
8,2026,Engineering Insurance,Machinery Breakdown,Industrial,Engineering Insurance,Salalah,Broker,Agent-009,50550.0,47881.0,46875.0,33357.0,30661.0,2696.0,3552.0,2464.0,2826.0,2140.0,4940.0,10050.0,49130.0,50550.0,49321.0
8,2026,Liability Insurance,General Liability,Commercial,Liability Insurance,Nizwa,Direct,Agent-005,40572.0,28823.0,23178.0,23814.0,20120.0,3694.0,4496.0,1985.0,1681.0,1397.0,7603.0,11573.0,41198.0,40572.0,43382.0
8,2026,Liability Insurance,General Liability,Commercial,Liability Insurance,Muscat HQ,Direct,Agent-004,54205.0,49556.0,42542.0,28882.0,23241.0,5641.0,3464.0,2382.0,2761.0,2488.0,8890.0,10217.0,56553.0,54205.0,56293.0
8,2026,Liability Insurance,Professional Indemnity,Corporate,Liability Insurance,Sur,Bancassurance,Agent-012,32748.0,28979.0,25451.0,20922.0,17784.0,3138.0,2729.0,682.0,1689.0,1381.0,2588.0,11864.0,31145.0,32748.0,34528.0
8,2026,Travel Insurance,Individual Travel,Standard,Travel Insurance,Sohar,Bancassurance,Agent-015,40073.0,37810.0,30745.0,16416.0,10304.0,6112.0,4086.0,1688.0,1312.0,1738.0,4607.0,15325.0,39133.0,40073.0,43180.0
8,2026,Travel Insurance,Group Travel,Corporate,Travel Insurance,Nizwa,Bancassurance,Agent-004,25062.0,22578.0,20811.0,11868.0,9107.0,2760.0,3438.0,985.0,970.0,1132.0,2875.0,3129.0,23294.0,25062.0,23323.0
8,2026,Travel Insurance,Group Travel,Corporate,Travel Insurance,Muscat HQ,Broker,Agent-011,58454.0,46262.0,47036.0,35160.0,27079.0,8080.0,7209.0,762.0,4334.0,1481.0,3110.0,12200.0,53292.0,58454.0,55340.0
8,2026,Life Insurance (Group),Group Life,Corporate,Life Insurance (Group),Nizwa,Digital,Agent-012,47925.0,42020.0,43091.0,19738.0,17764.0,1974.0,5793.0,1560.0,2065.0,1617.0,3822.0,15111.0,49877.0,47925.0,45560.0
